I0,I1,I2,I3,I4,I5,I6,I7
6000.000000,1.000000,66.000000,0.000000,1.000000,6012.000000,40.000000,39.205322
6000.000000,1.000000,66.000000,0.000000,1.000000,6012.000000,40.000000,39.205322
6000.000000,1.000000,66.000000,0.000000,1.000000,6012.000000,40.000000,39.205322
6000.000000,1.000000,66.000000,0.000000,1.000000,6012.000000,40.000000,39.205322
6000.000000,1.000000,66.000000,0.000000,1.000000,6012.000000,40.000000,39.205322
6000.000000,1.000000,66.000000,0.000000,1.000000,6012.000000,40.000000,39.205322
6000.000000,1.000000,66.000000,0.000000,1.000000,6012.000000,40.000000,39.205322
6000.000000,1.000000,66.000000,0.000000,1.000000,6012.000000,40.000000,39.205322
6000.000000,1.000000,66.000000,0.000000,1.000000,6012.000000,40.000000,39.205322
6000.000000,1.000000,66.000000,0.000000,1.000000,6012.000000,40.000000,39.205322
6000.000000,1.000000,66.000000,0.000000,1.000000,6012.000000,40.000000,39.205322
6000.000000,1.000000,66.000000,0.000000,1.000000,6012.000000,40.000000,39.205322
6000.000000,1.000000,66.000000,0.000000,1.000000,6012.000000,40.000000,39.205322
6000.000000,1.000000,66.000000,0.000000,1.000000,6012.000000,40.000000,39.205322
6000.000000,1.000000,66.000000,0.000000,1.000000,6012.000000,40.000000,39.205322
6000.000000,1.000000,66.000000,0.000000,1.000000,6012.000000,40.000000,39.205322
6000.000000,1.000000,66.000000,0.000000,1.000000,6012.000000,40.000000,39.205322
6000.000000,1.000000,66.000000,0.000000,1.000000,6012.000000,40.000000,39.205322
6000.000000,1.000000,66.000000,0.000000,1.000000,6012.000000,40.000000,39.205322
6000.000000,1.000000,66.000000,0.000000,1.000000,6012.000000,40.000000,39.205322
6000.000000,1.000000,66.000000,0.000000,1.000000,6012.000000,40.000000,39.205322
6000.000000,1.000000,66.000000,0.000000,1.000000,6012.000000,40.000000,39.205322
6000.000000,1.000000,66.000000,0.000000,1.000000,6012.000000,40.000000,39.205322
6000.000000,1.000000,66.000000,0.000000,1.000000,6012.000000,40.000000,39.205322
6000.000000,1.000000,66.000000,0.000000,1.000000,6012.000000,40.000000,39.205322
6000.000000,1.000000,66.000000,0.000000,1.000000,6012.000000,40.000000,39.205322
6000.000000,1.000000,66.000000,0.000000,1.000000,6012.000000,40.000000,39.205322
6000.000000,1.000000,66.000000,0.000000,1.000000,6012.000000,40.000000,39.205322
6000.000000,1.000000,66.000000,0.000000,1.000000,6012.000000,40.000000,39.205322
6000.000000,1.000000,66.000000,0.000000,1.000000,6012.000000,40.000000,39.205322
6000.000000,1.000000,66.000000,0.000000,1.000000,6012.000000,40.000000,39.205322
6000.000000,1.000000,66.000000,0.000000,1.000000,6012.000000,40.000000,39.205322
6000.000000,1.000000,66.000000,0.000000,1.000000,6012.000000,40.000000,39.205322
6000.000000,1.000000,66.000000,0.000000,1.000000,6012.000000,40.000000,39.205322
6000.000000,1.000000,66.000000,0.000000,1.000000,6012.000000,40.000000,39.205322
6000.000000,1.000000,66.000000,0.000000,1.000000,6012.000000,40.000000,39.205322
6000.000000,1.000000,66.000000,0.000000,1.000000,6012.000000,40.000000,39.205322
6000.000000,1.000000,66.000000,0.000000,1.000000,6012.000000,40.000000,39.205322
6000.000000,1.000000,66.000000,0.000000,1.000000,6012.000000,40.000000,39.205322
6000.000000,1.000000,66.000000,0.000000,1.000000,6012.000000,40.000000,39.205322
6000.000000,1.000000,66.000000,0.000000,1.000000,6012.000000,40.000000,39.205322
6000.000000,1.000000,66.000000,0.000000,1.000000,6012.000000,40.000000,39.205322
6000.000000,1.000000,66.000000,0.000000,1.000000,6012.000000,40.000000,39.205322
6000.000000,1.000000,66.000000,0.000000,1.000000,6012.000000,40.000000,39.205322
6000.000000,1.000000,66.000000,0.000000,1.000000,6012.000000,40.000000,39.205322
6000.000000,1.000000,66.000000,0.000000,1.000000,6012.000000,40.000000,39.205322
6000.000000,1.000000,66.000000,0.000000,1.000000,6012.000000,40.000000,39.205322
6000.000000,1.000000,66.000000,0.000000,1.000000,6012.000000,40.000000,39.205322
6000.000000,1.000000,66.000000,0.000000,1.000000,6012.000000,40.000000,39.205322
6000.000000,1.000000,66.000000,0.000000,1.000000,6012.000000,40.000000,39.205322
6000.000000,1.000000,66.000000,0.000000,1.000000,6012.000000,40.000000,39.205322
6000.000000,1.000000,66.000000,0.000000,1.000000,6012.000000,40.000000,39.205322
6000.000000,1.000000,66.000000,0.000000,1.000000,6012.000000,40.000000,39.205322
6000.000000,1.000000,66.000000,0.000000,1.000000,6012.000000,40.000000,39.205322
6000.000000,1.000000,66.000000,0.000000,1.000000,6012.000000,40.000000,39.205322
6000.000000,1.000000,66.000000,0.000000,1.000000,6012.000000,40.000000,39.205322
6000.000000,1.000000,66.000000,0.000000,1.000000,6012.000000,40.000000,39.205322
6000.000000,1.000000,66.000000,0.000000,1.000000,6012.000000,40.000000,39.205322
6000.000000,1.000000,66.000000,0.000000,1.000000,6012.000000,40.000000,39.205322
6000.000000,1.000000,66.000000,0.000000,1.000000,6012.000000,40.000000,39.205322
6000.000000,1.000000,66.000000,0.000000,1.000000,6012.000000,40.000000,39.205322
6000.000000,1.000000,66.000000,0.000000,1.000000,6012.000000,40.000000,39.205322
6000.000000,1.000000,66.000000,0.000000,1.000000,6012.000000,40.000000,39.205322
6000.000000,1.000000,66.000000,0.000000,1.000000,6012.000000,40.000000,39.205322
6000.000000,1.000000,66.000000,0.000000,1.000000,6012.000000,40.000000,39.205322
6000.000000,1.000000,66.000000,0.000000,1.000000,6012.000000,40.000000,39.205322
6000.000000,1.000000,66.000000,0.000000,1.000000,6012.000000,40.000000,39.205322
6000.000000,1.000000,66.000000,0.000000,1.000000,6012.000000,40.000000,39.205322
6000.000000,1.000000,66.000000,0.000000,1.000000,6012.000000,40.000000,39.205322
6000.000000,1.000000,66.000000,0.000000,1.000000,6012.000000,40.000000,39.205322
6000.000000,1.000000,66.000000,0.000000,1.000000,6012.000000,40.000000,39.205322
6000.000000,1.000000,66.000000,0.000000,1.000000,6012.000000,40.000000,39.205322
6000.000000,1.000000,66.000000,0.000000,1.000000,6012.000000,40.000000,39.205322
6000.000000,1.000000,66.000000,0.000000,1.000000,6012.000000,40.000000,39.205322
6000.000000,1.000000,66.000000,0.000000,1.000000,6012.000000,40.000000,39.205322
6000.000000,1.000000,66.000000,0.000000,1.000000,6012.000000,40.000000,39.205322
6000.000000,1.000000,66.000000,0.000000,1.000000,6012.000000,40.000000,39.205322
6000.000000,1.000000,66.000000,0.000000,1.000000,6012.000000,40.000000,39.205322
6000.000000,1.000000,66.000000,0.000000,1.000000,6012.000000,40.000000,39.205322
6000.000000,1.000000,66.000000,0.000000,1.000000,6012.000000,40.000000,39.205322
6000.000000,1.000000,66.000000,0.000000,1.000000,6012.000000,40.000000,39.205322
6000.000000,1.000000,66.000000,0.000000,1.000000,6012.000000,40.000000,39.205322
6000.000000,1.000000,66.000000,0.000000,1.000000,6012.000000,40.000000,39.205322
6000.000000,1.000000,66.000000,0.000000,1.000000,6012.000000,40.000000,39.205322
6000.000000,1.000000,66.000000,0.000000,1.000000,6012.000000,40.000000,39.205322
6000.000000,1.000000,66.000000,0.000000,1.000000,6012.000000,40.000000,39.205322
6000.000000,1.000000,66.000000,0.000000,1.000000,6012.000000,40.000000,39.205322
6000.000000,1.000000,66.000000,0.000000,1.000000,6012.000000,40.000000,39.205322
6000.000000,1.000000,66.000000,0.000000,1.000000,6012.000000,40.000000,39.205322
6000.000000,1.000000,66.000000,0.000000,1.000000,6012.000000,40.000000,39.205322
6000.000000,1.000000,66.000000,0.000000,1.000000,6012.000000,40.000000,39.205322
6000.000000,1.000000,66.000000,0.000000,1.000000,6012.000000,40.000000,39.205322
6000.000000,1.000000,66.000000,0.000000,1.000000,6012.000000,40.000000,39.205322
6000.000000,1.000000,66.000000,0.000000,1.000000,6012.000000,40.000000,39.205322
6000.000000,1.000000,66.000000,0.000000,1.000000,6012.000000,40.000000,39.205322
6000.000000,1.000000,66.000000,0.000000,1.000000,6012.000000,40.000000,39.205322
6000.000000,1.000000,66.000000,0.000000,1.000000,6012.000000,40.000000,39.205322
6000.000000,1.000000,66.000000,0.000000,1.000000,6012.000000,40.000000,39.205322
6000.000000,1.000000,66.000000,0.000000,1.000000,6012.000000,40.000000,39.205322
6000.000000,1.000000,66.000000,0.000000,1.000000,6012.000000,40.000000,39.205322
6000.000000,1.000000,66.000000,0.000000,1.000000,6012.000000,40.000000,39.205322
6000.000000,1.000000,66.000000,0.000000,1.000000,6012.000000,40.000000,39.205322
6000.000000,1.000000,66.000000,0.000000,1.000000,6012.000000,40.000000,39.205322
6000.000000,1.000000,66.000000,0.000000,1.000000,6012.000000,40.000000,39.205322
6000.000000,1.000000,66.000000,0.000000,1.000000,6012.000000,40.000000,39.205322
6000.000000,1.000000,66.000000,0.000000,1.000000,6012.000000,40.000000,39.205322
6000.000000,1.000000,66.000000,0.000000,1.000000,6012.000000,40.000000,39.205322
6000.000000,1.000000,66.000000,0.000000,1.000000,6012.000000,40.000000,39.205322
6000.000000,1.000000,66.000000,0.000000,1.000000,6012.000000,40.000000,39.205322
6000.000000,1.000000,66.000000,0.000000,1.000000,6012.000000,40.000000,39.205322
6000.000000,1.000000,66.000000,0.000000,1.000000,6012.000000,40.000000,39.205322
6000.000000,1.000000,66.000000,0.000000,1.000000,6012.000000,40.000000,39.205322
6000.000000,1.000000,66.000000,0.000000,1.000000,6012.000000,40.000000,39.205322
6000.000000,1.000000,66.000000,0.000000,1.000000,6012.000000,40.000000,39.205322
6000.000000,1.000000,66.000000,0.000000,1.000000,6012.000000,40.000000,39.205322
6000.000000,1.000000,66.000000,0.000000,1.000000,6012.000000,40.000000,39.205322
6000.000000,1.000000,66.000000,0.000000,1.000000,6012.000000,40.000000,39.205322
6000.000000,1.000000,66.000000,0.000000,1.000000,6012.000000,40.000000,39.205322
6000.000000,1.000000,66.000000,0.000000,1.000000,6012.000000,40.000000,39.205322
6000.000000,1.000000,66.000000,0.000000,1.000000,6012.000000,40.000000,39.205322
6000.000000,1.000000,66.000000,0.000000,1.000000,6012.000000,40.000000,39.205322
6000.000000,1.000000,66.000000,0.000000,1.000000,6012.000000,40.000000,39.205322
6000.000000,1.000000,66.000000,0.000000,1.000000,6012.000000,40.000000,39.205322
6000.000000,1.000000,66.000000,0.000000,1.000000,6012.000000,40.000000,39.205322
6000.000000,1.000000,66.000000,0.000000,1.000000,6012.000000,40.000000,39.205322
6000.000000,1.000000,66.000000,0.000000,1.000000,6012.000000,40.000000,39.205322
6000.000000,1.000000,66.000000,0.000000,1.000000,6012.000000,40.000000,39.205322
6000.000000,1.000000,66.000000,0.000000,1.000000,6012.000000,40.000000,39.205322
6000.000000,1.000000,66.000000,0.000000,1.000000,6012.000000,40.000000,39.205322
6000.000000,1.000000,66.000000,0.000000,1.000000,6012.000000,40.000000,39.205322
6000.000000,1.000000,66.000000,0.000000,1.000000,6012.000000,40.000000,39.205322
6000.000000,1.000000,66.000000,0.000000,1.000000,6012.000000,40.000000,39.205322
6000.000000,1.000000,66.000000,0.000000,1.000000,6012.000000,40.000000,39.205322
6000.000000,1.000000,66.000000,0.000000,1.000000,6012.000000,40.000000,39.205322
6000.000000,1.000000,66.000000,0.000000,1.000000,6012.000000,40.000000,39.205322
6000.000000,1.000000,66.000000,0.000000,1.000000,6012.000000,40.000000,39.205322
6000.000000,1.000000,66.000000,0.000000,1.000000,6012.000000,40.000000,39.205322
6000.000000,1.000000,66.000000,0.000000,1.000000,6012.000000,40.000000,39.205322
6000.000000,1.000000,66.000000,0.000000,1.000000,6012.000000,40.000000,39.205322
6000.000000,1.000000,66.000000,0.000000,1.000000,6012.000000,40.000000,39.205322
6000.000000,1.000000,66.000000,0.000000,1.000000,6012.000000,40.000000,39.205322
6000.000000,1.000000,66.000000,0.000000,1.000000,6012.000000,40.000000,39.205322
6000.000000,1.000000,66.000000,0.000000,1.000000,6012.000000,40.000000,39.205322
6000.000000,1.000000,66.000000,0.000000,1.000000,6012.000000,40.000000,39.205322
6000.000000,1.000000,66.000000,0.000000,1.000000,6012.000000,40.000000,39.205322
6000.000000,1.000000,66.000000,0.000000,1.000000,6012.000000,40.000000,39.205322
6000.000000,1.000000,66.000000,0.000000,1.000000,6012.000000,40.000000,39.205322
6000.000000,1.000000,66.000000,0.000000,1.000000,6012.000000,40.000000,39.205322
6000.000000,1.000000,66.000000,0.000000,1.000000,6012.000000,40.000000,39.205322
6000.000000,1.000000,66.000000,0.000000,1.000000,6012.000000,40.000000,39.205322
6000.000000,1.000000,66.000000,0.000000,1.000000,6012.000000,40.000000,39.205322
6000.000000,1.000000,66.000000,0.000000,1.000000,6012.000000,40.000000,39.205322
6000.000000,1.000000,66.000000,0.000000,1.000000,6012.000000,40.000000,39.205322
6000.000000,1.000000,66.000000,0.000000,1.000000,6012.000000,40.000000,39.205322
6000.000000,1.000000,66.000000,0.000000,1.000000,6012.000000,40.000000,39.205322
6000.000000,1.000000,66.000000,0.000000,1.000000,6012.000000,40.000000,39.205322
6000.000000,1.000000,66.000000,0.000000,1.000000,6012.000000,40.000000,39.205322
6000.000000,1.000000,66.000000,0.000000,1.000000,6012.000000,40.000000,39.205322
6000.000000,1.000000,66.000000,0.000000,1.000000,6012.000000,40.000000,39.205322
6000.000000,1.000000,66.000000,0.000000,1.000000,6012.000000,40.000000,39.205322
6000.000000,1.000000,66.000000,0.000000,1.000000,6012.000000,40.000000,39.205322
6000.000000,1.000000,66.000000,0.000000,1.000000,6012.000000,40.000000,39.205322
6000.000000,1.000000,66.000000,0.000000,1.000000,6012.000000,40.000000,39.205322
6000.000000,1.000000,66.000000,0.000000,1.000000,6012.000000,40.000000,39.205322
6000.000000,1.000000,66.000000,0.000000,1.000000,6012.000000,40.000000,39.205322
6000.000000,1.000000,66.000000,0.000000,1.000000,6012.000000,40.000000,39.205322
6000.000000,1.000000,66.000000,0.000000,1.000000,6012.000000,40.000000,39.205322
6000.000000,1.000000,66.000000,0.000000,1.000000,6012.000000,40.000000,39.205322
6000.000000,1.000000,66.000000,0.000000,1.000000,6012.000000,40.000000,39.205322
6000.000000,1.000000,66.000000,0.000000,1.000000,6012.000000,40.000000,39.205322
6000.000000,1.000000,66.000000,0.000000,1.000000,6012.000000,40.000000,39.205322
6000.000000,1.000000,66.000000,0.000000,1.000000,6012.000000,40.000000,39.205322
6000.000000,1.000000,66.000000,0.000000,1.000000,6012.000000,40.000000,39.205322
6000.000000,1.000000,66.000000,0.000000,1.000000,6012.000000,40.000000,39.205322
6000.000000,1.000000,66.000000,0.000000,1.000000,6012.000000,40.000000,39.205322
6000.000000,1.000000,66.000000,0.000000,1.000000,6012.000000,40.000000,39.205322
6000.000000,1.000000,66.000000,0.000000,1.000000,6012.000000,40.000000,39.205322
6000.000000,1.000000,66.000000,0.000000,1.000000,6012.000000,40.000000,39.205322
6000.000000,1.000000,66.000000,0.000000,1.000000,6012.000000,40.000000,39.205322
6000.000000,1.000000,66.000000,0.000000,1.000000,6012.000000,40.000000,39.205322
6000.000000,1.000000,66.000000,0.000000,1.000000,6012.000000,40.000000,39.205322
6000.000000,1.000000,66.000000,0.000000,1.000000,6012.000000,40.000000,39.205322
6000.000000,1.000000,66.000000,0.000000,1.000000,6012.000000,40.000000,39.205322
6000.000000,1.000000,66.000000,0.000000,1.000000,6012.000000,40.000000,39.205322
6000.000000,1.000000,66.000000,0.000000,1.000000,6012.000000,40.000000,39.205322
6000.000000,1.000000,66.000000,0.000000,1.000000,6012.000000,40.000000,39.205322
6000.000000,1.000000,66.000000,0.000000,1.000000,6012.000000,40.000000,39.205322
6000.000000,1.000000,66.000000,0.000000,1.000000,6012.000000,40.000000,39.205322
6000.000000,1.000000,66.000000,0.000000,1.000000,6012.000000,40.000000,39.205322
6000.000000,1.000000,66.000000,0.000000,1.000000,6012.000000,40.000000,39.205322
6000.000000,1.000000,66.000000,0.000000,1.000000,6012.000000,40.000000,39.205322
6000.000000,1.000000,66.000000,0.000000,1.000000,6012.000000,40.000000,39.205322
6000.000000,1.000000,66.000000,0.000000,1.000000,6012.000000,40.000000,39.205322
6000.000000,1.000000,66.000000,0.000000,1.000000,6012.000000,40.000000,39.205322
6000.000000,1.000000,66.000000,0.000000,1.000000,6012.000000,40.000000,39.205322
6000.000000,1.000000,66.000000,0.000000,1.000000,6012.000000,40.000000,39.205322
6000.000000,1.000000,66.000000,0.000000,1.000000,6012.000000,40.000000,39.205322
6000.000000,1.000000,66.000000,0.000000,1.000000,6012.000000,40.000000,39.205322
6000.000000,1.000000,66.000000,0.000000,1.000000,6012.000000,40.000000,39.205322
6000.000000,1.000000,66.000000,0.000000,1.000000,6012.000000,40.000000,39.205322
6000.000000,1.000000,66.000000,0.000000,1.000000,6012.000000,40.000000,39.205322
6000.000000,1.000000,66.000000,0.000000,1.000000,6012.000000,40.000000,39.205322
6000.000000,1.000000,66.000000,0.000000,1.000000,6012.000000,40.000000,39.205322
6000.000000,1.000000,66.000000,0.000000,1.000000,6012.000000,40.000000,39.205322
6000.000000,1.000000,66.000000,0.000000,1.000000,6012.000000,40.000000,39.205322
6000.000000,1.000000,66.000000,0.000000,1.000000,6012.000000,40.000000,39.205322
6000.000000,1.000000,66.000000,0.000000,1.000000,6012.000000,40.000000,39.205322
6000.000000,1.000000,66.000000,0.000000,1.000000,6012.000000,40.000000,39.205322
6000.000000,1.000000,66.000000,0.000000,1.000000,6012.000000,40.000000,39.205322
6000.000000,1.000000,66.000000,0.000000,1.000000,6012.000000,40.000000,39.205322
6000.000000,1.000000,66.000000,0.000000,1.000000,6012.000000,40.000000,39.205322
6000.000000,1.000000,66.000000,0.000000,1.000000,6012.000000,40.000000,39.205322
6000.000000,1.000000,66.000000,0.000000,1.000000,6012.000000,40.000000,39.205322
6000.000000,1.000000,66.000000,0.000000,1.000000,6012.000000,40.000000,39.205322
6000.000000,1.000000,66.000000,0.000000,1.000000,6012.000000,40.000000,39.205322
6000.000000,1.000000,66.000000,0.000000,1.000000,6012.000000,40.000000,39.205322
6000.000000,1.000000,66.000000,0.000000,1.000000,6012.000000,40.000000,39.205322
6000.000000,1.000000,66.000000,0.000000,1.000000,6012.000000,40.000000,39.205322
6000.000000,1.000000,66.000000,0.000000,1.000000,6012.000000,40.000000,39.205322
6000.000000,1.000000,66.000000,0.000000,1.000000,6012.000000,40.000000,39.205322
6000.000000,1.000000,66.000000,0.000000,1.000000,6012.000000,40.000000,39.205322
6000.000000,1.000000,66.000000,0.000000,1.000000,6012.000000,40.000000,39.205322
6000.000000,1.000000,66.000000,0.000000,1.000000,6012.000000,40.000000,39.205322
6000.000000,1.000000,66.000000,0.000000,1.000000,6012.000000,40.000000,39.205322
6000.000000,1.000000,66.000000,0.000000,1.000000,6012.000000,40.000000,39.205322
6000.000000,1.000000,66.000000,0.000000,1.000000,6012.000000,40.000000,39.205322
6000.000000,1.000000,66.000000,0.000000,1.000000,6012.000000,40.000000,39.205322
6000.000000,1.000000,66.000000,0.000000,1.000000,6012.000000,40.000000,39.205322
6000.000000,1.000000,66.000000,0.000000,1.000000,6012.000000,40.000000,39.205322
6000.000000,1.000000,66.000000,0.000000,1.000000,6012.000000,40.000000,39.205322
6000.000000,1.000000,66.000000,0.000000,1.000000,6012.000000,40.000000,39.205322
6000.000000,1.000000,66.000000,0.000000,1.000000,6012.000000,40.000000,39.205322
6000.000000,1.000000,66.000000,0.000000,1.000000,6012.000000,40.000000,39.205322
6000.000000,1.000000,66.000000,0.000000,1.000000,6012.000000,40.000000,39.205322
6000.000000,1.000000,66.000000,0.000000,1.000000,6012.000000,40.000000,39.205322
6000.000000,1.000000,66.000000,0.000000,1.000000,6012.000000,40.000000,39.205322
6000.000000,1.000000,66.000000,0.000000,1.000000,6012.000000,40.000000,39.205322
6000.000000,1.000000,66.000000,0.000000,1.000000,6012.000000,40.000000,39.205322
6000.000000,1.000000,66.000000,0.000000,1.000000,6012.000000,40.000000,39.205322
6000.000000,1.000000,66.000000,0.000000,1.000000,6012.000000,40.000000,39.205322
6000.000000,1.000000,66.000000,0.000000,1.000000,6012.000000,40.000000,39.205322
6000.000000,1.000000,66.000000,0.000000,1.000000,6012.000000,40.000000,39.205322
6000.000000,1.000000,66.000000,0.000000,1.000000,6012.000000,40.000000,39.205322
6000.000000,1.000000,66.000000,0.000000,1.000000,6012.000000,40.000000,39.205322
6000.000000,1.000000,66.000000,0.000000,1.000000,6012.000000,40.000000,39.205322
6000.000000,1.000000,66.000000,0.000000,1.000000,6012.000000,40.000000,39.205322
6000.000000,1.000000,66.000000,0.000000,1.000000,6012.000000,40.000000,39.205322
6000.000000,1.000000,66.000000,0.000000,1.000000,6012.000000,40.000000,39.205322
6000.000000,1.000000,66.000000,0.000000,1.000000,6012.000000,40.000000,39.205322
6000.000000,1.000000,66.000000,1.000000,0.000000,899.000000,0.000000,0.000000
6000.000000,1.000000,66.000000,1.000000,0.000000,2513.000000,0.000000,0.000000
6000.000000,1.000000,66.000000,1.000000,0.000000,4151.000000,0.000000,0.000000
6000.000000,1.000000,66.000000,1.000000,0.000000,5629.000000,0.000000,0.000000
6000.000000,1.000000,66.000000,1.000000,0.000000,5901.000000,0.000000,0.000000
6000.000000,1.000000,66.000000,1.000000,0.000000,6007.000000,0.000000,0.000000
6000.000000,1.000000,66.000000,1.000000,0.000000,6028.000000,0.000000,0.000000
6000.000000,1.000000,66.000000,1.000000,0.000000,6028.000000,0.000000,0.000000
6000.000000,1.000000,66.000000,1.000000,0.000000,6033.000000,0.000000,0.000000
6000.000000,1.000000,66.000000,1.000000,0.000000,6026.000000,0.000000,0.000000
6000.000000,1.000000,66.000000,1.000000,0.000000,6020.000000,0.000000,0.000000
6000.000000,1.000000,66.000000,1.000000,0.000000,6014.000000,0.000000,0.000000
6000.000000,1.000000,66.000000,1.000000,0.000000,6007.000000,0.000000,0.000000
6000.000000,1.000000,66.000000,1.000000,0.000000,6010.000000,0.000000,0.000000
6000.000000,1.000000,66.000000,1.000000,0.000000,6014.000000,0.000000,0.000000
6000.000000,1.000000,66.000000,1.000000,0.000000,6020.000000,0.000000,0.000000
6000.000000,1.000000,66.000000,1.000000,0.000000,6020.000000,0.000000,0.000000
6000.000000,1.000000,66.000000,1.000000,0.000000,6020.000000,0.000000,0.000000
6000.000000,1.000000,66.000000,1.000000,0.000000,6020.000000,0.000000,0.000000
6000.000000,1.000000,66.000000,1.000000,0.000000,6022.000000,0.000000,0.000000
6000.000000,1.000000,66.000000,1.000000,0.000000,6018.000000,0.000000,0.000000
6000.000000,1.000000,66.000000,1.000000,0.000000,6018.000000,0.000000,0.000000
6000.000000,1.000000,66.000000,1.000000,0.000000,6026.000000,0.000000,0.000000
6000.000000,1.000000,66.000000,1.000000,0.000000,6026.000000,0.000000,0.000000
6000.000000,1.000000,66.000000,1.000000,0.000000,6033.000000,0.000000,0.000000
6000.000000,1.000000,66.000000,1.000000,0.000000,6045.000000,0.000000,0.000000
6000.000000,1.000000,66.000000,1.000000,0.000000,6033.000000,0.000000,0.000000
6000.000000,1.000000,66.000000,1.000000,0.000000,6022.000000,0.000000,0.000000
6000.000000,1.000000,66.000000,1.000000,0.000000,6018.000000,0.000000,0.000000
6000.000000,1.000000,66.000000,1.000000,0.000000,6005.000000,0.000000,0.000000
6000.000000,1.000000,66.000000,1.000000,0.000000,6018.000000,0.000000,0.003662
6000.000000,1.000000,66.000000,1.000000,0.000000,5991.000000,0.000000,0.002441
6000.000000,1.000000,66.000000,1.000000,0.000000,5995.000000,0.000000,0.001221
6000.000000,1.000000,66.000000,1.000000,0.000000,5999.000000,40.000000,0.174561
6000.000000,1.000000,66.000000,1.000000,0.000000,6005.000000,40.000000,3.995361
6000.000000,1.000000,66.000000,1.000000,0.000000,6010.000000,40.000000,7.551270
6000.000000,1.000000,66.000000,1.000000,0.000000,6016.000000,40.000000,11.513672
6000.000000,1.000000,66.000000,1.000000,0.000000,6020.000000,40.000000,15.361328
6000.000000,1.000000,66.000000,1.000000,0.000000,6024.000000,40.000000,19.387207
6000.000000,1.000000,66.000000,1.000000,0.000000,6028.000000,40.000000,23.084717
6000.000000,1.000000,66.000000,1.000000,0.000000,6012.000000,0.000000,0.000000
6000.000000,1.000000,66.000000,1.000000,0.000000,6035.000000,0.000000,0.000000
6000.000000,1.000000,66.000000,1.000000,0.000000,6035.000000,0.000000,0.000000
6000.000000,1.000000,66.000000,1.000000,0.000000,5966.000000,0.000000,0.000000
6000.000000,1.000000,66.000000,1.000000,0.000000,5966.000000,0.000000,0.000000
6000.000000,1.000000,66.000000,1.000000,0.000000,5963.000000,0.000000,0.000000
6000.000000,1.000000,66.000000,1.000000,0.000000,5966.000000,0.000000,-0.004883
6000.000000,1.000000,66.000000,1.000000,0.000000,5963.000000,0.000000,-0.004883
6000.000000,1.000000,66.000000,1.000000,0.000000,5970.000000,0.000000,0.000000
6000.000000,1.000000,66.000000,1.000000,0.000000,5966.000000,0.000000,0.000000
6000.000000,1.000000,66.000000,1.000000,0.000000,5968.000000,0.000000,0.000000
6000.000000,1.000000,66.000000,1.000000,0.000000,5982.000000,0.000000,0.000000
6000.000000,1.000000,66.000000,1.000000,0.000000,5972.000000,0.000000,0.000000
6000.000000,1.000000,66.000000,1.000000,0.000000,5980.000000,0.000000,0.002441
6000.000000,1.000000,66.000000,1.000000,0.000000,5978.000000,0.000000,0.003662
6000.000000,1.000000,66.000000,1.000000,0.000000,5984.000000,0.000000,0.004883
6000.000000,1.000000,66.000000,1.000000,0.000000,5989.000000,40.000000,0.002441
6000.000000,1.000000,66.000000,1.000000,0.000000,5997.000000,40.000000,2.362061
6000.000000,1.000000,66.000000,1.000000,0.000000,6001.000000,40.000000,6.107178
6000.000000,1.000000,66.000000,1.000000,0.000000,5938.000000,40.000000,9.722900
6000.000000,1.000000,66.000000,1.000000,0.000000,5961.000000,40.000000,13.464355
6000.000000,1.000000,66.000000,1.000000,0.000000,6001.000000,40.000000,17.392578
6000.000000,1.000000,66.000000,1.000000,0.000000,6010.000000,40.000000,21.206055
6000.000000,1.000000,66.000000,1.000000,0.000000,6010.000000,40.000000,25.013428
6000.000000,1.000000,66.000000,1.000000,0.000000,6003.000000,40.000000,28.824463
6000.000000,1.000000,66.000000,1.000000,0.000000,5999.000000,40.000000,32.700195
6000.000000,1.000000,66.000000,1.000000,0.000000,5997.000000,40.000000,36.561279
6000.000000,1.000000,66.000000,1.000000,0.000000,5993.000000,40.000000,38.748779
6000.000000,1.000000,66.000000,0.000000,1.000000,5949.000000,40.000000,39.208984
6000.000000,1.000000,66.000000,0.000000,1.000000,5949.000000,40.000000,39.208984
6000.000000,1.000000,66.000000,0.000000,1.000000,5949.000000,40.000000,39.208984
6000.000000,1.000000,66.000000,0.000000,1.000000,5949.000000,40.000000,39.208984
6000.000000,1.000000,66.000000,0.000000,1.000000,5949.000000,40.000000,39.208984
6000.000000,1.000000,66.000000,0.000000,1.000000,5949.000000,40.000000,39.208984
6000.000000,1.000000,66.000000,0.000000,1.000000,5949.000000,40.000000,39.208984
6000.000000,1.000000,66.000000,0.000000,1.000000,5949.000000,40.000000,39.208984
6000.000000,1.000000,66.000000,0.000000,1.000000,5949.000000,40.000000,39.208984
6000.000000,1.000000,66.000000,0.000000,1.000000,5949.000000,40.000000,39.208984
6000.000000,1.000000,66.000000,0.000000,1.000000,5949.000000,40.000000,39.208984
6000.000000,1.000000,66.000000,0.000000,1.000000,5949.000000,40.000000,39.208984
6000.000000,1.000000,66.000000,0.000000,1.000000,5949.000000,40.000000,39.208984
6000.000000,1.000000,66.000000,0.000000,1.000000,5949.000000,40.000000,39.208984
6000.000000,1.000000,66.000000,0.000000,1.000000,5949.000000,40.000000,39.208984
6000.000000,1.000000,66.000000,0.000000,1.000000,5949.000000,40.000000,39.208984
6000.000000,1.000000,66.000000,0.000000,1.000000,5949.000000,40.000000,39.208984
6000.000000,1.000000,66.000000,0.000000,1.000000,5949.000000,40.000000,39.208984
6000.000000,1.000000,66.000000,0.000000,1.000000,5949.000000,40.000000,39.208984
6000.000000,1.000000,66.000000,0.000000,1.000000,5949.000000,40.000000,39.208984
6000.000000,1.000000,66.000000,0.000000,1.000000,5949.000000,40.000000,39.208984
6000.000000,1.000000,66.000000,0.000000,1.000000,5949.000000,40.000000,39.208984
6000.000000,1.000000,66.000000,0.000000,1.000000,5949.000000,40.000000,39.208984
6000.000000,1.000000,66.000000,0.000000,1.000000,5949.000000,40.000000,39.208984
6000.000000,1.000000,66.000000,0.000000,1.000000,5949.000000,40.000000,39.208984
6000.000000,1.000000,66.000000,0.000000,1.000000,5949.000000,40.000000,39.208984
6000.000000,1.000000,66.000000,0.000000,1.000000,5949.000000,40.000000,39.208984
6000.000000,1.000000,66.000000,0.000000,1.000000,5949.000000,40.000000,39.208984
6000.000000,1.000000,66.000000,0.000000,1.000000,5949.000000,40.000000,39.208984
6000.000000,1.000000,66.000000,0.000000,1.000000,5949.000000,40.000000,39.208984
6000.000000,1.000000,66.000000,0.000000,1.000000,5949.000000,40.000000,39.208984
6000.000000,1.000000,66.000000,0.000000,1.000000,5949.000000,40.000000,39.208984
6000.000000,1.000000,66.000000,0.000000,1.000000,5949.000000,40.000000,39.208984
6000.000000,1.000000,66.000000,0.000000,1.000000,5949.000000,40.000000,39.208984
6000.000000,1.000000,66.000000,0.000000,1.000000,5949.000000,40.000000,39.208984
6000.000000,1.000000,66.000000,0.000000,1.000000,5949.000000,40.000000,39.208984
6000.000000,1.000000,66.000000,0.000000,1.000000,5949.000000,40.000000,39.208984
6000.000000,1.000000,66.000000,0.000000,1.000000,5949.000000,40.000000,39.208984
6000.000000,1.000000,66.000000,0.000000,1.000000,5949.000000,40.000000,39.208984
6000.000000,1.000000,66.000000,0.000000,1.000000,5949.000000,40.000000,39.208984
6000.000000,1.000000,66.000000,0.000000,1.000000,5949.000000,40.000000,39.208984
6000.000000,1.000000,66.000000,0.000000,1.000000,5949.000000,40.000000,39.208984
6000.000000,1.000000,66.000000,0.000000,1.000000,5949.000000,40.000000,39.208984
6000.000000,1.000000,66.000000,0.000000,1.000000,5949.000000,40.000000,39.208984
6000.000000,1.000000,66.000000,0.000000,1.000000,5949.000000,40.000000,39.208984
6000.000000,1.000000,66.000000,0.000000,1.000000,5949.000000,40.000000,39.208984
6000.000000,1.000000,66.000000,0.000000,1.000000,5949.000000,40.000000,39.208984
6000.000000,1.000000,66.000000,0.000000,1.000000,5949.000000,40.000000,39.208984
6000.000000,1.000000,66.000000,0.000000,1.000000,5949.000000,40.000000,39.208984
6000.000000,1.000000,66.000000,0.000000,1.000000,5949.000000,40.000000,39.208984
6000.000000,1.000000,66.000000,0.000000,1.000000,5949.000000,40.000000,39.208984
6000.000000,1.000000,66.000000,0.000000,1.000000,5949.000000,40.000000,39.208984
6000.000000,1.000000,66.000000,0.000000,1.000000,5949.000000,40.000000,39.208984
6000.000000,1.000000,66.000000,0.000000,1.000000,5949.000000,40.000000,39.208984
6000.000000,1.000000,66.000000,0.000000,1.000000,5949.000000,40.000000,39.208984
6000.000000,1.000000,66.000000,0.000000,1.000000,5949.000000,40.000000,39.208984
6000.000000,1.000000,66.000000,0.000000,1.000000,5949.000000,40.000000,39.208984
6000.000000,1.000000,66.000000,0.000000,1.000000,5949.000000,40.000000,39.208984
6000.000000,1.000000,66.000000,0.000000,1.000000,5949.000000,40.000000,39.208984
6000.000000,1.000000,66.000000,0.000000,1.000000,5949.000000,40.000000,39.208984
6000.000000,1.000000,66.000000,0.000000,1.000000,5949.000000,40.000000,39.208984
6000.000000,1.000000,66.000000,0.000000,1.000000,5949.000000,40.000000,39.208984
6000.000000,1.000000,66.000000,0.000000,1.000000,5949.000000,40.000000,39.208984
6000.000000,1.000000,66.000000,0.000000,1.000000,5949.000000,40.000000,39.208984
6000.000000,1.000000,66.000000,0.000000,1.000000,5949.000000,40.000000,39.208984
6000.000000,1.000000,66.000000,0.000000,1.000000,5949.000000,40.000000,39.208984
6000.000000,1.000000,66.000000,0.000000,1.000000,5949.000000,40.000000,39.208984
6000.000000,1.000000,66.000000,0.000000,1.000000,5949.000000,40.000000,39.208984
6000.000000,1.000000,66.000000,0.000000,1.000000,5949.000000,40.000000,39.208984
6000.000000,1.000000,66.000000,0.000000,1.000000,5949.000000,40.000000,39.208984
6000.000000,1.000000,66.000000,0.000000,1.000000,5949.000000,40.000000,39.208984
6000.000000,1.000000,66.000000,0.000000,1.000000,5949.000000,40.000000,39.208984
6000.000000,1.000000,66.000000,0.000000,1.000000,5949.000000,40.000000,39.208984
6000.000000,1.000000,66.000000,0.000000,1.000000,5949.000000,40.000000,39.208984
6000.000000,1.000000,66.000000,0.000000,1.000000,5949.000000,40.000000,39.208984
6000.000000,1.000000,66.000000,0.000000,1.000000,5949.000000,40.000000,39.208984
6000.000000,1.000000,66.000000,0.000000,1.000000,5949.000000,40.000000,39.208984
6000.000000,1.000000,66.000000,0.000000,1.000000,5949.000000,40.000000,39.208984
6000.000000,1.000000,66.000000,0.000000,1.000000,5949.000000,40.000000,39.208984
6000.000000,1.000000,66.000000,0.000000,1.000000,5949.000000,40.000000,39.208984
6000.000000,1.000000,66.000000,0.000000,1.000000,5949.000000,40.000000,39.208984
6000.000000,1.000000,66.000000,0.000000,1.000000,5949.000000,40.000000,39.208984
6000.000000,1.000000,66.000000,0.000000,1.000000,5949.000000,40.000000,39.208984
6000.000000,1.000000,66.000000,0.000000,1.000000,5949.000000,40.000000,39.208984
6000.000000,1.000000,66.000000,0.000000,1.000000,5949.000000,40.000000,39.208984
6000.000000,1.000000,66.000000,0.000000,1.000000,5949.000000,40.000000,39.208984
6000.000000,1.000000,66.000000,0.000000,1.000000,5949.000000,40.000000,39.208984
6000.000000,1.000000,66.000000,0.000000,1.000000,5949.000000,40.000000,39.208984
6000.000000,1.000000,66.000000,0.000000,1.000000,5949.000000,40.000000,39.208984
6000.000000,1.000000,66.000000,0.000000,1.000000,5949.000000,40.000000,39.208984
6000.000000,1.000000,66.000000,0.000000,1.000000,5949.000000,40.000000,39.208984
6000.000000,1.000000,66.000000,0.000000,1.000000,5949.000000,40.000000,39.208984
6000.000000,1.000000,66.000000,0.000000,1.000000,5949.000000,40.000000,39.208984
6000.000000,1.000000,66.000000,0.000000,1.000000,5949.000000,40.000000,39.208984
6000.000000,1.000000,66.000000,0.000000,1.000000,5949.000000,40.000000,39.208984
6000.000000,1.000000,66.000000,0.000000,1.000000,5949.000000,40.000000,39.208984
6000.000000,1.000000,66.000000,0.000000,1.000000,5949.000000,40.000000,39.208984
6000.000000,1.000000,66.000000,0.000000,1.000000,5949.000000,40.000000,39.208984
6000.000000,1.000000,66.000000,0.000000,1.000000,5949.000000,40.000000,39.208984
6000.000000,1.000000,66.000000,0.000000,1.000000,5949.000000,40.000000,39.208984
6000.000000,1.000000,66.000000,0.000000,1.000000,5949.000000,40.000000,39.208984
6000.000000,1.000000,66.000000,0.000000,1.000000,5949.000000,40.000000,39.208984
6000.000000,1.000000,66.000000,0.000000,1.000000,5949.000000,40.000000,39.208984
6000.000000,1.000000,66.000000,0.000000,1.000000,5949.000000,40.000000,39.208984
6000.000000,1.000000,66.000000,0.000000,1.000000,5949.000000,40.000000,39.208984
6000.000000,1.000000,66.000000,0.000000,1.000000,5949.000000,40.000000,39.208984
6000.000000,1.000000,66.000000,0.000000,1.000000,5949.000000,40.000000,39.208984
6000.000000,1.000000,66.000000,0.000000,1.000000,5949.000000,40.000000,39.208984
6000.000000,1.000000,66.000000,0.000000,1.000000,5949.000000,40.000000,39.208984
6000.000000,1.000000,66.000000,0.000000,1.000000,5949.000000,40.000000,39.208984
6000.000000,1.000000,66.000000,0.000000,1.000000,5949.000000,40.000000,39.208984
6000.000000,1.000000,66.000000,0.000000,1.000000,5949.000000,40.000000,39.208984
6000.000000,1.000000,66.000000,0.000000,1.000000,5949.000000,40.000000,39.208984
6000.000000,1.000000,66.000000,0.000000,1.000000,5949.000000,40.000000,39.208984
6000.000000,1.000000,66.000000,0.000000,1.000000,5949.000000,40.000000,39.208984
6000.000000,1.000000,66.000000,0.000000,1.000000,5949.000000,40.000000,39.208984
6000.000000,1.000000,66.000000,0.000000,1.000000,5949.000000,40.000000,39.208984
6000.000000,1.000000,66.000000,0.000000,1.000000,5949.000000,40.000000,39.208984
6000.000000,1.000000,66.000000,0.000000,1.000000,5949.000000,40.000000,39.208984
6000.000000,1.000000,66.000000,0.000000,1.000000,5949.000000,40.000000,39.208984
6000.000000,1.000000,66.000000,0.000000,1.000000,5949.000000,40.000000,39.208984
6000.000000,1.000000,66.000000,0.000000,1.000000,5949.000000,40.000000,39.208984
6000.000000,1.000000,66.000000,0.000000,1.000000,5949.000000,40.000000,39.208984
6000.000000,1.000000,66.000000,0.000000,1.000000,5949.000000,40.000000,39.208984
6000.000000,1.000000,66.000000,0.000000,1.000000,5949.000000,40.000000,39.208984
6000.000000,1.000000,66.000000,0.000000,1.000000,5949.000000,40.000000,39.208984
6000.000000,1.000000,66.000000,0.000000,1.000000,5949.000000,40.000000,39.208984
6000.000000,1.000000,66.000000,0.000000,1.000000,5949.000000,40.000000,39.208984
6000.000000,1.000000,66.000000,0.000000,1.000000,5949.000000,40.000000,39.208984
6000.000000,1.000000,66.000000,0.000000,1.000000,5949.000000,40.000000,39.208984
6000.000000,1.000000,66.000000,0.000000,1.000000,5949.000000,40.000000,39.208984
6000.000000,1.000000,66.000000,0.000000,1.000000,5949.000000,40.000000,39.208984
6000.000000,1.000000,66.000000,0.000000,1.000000,5949.000000,40.000000,39.208984
6000.000000,1.000000,66.000000,0.000000,1.000000,5949.000000,40.000000,39.208984
6000.000000,1.000000,66.000000,0.000000,1.000000,5949.000000,40.000000,39.208984
6000.000000,1.000000,66.000000,0.000000,1.000000,5949.000000,40.000000,39.208984
6000.000000,1.000000,66.000000,0.000000,1.000000,5949.000000,40.000000,39.208984
6000.000000,1.000000,66.000000,0.000000,1.000000,5949.000000,40.000000,39.208984
6000.000000,1.000000,66.000000,0.000000,1.000000,5949.000000,40.000000,39.208984
6000.000000,1.000000,66.000000,0.000000,1.000000,5949.000000,40.000000,39.208984
6000.000000,1.000000,66.000000,0.000000,1.000000,5949.000000,40.000000,39.208984
6000.000000,1.000000,66.000000,0.000000,1.000000,5949.000000,40.000000,39.208984
6000.000000,1.000000,66.000000,0.000000,1.000000,5949.000000,40.000000,39.208984
6000.000000,1.000000,66.000000,0.000000,1.000000,5949.000000,40.000000,39.208984
6000.000000,1.000000,66.000000,0.000000,1.000000,5949.000000,40.000000,39.208984
6000.000000,1.000000,66.000000,0.000000,1.000000,5949.000000,40.000000,39.208984
6000.000000,1.000000,66.000000,0.000000,1.000000,5949.000000,40.000000,39.208984
6000.000000,1.000000,66.000000,0.000000,1.000000,5949.000000,40.000000,39.208984
6000.000000,1.000000,66.000000,0.000000,1.000000,5949.000000,40.000000,39.208984
6000.000000,1.000000,66.000000,0.000000,1.000000,5949.000000,40.000000,39.208984
6000.000000,1.000000,66.000000,0.000000,1.000000,5949.000000,40.000000,39.208984
6000.000000,1.000000,66.000000,0.000000,1.000000,5949.000000,40.000000,39.208984
6000.000000,1.000000,66.000000,0.000000,1.000000,5949.000000,40.000000,39.208984
6000.000000,1.000000,66.000000,0.000000,1.000000,5949.000000,40.000000,39.208984
6000.000000,1.000000,66.000000,0.000000,1.000000,5949.000000,40.000000,39.208984
6000.000000,1.000000,66.000000,0.000000,1.000000,5949.000000,40.000000,39.208984
6000.000000,1.000000,66.000000,0.000000,1.000000,5949.000000,40.000000,39.208984
6000.000000,1.000000,66.000000,0.000000,1.000000,5949.000000,40.000000,39.208984
6000.000000,1.000000,66.000000,0.000000,1.000000,5949.000000,40.000000,39.208984
6000.000000,1.000000,66.000000,0.000000,1.000000,5949.000000,40.000000,39.208984
6000.000000,1.000000,66.000000,0.000000,1.000000,5949.000000,40.000000,39.208984
6000.000000,1.000000,66.000000,0.000000,1.000000,5949.000000,40.000000,39.208984
6000.000000,1.000000,66.000000,0.000000,1.000000,5949.000000,40.000000,39.208984
6000.000000,1.000000,66.000000,0.000000,1.000000,5949.000000,40.000000,39.208984
6000.000000,1.000000,66.000000,0.000000,1.000000,5949.000000,40.000000,39.208984
6000.000000,1.000000,66.000000,0.000000,1.000000,5949.000000,40.000000,39.208984
6000.000000,1.000000,66.000000,0.000000,1.000000,5949.000000,40.000000,39.208984
6000.000000,1.000000,66.000000,0.000000,1.000000,5949.000000,40.000000,39.208984
6000.000000,1.000000,66.000000,0.000000,1.000000,5949.000000,40.000000,39.208984
6000.000000,1.000000,66.000000,0.000000,1.000000,5949.000000,40.000000,39.208984
6000.000000,1.000000,66.000000,0.000000,1.000000,5949.000000,40.000000,39.208984
6000.000000,1.000000,66.000000,0.000000,1.000000,5949.000000,40.000000,39.208984
6000.000000,1.000000,66.000000,0.000000,1.000000,5949.000000,40.000000,39.208984
6000.000000,1.000000,66.000000,0.000000,1.000000,5949.000000,40.000000,39.208984
6000.000000,1.000000,66.000000,0.000000,1.000000,5949.000000,40.000000,39.208984
6000.000000,1.000000,66.000000,0.000000,1.000000,5949.000000,40.000000,39.208984
6000.000000,1.000000,66.000000,0.000000,1.000000,5949.000000,40.000000,39.208984
6000.000000,1.000000,66.000000,0.000000,1.000000,5949.000000,40.000000,39.208984
6000.000000,1.000000,66.000000,0.000000,1.000000,5949.000000,40.000000,39.208984
6000.000000,1.000000,66.000000,0.000000,1.000000,5949.000000,40.000000,39.208984
6000.000000,1.000000,66.000000,0.000000,1.000000,5949.000000,40.000000,39.208984
6000.000000,1.000000,66.000000,0.000000,1.000000,5949.000000,40.000000,39.208984
6000.000000,1.000000,66.000000,0.000000,1.000000,5949.000000,40.000000,39.208984
6000.000000,1.000000,66.000000,0.000000,1.000000,5949.000000,40.000000,39.208984
6000.000000,1.000000,66.000000,0.000000,1.000000,5949.000000,40.000000,39.208984
6000.000000,1.000000,66.000000,0.000000,1.000000,5949.000000,40.000000,39.208984
6000.000000,1.000000,66.000000,0.000000,1.000000,5949.000000,40.000000,39.208984
6000.000000,1.000000,66.000000,0.000000,1.000000,5949.000000,40.000000,39.208984
6000.000000,1.000000,66.000000,0.000000,1.000000,5949.000000,40.000000,39.208984
6000.000000,1.000000,66.000000,0.000000,1.000000,5949.000000,40.000000,39.208984
6000.000000,1.000000,66.000000,0.000000,1.000000,5949.000000,40.000000,39.208984
6000.000000,1.000000,66.000000,0.000000,1.000000,5949.000000,40.000000,39.208984
6000.000000,1.000000,66.000000,0.000000,1.000000,5949.000000,40.000000,39.208984
6000.000000,1.000000,66.000000,0.000000,1.000000,5949.000000,40.000000,39.208984
6000.000000,1.000000,66.000000,0.000000,1.000000,5949.000000,40.000000,39.208984
6000.000000,1.000000,66.000000,0.000000,1.000000,5949.000000,40.000000,39.208984
6000.000000,1.000000,66.000000,0.000000,1.000000,5949.000000,40.000000,39.208984
6000.000000,1.000000,66.000000,0.000000,1.000000,5949.000000,40.000000,39.208984
6000.000000,1.000000,66.000000,0.000000,1.000000,5949.000000,40.000000,39.208984
6000.000000,1.000000,66.000000,0.000000,1.000000,5949.000000,40.000000,39.208984
6000.000000,1.000000,66.000000,0.000000,1.000000,5949.000000,40.000000,39.208984
6000.000000,1.000000,66.000000,0.000000,1.000000,5949.000000,40.000000,39.208984
6000.000000,1.000000,66.000000,0.000000,1.000000,5949.000000,40.000000,39.208984
6000.000000,1.000000,66.000000,0.000000,1.000000,5949.000000,40.000000,39.208984
6000.000000,1.000000,66.000000,0.000000,1.000000,5949.000000,40.000000,39.208984
6000.000000,1.000000,66.000000,0.000000,1.000000,5949.000000,40.000000,39.208984
6000.000000,1.000000,66.000000,0.000000,1.000000,5949.000000,40.000000,39.208984
6000.000000,1.000000,66.000000,0.000000,1.000000,5949.000000,40.000000,39.208984
6000.000000,1.000000,66.000000,0.000000,1.000000,5949.000000,40.000000,39.208984
6000.000000,1.000000,66.000000,0.000000,1.000000,5949.000000,40.000000,39.208984
6000.000000,1.000000,66.000000,0.000000,1.000000,5949.000000,40.000000,39.208984
6000.000000,1.000000,66.000000,0.000000,1.000000,5949.000000,40.000000,39.208984
6000.000000,1.000000,66.000000,0.000000,1.000000,5949.000000,40.000000,39.208984
6000.000000,1.000000,66.000000,0.000000,1.000000,5949.000000,40.000000,39.208984
6000.000000,1.000000,66.000000,0.000000,1.000000,5949.000000,40.000000,39.208984
6000.000000,1.000000,66.000000,0.000000,1.000000,5949.000000,40.000000,39.208984
6000.000000,1.000000,66.000000,0.000000,1.000000,5949.000000,40.000000,39.208984
6000.000000,1.000000,66.000000,0.000000,1.000000,5949.000000,40.000000,39.208984
6000.000000,1.000000,66.000000,0.000000,1.000000,5949.000000,40.000000,39.208984
6000.000000,1.000000,66.000000,0.000000,1.000000,5949.000000,40.000000,39.208984
6000.000000,1.000000,66.000000,0.000000,1.000000,5949.000000,40.000000,39.208984
6000.000000,1.000000,66.000000,0.000000,1.000000,5949.000000,40.000000,39.208984
6000.000000,1.000000,66.000000,0.000000,1.000000,5949.000000,40.000000,39.208984
6000.000000,1.000000,66.000000,0.000000,1.000000,5949.000000,40.000000,39.208984
6000.000000,1.000000,66.000000,0.000000,1.000000,5949.000000,40.000000,39.208984
6000.000000,1.000000,66.000000,0.000000,1.000000,5949.000000,40.000000,39.208984
6000.000000,1.000000,66.000000,0.000000,1.000000,5949.000000,40.000000,39.208984
6000.000000,1.000000,66.000000,0.000000,1.000000,5949.000000,40.000000,39.208984
6000.000000,1.000000,66.000000,0.000000,1.000000,5949.000000,40.000000,39.208984
6000.000000,1.000000,66.000000,0.000000,1.000000,5949.000000,40.000000,39.208984
6000.000000,1.000000,66.000000,0.000000,1.000000,5949.000000,40.000000,39.208984
6000.000000,1.000000,66.000000,0.000000,1.000000,5949.000000,40.000000,39.208984
6000.000000,1.000000,66.000000,0.000000,1.000000,5949.000000,40.000000,39.208984
6000.000000,1.000000,66.000000,0.000000,1.000000,5949.000000,40.000000,39.208984
6000.000000,1.000000,66.000000,0.000000,1.000000,5949.000000,40.000000,39.208984
6000.000000,1.000000,66.000000,0.000000,1.000000,5949.000000,40.000000,39.208984
6000.000000,1.000000,66.000000,0.000000,1.000000,5949.000000,40.000000,39.208984
6000.000000,1.000000,66.000000,0.000000,1.000000,5949.000000,40.000000,39.208984
6000.000000,1.000000,66.000000,0.000000,1.000000,5949.000000,40.000000,39.208984
6000.000000,1.000000,66.000000,0.000000,1.000000,5949.000000,40.000000,39.208984
6000.000000,1.000000,66.000000,0.000000,1.000000,5949.000000,40.000000,39.208984
6000.000000,1.000000,66.000000,0.000000,1.000000,5949.000000,40.000000,39.208984
6000.000000,1.000000,66.000000,0.000000,1.000000,5949.000000,40.000000,39.208984
6000.000000,1.000000,66.000000,0.000000,1.000000,5949.000000,40.000000,39.208984
6000.000000,1.000000,66.000000,0.000000,1.000000,5949.000000,40.000000,39.208984
6000.000000,1.000000,66.000000,0.000000,1.000000,5949.000000,40.000000,39.208984
6000.000000,1.000000,66.000000,0.000000,1.000000,5949.000000,40.000000,39.208984
6000.000000,1.000000,66.000000,0.000000,1.000000,5949.000000,40.000000,39.208984
6000.000000,1.000000,66.000000,0.000000,1.000000,5949.000000,40.000000,39.208984
6000.000000,1.000000,66.000000,0.000000,1.000000,5949.000000,40.000000,39.208984
6000.000000,1.000000,66.000000,0.000000,1.000000,5949.000000,40.000000,39.208984
6000.000000,1.000000,66.000000,0.000000,1.000000,5949.000000,40.000000,39.208984
6000.000000,1.000000,66.000000,0.000000,1.000000,5949.000000,40.000000,39.208984
6000.000000,1.000000,66.000000,0.000000,1.000000,5949.000000,40.000000,39.208984
6000.000000,1.000000,66.000000,0.000000,1.000000,5949.000000,40.000000,39.208984
6000.000000,1.000000,66.000000,0.000000,1.000000,5949.000000,40.000000,39.208984
6000.000000,1.000000,66.000000,0.000000,1.000000,5949.000000,40.000000,39.208984
6000.000000,1.000000,66.000000,0.000000,1.000000,5949.000000,40.000000,39.208984
6000.000000,1.000000,66.000000,0.000000,1.000000,5949.000000,40.000000,39.208984
6000.000000,1.000000,66.000000,0.000000,1.000000,5949.000000,40.000000,39.208984
6000.000000,1.000000,66.000000,0.000000,1.000000,5949.000000,40.000000,39.208984
6000.000000,1.000000,66.000000,0.000000,1.000000,5949.000000,40.000000,39.208984
6000.000000,1.000000,66.000000,0.000000,1.000000,5949.000000,40.000000,39.208984
6000.000000,1.000000,66.000000,0.000000,1.000000,5949.000000,40.000000,39.208984
6000.000000,1.000000,66.000000,0.000000,1.000000,5949.000000,40.000000,39.208984
6000.000000,1.000000,66.000000,0.000000,1.000000,5949.000000,40.000000,39.208984
6000.000000,1.000000,66.000000,0.000000,1.000000,5949.000000,40.000000,39.208984
6000.000000,1.000000,66.000000,0.000000,1.000000,5949.000000,40.000000,39.208984
6000.000000,1.000000,66.000000,0.000000,1.000000,5949.000000,40.000000,39.208984
6000.000000,1.000000,66.000000,0.000000,1.000000,5949.000000,40.000000,39.208984
6000.000000,1.000000,66.000000,0.000000,1.000000,5949.000000,40.000000,39.208984
6000.000000,1.000000,66.000000,0.000000,1.000000,5949.000000,40.000000,39.208984
6000.000000,1.000000,66.000000,0.000000,1.000000,5949.000000,40.000000,39.208984
6000.000000,1.000000,66.000000,0.000000,1.000000,5949.000000,40.000000,39.208984
6000.000000,1.000000,66.000000,0.000000,1.000000,5949.000000,40.000000,39.208984
6000.000000,1.000000,66.000000,0.000000,1.000000,5949.000000,40.000000,39.208984
6000.000000,1.000000,66.000000,0.000000,1.000000,5949.000000,40.000000,39.208984
6000.000000,1.000000,66.000000,0.000000,1.000000,5949.000000,40.000000,39.208984
6000.000000,1.000000,66.000000,0.000000,1.000000,5949.000000,40.000000,39.208984
6000.000000,1.000000,66.000000,0.000000,1.000000,5949.000000,40.000000,39.208984
6000.000000,1.000000,66.000000,0.000000,1.000000,5949.000000,40.000000,39.208984
6000.000000,1.000000,66.000000,0.000000,1.000000,5949.000000,40.000000,39.208984
6000.000000,1.000000,66.000000,0.000000,1.000000,5949.000000,40.000000,39.208984
6000.000000,1.000000,66.000000,0.000000,1.000000,5949.000000,40.000000,39.208984
6000.000000,1.000000,66.000000,0.000000,1.000000,5949.000000,40.000000,39.208984
6000.000000,1.000000,66.000000,0.000000,1.000000,5949.000000,40.000000,39.208984
6000.000000,1.000000,66.000000,0.000000,1.000000,5949.000000,40.000000,39.208984
6000.000000,1.000000,66.000000,0.000000,1.000000,5949.000000,40.000000,39.208984
6000.000000,1.000000,66.000000,0.000000,1.000000,5949.000000,40.000000,39.208984
6000.000000,1.000000,66.000000,0.000000,1.000000,5949.000000,40.000000,39.208984
6000.000000,1.000000,66.000000,0.000000,1.000000,5949.000000,40.000000,39.208984
6000.000000,1.000000,66.000000,0.000000,1.000000,5949.000000,40.000000,39.208984
6000.000000,1.000000,66.000000,0.000000,1.000000,5949.000000,40.000000,39.208984
6000.000000,1.000000,66.000000,0.000000,1.000000,5949.000000,40.000000,39.208984
6000.000000,1.000000,66.000000,0.000000,1.000000,5949.000000,40.000000,39.208984
6000.000000,1.000000,66.000000,0.000000,1.000000,5949.000000,40.000000,39.208984
6000.000000,1.000000,66.000000,0.000000,1.000000,5949.000000,40.000000,39.208984
6000.000000,1.000000,66.000000,0.000000,1.000000,5949.000000,40.000000,39.208984
6000.000000,1.000000,66.000000,0.000000,1.000000,5949.000000,40.000000,39.208984
6000.000000,1.000000,66.000000,0.000000,1.000000,5949.000000,40.000000,39.208984
6000.000000,1.000000,66.000000,0.000000,1.000000,5949.000000,40.000000,39.208984
6000.000000,1.000000,66.000000,0.000000,1.000000,5949.000000,40.000000,39.208984
6000.000000,1.000000,66.000000,0.000000,1.000000,5949.000000,40.000000,39.208984
6000.000000,1.000000,66.000000,0.000000,1.000000,5949.000000,40.000000,39.208984
6000.000000,1.000000,66.000000,0.000000,1.000000,5949.000000,40.000000,39.208984
6000.000000,1.000000,66.000000,0.000000,1.000000,5949.000000,40.000000,39.208984
6000.000000,1.000000,66.000000,0.000000,1.000000,5949.000000,40.000000,39.208984
6000.000000,1.000000,66.000000,0.000000,1.000000,5949.000000,40.000000,39.208984
6000.000000,1.000000,66.000000,0.000000,1.000000,5949.000000,40.000000,39.208984
6000.000000,1.000000,66.000000,0.000000,1.000000,5949.000000,40.000000,39.208984
6000.000000,1.000000,66.000000,0.000000,1.000000,5949.000000,40.000000,39.208984
6000.000000,1.000000,66.000000,0.000000,1.000000,5949.000000,40.000000,39.208984
6000.000000,1.000000,66.000000,0.000000,1.000000,5949.000000,40.000000,39.208984
6000.000000,1.000000,66.000000,0.000000,1.000000,5949.000000,40.000000,39.208984
6000.000000,1.000000,66.000000,0.000000,1.000000,5949.000000,40.000000,39.208984
6000.000000,1.000000,66.000000,0.000000,1.000000,5949.000000,40.000000,39.208984
6000.000000,1.000000,66.000000,0.000000,1.000000,5949.000000,40.000000,39.208984
6000.000000,1.000000,66.000000,0.000000,1.000000,5949.000000,40.000000,39.208984
6000.000000,1.000000,66.000000,0.000000,1.000000,5949.000000,40.000000,39.208984
6000.000000,1.000000,66.000000,0.000000,1.000000,5949.000000,40.000000,39.208984
6000.000000,1.000000,66.000000,0.000000,1.000000,5949.000000,40.000000,39.208984
6000.000000,1.000000,66.000000,0.000000,1.000000,5949.000000,40.000000,39.208984
6000.000000,1.000000,66.000000,0.000000,1.000000,5949.000000,40.000000,39.208984
6000.000000,1.000000,66.000000,0.000000,1.000000,5949.000000,40.000000,39.208984
6000.000000,1.000000,66.000000,0.000000,1.000000,5949.000000,40.000000,39.208984
6000.000000,1.000000,66.000000,0.000000,1.000000,5949.000000,40.000000,39.208984
6000.000000,1.000000,66.000000,0.000000,1.000000,5949.000000,40.000000,39.208984
6000.000000,1.000000,66.000000,0.000000,1.000000,5949.000000,40.000000,39.208984
6000.000000,1.000000,66.000000,0.000000,1.000000,5949.000000,40.000000,39.208984
6000.000000,1.000000,66.000000,0.000000,1.000000,5949.000000,40.000000,39.208984
6000.000000,1.000000,66.000000,0.000000,1.000000,5949.000000,40.000000,39.208984
6000.000000,1.000000,66.000000,0.000000,1.000000,5949.000000,40.000000,39.208984
6000.000000,1.000000,66.000000,0.000000,1.000000,5949.000000,40.000000,39.208984
6000.000000,1.000000,66.000000,0.000000,1.000000,5949.000000,40.000000,39.208984
6000.000000,1.000000,66.000000,0.000000,1.000000,5949.000000,40.000000,39.208984
6000.000000,1.000000,66.000000,0.000000,1.000000,5949.000000,40.000000,39.208984
6000.000000,1.000000,66.000000,0.000000,1.000000,5949.000000,40.000000,39.208984
6000.000000,1.000000,66.000000,0.000000,1.000000,5949.000000,40.000000,39.208984
6000.000000,1.000000,66.000000,0.000000,1.000000,5949.000000,40.000000,39.208984
6000.000000,1.000000,66.000000,0.000000,1.000000,5949.000000,40.000000,39.208984
6000.000000,1.000000,66.000000,0.000000,1.000000,5949.000000,40.000000,39.208984
6000.000000,1.000000,66.000000,0.000000,1.000000,5949.000000,40.000000,39.208984
6000.000000,1.000000,66.000000,0.000000,1.000000,5949.000000,40.000000,39.208984
6000.000000,1.000000,66.000000,0.000000,1.000000,5949.000000,40.000000,39.208984
6000.000000,1.000000,66.000000,0.000000,1.000000,5949.000000,40.000000,39.208984
6000.000000,1.000000,66.000000,0.000000,1.000000,5949.000000,40.000000,39.208984
6000.000000,1.000000,66.000000,0.000000,1.000000,5949.000000,40.000000,39.208984
6000.000000,1.000000,66.000000,0.000000,1.000000,5949.000000,40.000000,39.208984
6000.000000,1.000000,66.000000,0.000000,1.000000,5949.000000,40.000000,39.208984
6000.000000,1.000000,66.000000,0.000000,1.000000,5949.000000,40.000000,39.208984
6000.000000,1.000000,66.000000,0.000000,1.000000,5949.000000,40.000000,39.208984
6000.000000,1.000000,66.000000,0.000000,1.000000,5949.000000,40.000000,39.208984
6000.000000,1.000000,66.000000,0.000000,1.000000,5949.000000,40.000000,39.208984
6000.000000,1.000000,66.000000,0.000000,1.000000,5949.000000,40.000000,39.208984
6000.000000,1.000000,66.000000,0.000000,1.000000,5949.000000,40.000000,39.208984
6000.000000,1.000000,66.000000,0.000000,1.000000,5949.000000,40.000000,39.208984
6000.000000,1.000000,66.000000,0.000000,1.000000,5949.000000,40.000000,39.208984
6000.000000,1.000000,66.000000,0.000000,1.000000,5949.000000,40.000000,39.208984
6000.000000,1.000000,66.000000,0.000000,1.000000,5949.000000,40.000000,39.208984
6000.000000,1.000000,66.000000,0.000000,1.000000,5949.000000,40.000000,39.208984
6000.000000,1.000000,66.000000,0.000000,1.000000,5949.000000,40.000000,39.208984
6000.000000,1.000000,66.000000,0.000000,1.000000,5949.000000,40.000000,39.208984
6000.000000,1.000000,66.000000,0.000000,1.000000,5949.000000,40.000000,39.208984
6000.000000,1.000000,66.000000,0.000000,1.000000,5949.000000,40.000000,39.208984
6000.000000,1.000000,66.000000,0.000000,1.000000,5949.000000,40.000000,39.208984
6000.000000,1.000000,66.000000,0.000000,1.000000,5949.000000,40.000000,39.208984
6000.000000,1.000000,66.000000,0.000000,1.000000,5949.000000,40.000000,39.208984
6000.000000,1.000000,66.000000,0.000000,1.000000,5949.000000,40.000000,39.208984
6000.000000,1.000000,66.000000,0.000000,1.000000,5949.000000,40.000000,39.208984
6000.000000,1.000000,66.000000,0.000000,1.000000,5949.000000,40.000000,39.208984
6000.000000,1.000000,66.000000,0.000000,1.000000,5949.000000,40.000000,39.208984
6000.000000,1.000000,66.000000,0.000000,1.000000,5949.000000,40.000000,39.208984
6000.000000,1.000000,66.000000,0.000000,1.000000,5949.000000,40.000000,39.208984
6000.000000,1.000000,66.000000,0.000000,1.000000,5949.000000,40.000000,39.208984
6000.000000,1.000000,66.000000,0.000000,1.000000,5949.000000,40.000000,39.208984
6000.000000,1.000000,66.000000,0.000000,1.000000,5949.000000,40.000000,39.208984
6000.000000,1.000000,66.000000,0.000000,1.000000,5949.000000,40.000000,39.208984
6000.000000,1.000000,66.000000,0.000000,1.000000,5949.000000,40.000000,39.208984
6000.000000,1.000000,66.000000,0.000000,1.000000,5949.000000,40.000000,39.208984
6000.000000,1.000000,66.000000,0.000000,1.000000,5949.000000,40.000000,39.208984
6000.000000,1.000000,66.000000,0.000000,1.000000,5949.000000,40.000000,39.208984
6000.000000,1.000000,66.000000,0.000000,1.000000,5949.000000,40.000000,39.208984
6000.000000,1.000000,66.000000,0.000000,1.000000,5949.000000,40.000000,39.208984
6000.000000,1.000000,66.000000,0.000000,1.000000,5949.000000,40.000000,39.208984
6000.000000,1.000000,66.000000,0.000000,1.000000,5949.000000,40.000000,39.208984
6000.000000,1.000000,66.000000,0.000000,1.000000,5949.000000,40.000000,39.208984
6000.000000,1.000000,66.000000,0.000000,1.000000,5949.000000,40.000000,39.208984
6000.000000,1.000000,66.000000,0.000000,1.000000,5949.000000,40.000000,39.208984
6000.000000,1.000000,66.000000,0.000000,1.000000,5949.000000,40.000000,39.208984
6000.000000,1.000000,66.000000,0.000000,1.000000,5949.000000,40.000000,39.208984
6000.000000,1.000000,66.000000,0.000000,1.000000,5949.000000,40.000000,39.208984
6000.000000,1.000000,66.000000,0.000000,1.000000,5949.000000,40.000000,39.208984
6000.000000,1.000000,66.000000,0.000000,1.000000,5949.000000,40.000000,39.208984
6000.000000,1.000000,66.000000,0.000000,1.000000,5949.000000,40.000000,39.208984
6000.000000,1.000000,66.000000,0.000000,1.000000,5949.000000,40.000000,39.208984
6000.000000,1.000000,66.000000,0.000000,1.000000,5949.000000,40.000000,39.208984
6000.000000,1.000000,66.000000,0.000000,1.000000,5949.000000,40.000000,39.208984
6000.000000,1.000000,66.000000,0.000000,1.000000,5949.000000,40.000000,39.208984
6000.000000,1.000000,66.000000,0.000000,1.000000,5949.000000,40.000000,39.208984
6000.000000,1.000000,66.000000,0.000000,1.000000,5949.000000,40.000000,39.208984
6000.000000,1.000000,66.000000,0.000000,1.000000,5949.000000,40.000000,39.208984
6000.000000,1.000000,66.000000,0.000000,1.000000,5949.000000,40.000000,39.208984
6000.000000,1.000000,66.000000,0.000000,1.000000,5949.000000,40.000000,39.208984
6000.000000,1.000000,66.000000,0.000000,1.000000,5949.000000,40.000000,39.208984
6000.000000,1.000000,66.000000,0.000000,1.000000,5949.000000,40.000000,39.208984
6000.000000,1.000000,66.000000,0.000000,1.000000,5949.000000,40.000000,39.208984
6000.000000,1.000000,66.000000,0.000000,1.000000,5949.000000,40.000000,39.208984
6000.000000,1.000000,66.000000,0.000000,1.000000,5949.000000,40.000000,39.208984
6000.000000,1.000000,66.000000,0.000000,1.000000,5949.000000,40.000000,39.208984
6000.000000,1.000000,66.000000,0.000000,1.000000,5949.000000,40.000000,39.208984
6000.000000,1.000000,66.000000,0.000000,1.000000,5949.000000,40.000000,39.208984
6000.000000,1.000000,66.000000,0.000000,1.000000,5949.000000,40.000000,39.208984
6000.000000,1.000000,66.000000,0.000000,1.000000,5949.000000,40.000000,39.208984
6000.000000,1.000000,66.000000,0.000000,1.000000,5949.000000,40.000000,39.208984
6000.000000,1.000000,66.000000,0.000000,1.000000,5949.000000,40.000000,39.208984
6000.000000,1.000000,66.000000,1.000000,0.000000,705.000000,0.000000,0.000000
6000.000000,1.000000,66.000000,1.000000,0.000000,2260.000000,0.000000,0.000000
6000.000000,1.000000,66.000000,1.000000,0.000000,3925.000000,0.000000,0.000000
6000.000000,1.000000,66.000000,1.000000,0.000000,5564.000000,0.000000,0.000000
6000.000000,1.000000,66.000000,1.000000,0.000000,5915.000000,0.000000,0.000000
6000.000000,1.000000,66.000000,1.000000,0.000000,5984.000000,0.000000,0.000000
6000.000000,1.000000,66.000000,1.000000,0.000000,6012.000000,0.000000,0.000000
6000.000000,1.000000,66.000000,1.000000,0.000000,6014.000000,0.000000,0.000000
6000.000000,1.000000,66.000000,1.000000,0.000000,6018.000000,0.000000,0.000000
6000.000000,1.000000,66.000000,1.000000,0.000000,6028.000000,0.000000,0.000000
6000.000000,1.000000,66.000000,1.000000,0.000000,6030.000000,0.000000,0.000000
6000.000000,1.000000,66.000000,1.000000,0.000000,6028.000000,0.000000,0.000000
6000.000000,1.000000,66.000000,1.000000,0.000000,6028.000000,0.000000,0.000000
6000.000000,1.000000,66.000000,1.000000,0.000000,6024.000000,0.000000,0.000000
6000.000000,1.000000,66.000000,1.000000,0.000000,6030.000000,0.000000,0.000000
6000.000000,1.000000,66.000000,1.000000,0.000000,6035.000000,0.000000,0.000000
6000.000000,1.000000,66.000000,1.000000,0.000000,6022.000000,0.000000,0.000000
6000.000000,1.000000,66.000000,1.000000,0.000000,6028.000000,0.000000,0.000000
6000.000000,1.000000,66.000000,1.000000,0.000000,6033.000000,0.000000,0.000000
6000.000000,1.000000,66.000000,1.000000,0.000000,6045.000000,0.000000,0.000000
6000.000000,1.000000,66.000000,1.000000,0.000000,6028.000000,0.000000,0.000000
6000.000000,1.000000,66.000000,1.000000,0.000000,6020.000000,0.000000,0.000000
6000.000000,1.000000,66.000000,1.000000,0.000000,6016.000000,0.000000,0.000000
6000.000000,1.000000,66.000000,1.000000,0.000000,6014.000000,0.000000,0.000000
6000.000000,1.000000,66.000000,1.000000,0.000000,6012.000000,0.000000,0.000000
6000.000000,1.000000,66.000000,1.000000,0.000000,6012.000000,0.000000,-0.001221
6000.000000,1.000000,66.000000,1.000000,0.000000,6014.000000,0.000000,0.000000
6000.000000,1.000000,66.000000,1.000000,0.000000,6016.000000,0.000000,0.002441
6000.000000,1.000000,66.000000,1.000000,0.000000,6018.000000,40.000000,0.087891
6000.000000,1.000000,66.000000,1.000000,0.000000,6018.000000,40.000000,3.173828
6000.000000,1.000000,66.000000,1.000000,0.000000,6024.000000,40.000000,6.892090
6000.000000,1.000000,66.000000,1.000000,0.000000,6024.000000,40.000000,10.600586
6000.000000,1.000000,66.000000,1.000000,0.000000,6028.000000,40.000000,14.532471
6000.000000,1.000000,66.000000,1.000000,0.000000,6033.000000,40.000000,18.321533
6000.000000,1.000000,66.000000,1.000000,0.000000,6033.000000,40.000000,22.348633
6000.000000,1.000000,66.000000,1.000000,0.000000,6039.000000,40.000000,26.224365
6000.000000,1.000000,66.000000,1.000000,0.000000,6030.000000,40.000000,30.115967
6000.000000,1.000000,66.000000,1.000000,0.000000,6033.000000,40.000000,33.900146
6000.000000,1.000000,66.000000,1.000000,0.000000,6035.000000,40.000000,37.434082
6000.000000,1.000000,66.000000,1.000000,0.000000,6033.000000,40.000000,38.970947
6000.000000,1.000000,66.000000,0.000000,1.000000,5943.000000,40.000000,39.233398
6000.000000,1.000000,66.000000,0.000000,1.000000,5943.000000,40.000000,39.233398
6000.000000,1.000000,66.000000,0.000000,1.000000,5943.000000,40.000000,39.233398
6000.000000,1.000000,66.000000,0.000000,1.000000,5943.000000,40.000000,39.233398
6000.000000,1.000000,66.000000,0.000000,1.000000,5943.000000,40.000000,39.233398
6000.000000,1.000000,66.000000,0.000000,1.000000,5943.000000,40.000000,39.233398
6000.000000,1.000000,66.000000,0.000000,1.000000,5943.000000,40.000000,39.233398
6000.000000,1.000000,66.000000,0.000000,1.000000,5943.000000,40.000000,39.233398
6000.000000,1.000000,66.000000,0.000000,1.000000,5943.000000,40.000000,39.233398
6000.000000,1.000000,66.000000,0.000000,1.000000,5943.000000,40.000000,39.233398
6000.000000,1.000000,66.000000,0.000000,1.000000,5943.000000,40.000000,39.233398
6000.000000,1.000000,66.000000,0.000000,1.000000,5943.000000,40.000000,39.233398
6000.000000,1.000000,66.000000,0.000000,1.000000,5943.000000,40.000000,39.233398
6000.000000,1.000000,66.000000,0.000000,1.000000,5943.000000,40.000000,39.233398
6000.000000,1.000000,66.000000,0.000000,1.000000,5943.000000,40.000000,39.233398
6000.000000,1.000000,66.000000,0.000000,1.000000,5943.000000,40.000000,39.233398
6000.000000,1.000000,66.000000,0.000000,1.000000,5943.000000,40.000000,39.233398
6000.000000,1.000000,66.000000,0.000000,1.000000,5943.000000,40.000000,39.233398
6000.000000,1.000000,66.000000,0.000000,1.000000,5943.000000,40.000000,39.233398
6000.000000,1.000000,66.000000,0.000000,1.000000,5943.000000,40.000000,39.233398
6000.000000,1.000000,66.000000,0.000000,1.000000,5943.000000,40.000000,39.233398
6000.000000,1.000000,66.000000,0.000000,1.000000,5943.000000,40.000000,39.233398
6000.000000,1.000000,66.000000,0.000000,1.000000,5943.000000,40.000000,39.233398
6000.000000,1.000000,66.000000,0.000000,1.000000,5943.000000,40.000000,39.233398
6000.000000,1.000000,66.000000,0.000000,1.000000,5943.000000,40.000000,39.233398
6000.000000,1.000000,66.000000,0.000000,1.000000,5943.000000,40.000000,39.233398
6000.000000,1.000000,66.000000,0.000000,1.000000,5943.000000,40.000000,39.233398
6000.000000,1.000000,66.000000,0.000000,1.000000,5943.000000,40.000000,39.233398
6000.000000,1.000000,66.000000,0.000000,1.000000,5943.000000,40.000000,39.233398
6000.000000,1.000000,66.000000,0.000000,1.000000,5943.000000,40.000000,39.233398
6000.000000,1.000000,66.000000,0.000000,1.000000,5943.000000,40.000000,39.233398
6000.000000,1.000000,66.000000,0.000000,1.000000,5943.000000,40.000000,39.233398
6000.000000,1.000000,66.000000,0.000000,1.000000,5943.000000,40.000000,39.233398
6000.000000,1.000000,66.000000,0.000000,1.000000,5943.000000,40.000000,39.233398
6000.000000,1.000000,66.000000,0.000000,1.000000,5943.000000,40.000000,39.233398
6000.000000,1.000000,66.000000,0.000000,1.000000,5943.000000,40.000000,39.233398
6000.000000,1.000000,66.000000,0.000000,1.000000,5943.000000,40.000000,39.233398
6000.000000,1.000000,66.000000,0.000000,1.000000,5943.000000,40.000000,39.233398
6000.000000,1.000000,66.000000,0.000000,1.000000,5943.000000,40.000000,39.233398
6000.000000,1.000000,66.000000,0.000000,1.000000,5943.000000,40.000000,39.233398
6000.000000,1.000000,66.000000,0.000000,1.000000,5943.000000,40.000000,39.233398
6000.000000,1.000000,66.000000,0.000000,1.000000,5943.000000,40.000000,39.233398
6000.000000,1.000000,66.000000,0.000000,1.000000,5943.000000,40.000000,39.233398
6000.000000,1.000000,66.000000,0.000000,1.000000,5943.000000,40.000000,39.233398
6000.000000,1.000000,66.000000,0.000000,1.000000,5943.000000,40.000000,39.233398
6000.000000,1.000000,66.000000,0.000000,1.000000,5943.000000,40.000000,39.233398
6000.000000,1.000000,66.000000,0.000000,1.000000,5943.000000,40.000000,39.233398
6000.000000,1.000000,66.000000,0.000000,1.000000,5943.000000,40.000000,39.233398
6000.000000,1.000000,66.000000,0.000000,1.000000,5943.000000,40.000000,39.233398
6000.000000,1.000000,66.000000,0.000000,1.000000,5943.000000,40.000000,39.233398
6000.000000,1.000000,66.000000,0.000000,1.000000,5943.000000,40.000000,39.233398
6000.000000,1.000000,66.000000,0.000000,1.000000,5943.000000,40.000000,39.233398
6000.000000,1.000000,66.000000,0.000000,1.000000,5943.000000,40.000000,39.233398
6000.000000,1.000000,66.000000,0.000000,1.000000,5943.000000,40.000000,39.233398
6000.000000,1.000000,66.000000,0.000000,1.000000,5943.000000,40.000000,39.233398
6000.000000,1.000000,66.000000,0.000000,1.000000,5943.000000,40.000000,39.233398
6000.000000,1.000000,66.000000,0.000000,1.000000,5943.000000,40.000000,39.233398
6000.000000,1.000000,66.000000,0.000000,1.000000,5943.000000,40.000000,39.233398
6000.000000,1.000000,66.000000,0.000000,1.000000,5943.000000,40.000000,39.233398
6000.000000,1.000000,66.000000,0.000000,1.000000,5943.000000,40.000000,39.233398
6000.000000,1.000000,66.000000,0.000000,1.000000,5943.000000,40.000000,39.233398
6000.000000,1.000000,66.000000,0.000000,1.000000,5943.000000,40.000000,39.233398
6000.000000,1.000000,66.000000,0.000000,1.000000,5943.000000,40.000000,39.233398
6000.000000,1.000000,66.000000,0.000000,1.000000,5943.000000,40.000000,39.233398
6000.000000,1.000000,66.000000,0.000000,1.000000,5943.000000,40.000000,39.233398
6000.000000,1.000000,66.000000,0.000000,1.000000,5943.000000,40.000000,39.233398
6000.000000,1.000000,66.000000,0.000000,1.000000,5943.000000,40.000000,39.233398
6000.000000,1.000000,66.000000,0.000000,1.000000,5943.000000,40.000000,39.233398
6000.000000,1.000000,66.000000,0.000000,1.000000,5943.000000,40.000000,39.233398
6000.000000,1.000000,66.000000,0.000000,1.000000,5943.000000,40.000000,39.233398
6000.000000,1.000000,66.000000,0.000000,1.000000,5943.000000,40.000000,39.233398
6000.000000,1.000000,66.000000,0.000000,1.000000,5943.000000,40.000000,39.233398
6000.000000,1.000000,66.000000,0.000000,1.000000,5943.000000,40.000000,39.233398
6000.000000,1.000000,66.000000,0.000000,1.000000,5943.000000,40.000000,39.233398
6000.000000,1.000000,66.000000,0.000000,1.000000,5943.000000,40.000000,39.233398
6000.000000,1.000000,66.000000,0.000000,1.000000,5943.000000,40.000000,39.233398
6000.000000,1.000000,66.000000,0.000000,1.000000,5943.000000,40.000000,39.233398
6000.000000,1.000000,66.000000,0.000000,1.000000,5943.000000,40.000000,39.233398
6000.000000,1.000000,66.000000,0.000000,1.000000,5943.000000,40.000000,39.233398
6000.000000,1.000000,66.000000,0.000000,1.000000,5943.000000,40.000000,39.233398
6000.000000,1.000000,66.000000,0.000000,1.000000,5943.000000,40.000000,39.233398
6000.000000,1.000000,66.000000,0.000000,1.000000,5943.000000,40.000000,39.233398
6000.000000,1.000000,66.000000,0.000000,1.000000,5943.000000,40.000000,39.233398
6000.000000,1.000000,66.000000,0.000000,1.000000,5943.000000,40.000000,39.233398
6000.000000,1.000000,66.000000,0.000000,1.000000,5943.000000,40.000000,39.233398
6000.000000,1.000000,66.000000,0.000000,1.000000,5943.000000,40.000000,39.233398
6000.000000,1.000000,66.000000,0.000000,1.000000,5943.000000,40.000000,39.233398
6000.000000,1.000000,66.000000,0.000000,1.000000,5943.000000,40.000000,39.233398
6000.000000,1.000000,66.000000,0.000000,1.000000,5943.000000,40.000000,39.233398
6000.000000,1.000000,66.000000,0.000000,1.000000,5943.000000,40.000000,39.233398
6000.000000,1.000000,66.000000,0.000000,1.000000,5943.000000,40.000000,39.233398
6000.000000,1.000000,66.000000,0.000000,1.000000,5943.000000,40.000000,39.233398
6000.000000,1.000000,66.000000,0.000000,1.000000,5943.000000,40.000000,39.233398
6000.000000,1.000000,66.000000,0.000000,1.000000,5943.000000,40.000000,39.233398
6000.000000,1.000000,66.000000,0.000000,1.000000,5943.000000,40.000000,39.233398
6000.000000,1.000000,66.000000,0.000000,1.000000,5943.000000,40.000000,39.233398
6000.000000,1.000000,66.000000,0.000000,1.000000,5943.000000,40.000000,39.233398
6000.000000,1.000000,66.000000,0.000000,1.000000,5943.000000,40.000000,39.233398
6000.000000,1.000000,66.000000,0.000000,1.000000,5943.000000,40.000000,39.233398
6000.000000,1.000000,66.000000,0.000000,1.000000,5943.000000,40.000000,39.233398
6000.000000,1.000000,66.000000,0.000000,1.000000,5943.000000,40.000000,39.233398
6000.000000,1.000000,66.000000,0.000000,1.000000,5943.000000,40.000000,39.233398
6000.000000,1.000000,66.000000,0.000000,1.000000,5943.000000,40.000000,39.233398
6000.000000,1.000000,66.000000,0.000000,1.000000,5943.000000,40.000000,39.233398
6000.000000,1.000000,66.000000,0.000000,1.000000,5943.000000,40.000000,39.233398
6000.000000,1.000000,66.000000,0.000000,1.000000,5943.000000,40.000000,39.233398
6000.000000,1.000000,66.000000,0.000000,1.000000,5943.000000,40.000000,39.233398
6000.000000,1.000000,66.000000,0.000000,1.000000,5943.000000,40.000000,39.233398
6000.000000,1.000000,66.000000,0.000000,1.000000,5943.000000,40.000000,39.233398
6000.000000,1.000000,66.000000,0.000000,1.000000,5943.000000,40.000000,39.233398
6000.000000,1.000000,66.000000,0.000000,1.000000,5943.000000,40.000000,39.233398
6000.000000,1.000000,66.000000,0.000000,1.000000,5943.000000,40.000000,39.233398
6000.000000,1.000000,66.000000,0.000000,1.000000,5943.000000,40.000000,39.233398
6000.000000,1.000000,66.000000,0.000000,1.000000,5943.000000,40.000000,39.233398
6000.000000,1.000000,66.000000,0.000000,1.000000,5943.000000,40.000000,39.233398
6000.000000,1.000000,66.000000,0.000000,1.000000,5943.000000,40.000000,39.233398
6000.000000,1.000000,66.000000,0.000000,1.000000,5943.000000,40.000000,39.233398
6000.000000,1.000000,66.000000,0.000000,1.000000,5943.000000,40.000000,39.233398
6000.000000,1.000000,66.000000,0.000000,1.000000,5943.000000,40.000000,39.233398
6000.000000,1.000000,66.000000,0.000000,1.000000,5943.000000,40.000000,39.233398
6000.000000,1.000000,66.000000,0.000000,1.000000,5943.000000,40.000000,39.233398
6000.000000,1.000000,66.000000,0.000000,1.000000,5943.000000,40.000000,39.233398
6000.000000,1.000000,66.000000,0.000000,1.000000,5943.000000,40.000000,39.233398
6000.000000,1.000000,66.000000,0.000000,1.000000,5943.000000,40.000000,39.233398
6000.000000,1.000000,66.000000,0.000000,1.000000,5943.000000,40.000000,39.233398
6000.000000,1.000000,66.000000,0.000000,1.000000,5943.000000,40.000000,39.233398
6000.000000,1.000000,66.000000,0.000000,1.000000,5943.000000,40.000000,39.233398
6000.000000,1.000000,66.000000,0.000000,1.000000,5943.000000,40.000000,39.233398
6000.000000,1.000000,66.000000,0.000000,1.000000,5943.000000,40.000000,39.233398
6000.000000,1.000000,66.000000,0.000000,1.000000,5943.000000,40.000000,39.233398
6000.000000,1.000000,66.000000,0.000000,1.000000,5943.000000,40.000000,39.233398
6000.000000,1.000000,66.000000,0.000000,1.000000,5943.000000,40.000000,39.233398
6000.000000,1.000000,66.000000,0.000000,1.000000,5943.000000,40.000000,39.233398
6000.000000,1.000000,66.000000,0.000000,1.000000,5943.000000,40.000000,39.233398
6000.000000,1.000000,66.000000,0.000000,1.000000,5943.000000,40.000000,39.233398
6000.000000,1.000000,66.000000,0.000000,1.000000,5943.000000,40.000000,39.233398
6000.000000,1.000000,66.000000,0.000000,1.000000,5943.000000,40.000000,39.233398
6000.000000,1.000000,66.000000,0.000000,1.000000,5943.000000,40.000000,39.233398
6000.000000,1.000000,66.000000,0.000000,1.000000,5943.000000,40.000000,39.233398
6000.000000,1.000000,66.000000,0.000000,1.000000,5943.000000,40.000000,39.233398
6000.000000,1.000000,66.000000,0.000000,1.000000,5943.000000,40.000000,39.233398
6000.000000,1.000000,66.000000,0.000000,1.000000,5943.000000,40.000000,39.233398
6000.000000,1.000000,66.000000,0.000000,1.000000,5943.000000,40.000000,39.233398
6000.000000,1.000000,66.000000,0.000000,1.000000,5943.000000,40.000000,39.233398
6000.000000,1.000000,66.000000,0.000000,1.000000,5943.000000,40.000000,39.233398
6000.000000,1.000000,66.000000,0.000000,1.000000,5943.000000,40.000000,39.233398
6000.000000,1.000000,66.000000,0.000000,1.000000,5943.000000,40.000000,39.233398
6000.000000,1.000000,66.000000,0.000000,1.000000,5943.000000,40.000000,39.233398
6000.000000,1.000000,66.000000,0.000000,1.000000,5943.000000,40.000000,39.233398
6000.000000,1.000000,66.000000,0.000000,1.000000,5943.000000,40.000000,39.233398
6000.000000,1.000000,66.000000,0.000000,1.000000,5943.000000,40.000000,39.233398
6000.000000,1.000000,66.000000,0.000000,1.000000,5943.000000,40.000000,39.233398
6000.000000,1.000000,66.000000,0.000000,1.000000,5943.000000,40.000000,39.233398
6000.000000,1.000000,66.000000,0.000000,1.000000,5943.000000,40.000000,39.233398
6000.000000,1.000000,66.000000,0.000000,1.000000,5943.000000,40.000000,39.233398
6000.000000,1.000000,66.000000,0.000000,1.000000,5943.000000,40.000000,39.233398
6000.000000,1.000000,66.000000,0.000000,1.000000,5943.000000,40.000000,39.233398
6000.000000,1.000000,66.000000,0.000000,1.000000,5943.000000,40.000000,39.233398
6000.000000,1.000000,66.000000,0.000000,1.000000,5943.000000,40.000000,39.233398
6000.000000,1.000000,66.000000,0.000000,1.000000,5943.000000,40.000000,39.233398
6000.000000,1.000000,66.000000,0.000000,1.000000,5943.000000,40.000000,39.233398
6000.000000,1.000000,66.000000,0.000000,1.000000,5943.000000,40.000000,39.233398
6000.000000,1.000000,66.000000,0.000000,1.000000,5943.000000,40.000000,39.233398
6000.000000,1.000000,66.000000,0.000000,1.000000,5943.000000,40.000000,39.233398
6000.000000,1.000000,66.000000,0.000000,1.000000,5943.000000,40.000000,39.233398
6000.000000,1.000000,66.000000,0.000000,1.000000,5943.000000,40.000000,39.233398
6000.000000,1.000000,66.000000,0.000000,1.000000,5943.000000,40.000000,39.233398
6000.000000,1.000000,66.000000,0.000000,1.000000,5943.000000,40.000000,39.233398
6000.000000,1.000000,66.000000,0.000000,1.000000,5943.000000,40.000000,39.233398
6000.000000,1.000000,66.000000,0.000000,1.000000,5943.000000,40.000000,39.233398
6000.000000,1.000000,66.000000,0.000000,1.000000,5943.000000,40.000000,39.233398
6000.000000,1.000000,66.000000,0.000000,1.000000,5943.000000,40.000000,39.233398
6000.000000,1.000000,66.000000,0.000000,1.000000,5943.000000,40.000000,39.233398
6000.000000,1.000000,66.000000,0.000000,1.000000,5943.000000,40.000000,39.233398
6000.000000,1.000000,66.000000,0.000000,1.000000,5943.000000,40.000000,39.233398
6000.000000,1.000000,66.000000,0.000000,1.000000,5943.000000,40.000000,39.233398
6000.000000,1.000000,66.000000,1.000000,0.000000,3630.000000,0.000000,0.000000
6000.000000,1.000000,66.000000,1.000000,0.000000,5068.000000,0.000000,0.000000
6000.000000,1.000000,66.000000,1.000000,0.000000,5784.000000,0.000000,0.000000
6000.000000,1.000000,66.000000,1.000000,0.000000,5928.000000,0.000000,0.000000
6000.000000,1.000000,66.000000,1.000000,0.000000,5980.000000,0.000000,0.000000
6000.000000,1.000000,66.000000,1.000000,0.000000,5982.000000,0.000000,0.000000
6000.000000,1.000000,66.000000,1.000000,0.000000,5974.000000,0.000000,0.000000
6000.000000,1.000000,66.000000,1.000000,0.000000,5966.000000,0.000000,0.000000
6000.000000,1.000000,66.000000,1.000000,0.000000,5959.000000,0.000000,0.000000
6000.000000,1.000000,66.000000,1.000000,0.000000,5955.000000,0.000000,0.000000
6000.000000,1.000000,66.000000,1.000000,0.000000,5961.000000,0.000000,0.000000
6000.000000,1.000000,66.000000,1.000000,0.000000,5974.000000,0.000000,0.000000
6000.000000,1.000000,66.000000,1.000000,0.000000,5984.000000,0.000000,0.000000
6000.000000,1.000000,66.000000,1.000000,0.000000,5993.000000,0.000000,0.000000
6000.000000,1.000000,66.000000,1.000000,0.000000,6001.000000,0.000000,0.000000
6000.000000,1.000000,66.000000,1.000000,0.000000,6007.000000,0.000000,0.000000
6000.000000,1.000000,66.000000,1.000000,0.000000,6007.000000,0.000000,0.000000
6000.000000,1.000000,66.000000,1.000000,0.000000,6007.000000,0.000000,0.000000
6000.000000,1.000000,66.000000,1.000000,0.000000,6005.000000,0.000000,0.000000
6000.000000,1.000000,66.000000,1.000000,0.000000,6007.000000,0.000000,0.000000
6000.000000,1.000000,66.000000,1.000000,0.000000,5999.000000,0.000000,0.000000
6000.000000,1.000000,66.000000,1.000000,0.000000,5997.000000,0.000000,0.000000
6000.000000,1.000000,66.000000,1.000000,0.000000,6003.000000,0.000000,0.000000
6000.000000,1.000000,66.000000,1.000000,0.000000,5991.000000,0.000000,0.000000
6000.000000,1.000000,66.000000,1.000000,0.000000,5949.000000,0.000000,0.000000
6000.000000,1.000000,66.000000,1.000000,0.000000,5955.000000,0.000000,-0.002441
6000.000000,1.000000,66.000000,1.000000,0.000000,5957.000000,0.000000,-0.003662
6000.000000,1.000000,66.000000,1.000000,0.000000,5968.000000,0.000000,-0.002441
6000.000000,1.000000,66.000000,1.000000,0.000000,5972.000000,0.000000,-0.003662
6000.000000,1.000000,66.000000,1.000000,0.000000,5974.000000,40.000000,1.732178
6000.000000,1.000000,66.000000,1.000000,0.000000,5986.000000,40.000000,5.396729
6000.000000,1.000000,66.000000,1.000000,0.000000,5984.000000,40.000000,9.104004
6000.000000,1.000000,66.000000,1.000000,0.000000,5986.000000,40.000000,13.076172
6000.000000,1.000000,66.000000,1.000000,0.000000,5993.000000,40.000000,17.066650
6000.000000,1.000000,66.000000,1.000000,0.000000,6003.000000,40.000000,20.887451
6000.000000,1.000000,66.000000,1.000000,0.000000,6010.000000,40.000000,24.645996
6000.000000,1.000000,66.000000,1.000000,0.000000,6010.000000,40.000000,28.609619
6000.000000,1.000000,66.000000,1.000000,0.000000,6010.000000,40.000000,32.407227
6000.000000,1.000000,66.000000,1.000000,0.000000,6012.000000,40.000000,36.086426
6000.000000,1.000000,66.000000,1.000000,0.000000,5982.000000,40.000000,38.795166
6000.000000,1.000000,66.000000,0.000000,1.000000,5991.000000,40.000000,39.217529
6000.000000,1.000000,66.000000,0.000000,1.000000,5991.000000,40.000000,39.217529
6000.000000,1.000000,66.000000,0.000000,1.000000,5991.000000,40.000000,39.217529
6000.000000,1.000000,66.000000,0.000000,1.000000,5991.000000,40.000000,39.217529
6000.000000,1.000000,66.000000,0.000000,1.000000,5991.000000,40.000000,39.217529
6000.000000,1.000000,66.000000,0.000000,1.000000,5991.000000,40.000000,39.217529
6000.000000,1.000000,66.000000,0.000000,1.000000,5991.000000,40.000000,39.217529
6000.000000,1.000000,66.000000,0.000000,1.000000,5991.000000,40.000000,39.217529
6000.000000,1.000000,66.000000,0.000000,1.000000,5991.000000,40.000000,39.217529
6000.000000,1.000000,66.000000,0.000000,1.000000,5991.000000,40.000000,39.217529
6000.000000,1.000000,66.000000,0.000000,1.000000,5991.000000,40.000000,39.217529
6000.000000,1.000000,66.000000,0.000000,1.000000,5991.000000,40.000000,39.217529
6000.000000,1.000000,66.000000,0.000000,1.000000,5991.000000,40.000000,39.217529
6000.000000,1.000000,66.000000,0.000000,1.000000,5991.000000,40.000000,39.217529
6000.000000,1.000000,66.000000,0.000000,1.000000,5991.000000,40.000000,39.217529
6000.000000,1.000000,66.000000,0.000000,1.000000,5991.000000,40.000000,39.217529
6000.000000,1.000000,66.000000,0.000000,1.000000,5991.000000,40.000000,39.217529
6000.000000,1.000000,66.000000,0.000000,1.000000,5991.000000,40.000000,39.217529
6000.000000,1.000000,66.000000,0.000000,1.000000,5991.000000,40.000000,39.217529
6000.000000,1.000000,66.000000,0.000000,1.000000,5991.000000,40.000000,39.217529
6000.000000,1.000000,66.000000,0.000000,1.000000,5991.000000,40.000000,39.217529
6000.000000,1.000000,66.000000,0.000000,1.000000,5991.000000,40.000000,39.217529
6000.000000,1.000000,66.000000,0.000000,1.000000,5991.000000,40.000000,39.217529
6000.000000,1.000000,66.000000,0.000000,1.000000,5991.000000,40.000000,39.217529
6000.000000,1.000000,66.000000,0.000000,1.000000,5991.000000,40.000000,39.217529
6000.000000,1.000000,66.000000,0.000000,1.000000,5991.000000,40.000000,39.217529
6000.000000,1.000000,66.000000,0.000000,1.000000,5991.000000,40.000000,39.217529
6000.000000,1.000000,66.000000,0.000000,1.000000,5991.000000,40.000000,39.217529
6000.000000,1.000000,66.000000,0.000000,1.000000,5991.000000,40.000000,39.217529
6000.000000,1.000000,66.000000,0.000000,1.000000,5991.000000,40.000000,39.217529
6000.000000,1.000000,66.000000,0.000000,1.000000,5991.000000,40.000000,39.217529
6000.000000,1.000000,66.000000,0.000000,1.000000,5991.000000,40.000000,39.217529
6000.000000,1.000000,66.000000,0.000000,1.000000,5991.000000,40.000000,39.217529
6000.000000,1.000000,66.000000,0.000000,1.000000,5991.000000,40.000000,39.217529
6000.000000,1.000000,66.000000,0.000000,1.000000,5991.000000,40.000000,39.217529
6000.000000,1.000000,66.000000,0.000000,1.000000,5991.000000,40.000000,39.217529
6000.000000,1.000000,66.000000,0.000000,1.000000,5991.000000,40.000000,39.217529
6000.000000,1.000000,66.000000,0.000000,1.000000,5991.000000,40.000000,39.217529
6000.000000,1.000000,66.000000,0.000000,1.000000,5991.000000,40.000000,39.217529
6000.000000,1.000000,66.000000,0.000000,1.000000,5991.000000,40.000000,39.217529
6000.000000,1.000000,66.000000,0.000000,1.000000,5991.000000,40.000000,39.217529
6000.000000,1.000000,66.000000,0.000000,1.000000,5991.000000,40.000000,39.217529
6000.000000,1.000000,66.000000,0.000000,1.000000,5991.000000,40.000000,39.217529
6000.000000,1.000000,66.000000,0.000000,1.000000,5991.000000,40.000000,39.217529
6000.000000,1.000000,66.000000,0.000000,1.000000,5991.000000,40.000000,39.217529
6000.000000,1.000000,66.000000,0.000000,1.000000,5991.000000,40.000000,39.217529
6000.000000,1.000000,66.000000,0.000000,1.000000,5991.000000,40.000000,39.217529
6000.000000,1.000000,66.000000,0.000000,1.000000,5991.000000,40.000000,39.217529
6000.000000,1.000000,66.000000,0.000000,1.000000,5991.000000,40.000000,39.217529
6000.000000,1.000000,66.000000,0.000000,1.000000,5991.000000,40.000000,39.217529
6000.000000,1.000000,66.000000,0.000000,1.000000,5991.000000,40.000000,39.217529
6000.000000,1.000000,66.000000,0.000000,1.000000,5991.000000,40.000000,39.217529
6000.000000,1.000000,66.000000,0.000000,1.000000,5991.000000,40.000000,39.217529
6000.000000,1.000000,66.000000,0.000000,1.000000,5991.000000,40.000000,39.217529
6000.000000,1.000000,66.000000,0.000000,1.000000,5991.000000,40.000000,39.217529
6000.000000,1.000000,66.000000,0.000000,1.000000,5991.000000,40.000000,39.217529
6000.000000,1.000000,66.000000,0.000000,1.000000,5991.000000,40.000000,39.217529
6000.000000,1.000000,66.000000,0.000000,1.000000,5991.000000,40.000000,39.217529
6000.000000,1.000000,66.000000,0.000000,1.000000,5991.000000,40.000000,39.217529
6000.000000,1.000000,66.000000,0.000000,1.000000,5991.000000,40.000000,39.217529
6000.000000,1.000000,66.000000,0.000000,1.000000,5991.000000,40.000000,39.217529
6000.000000,1.000000,66.000000,0.000000,1.000000,5991.000000,40.000000,39.217529
6000.000000,1.000000,66.000000,0.000000,1.000000,5991.000000,40.000000,39.217529
6000.000000,1.000000,66.000000,0.000000,1.000000,5991.000000,40.000000,39.217529
6000.000000,1.000000,66.000000,0.000000,1.000000,5991.000000,40.000000,39.217529
6000.000000,1.000000,66.000000,0.000000,1.000000,5991.000000,40.000000,39.217529
6000.000000,1.000000,66.000000,0.000000,1.000000,5991.000000,40.000000,39.217529
6000.000000,1.000000,66.000000,0.000000,1.000000,5991.000000,40.000000,39.217529
6000.000000,1.000000,66.000000,0.000000,1.000000,5991.000000,40.000000,39.217529
6000.000000,1.000000,66.000000,0.000000,1.000000,5991.000000,40.000000,39.217529
6000.000000,1.000000,66.000000,0.000000,1.000000,5991.000000,40.000000,39.217529
6000.000000,1.000000,66.000000,0.000000,1.000000,5991.000000,40.000000,39.217529
6000.000000,1.000000,66.000000,0.000000,1.000000,5991.000000,40.000000,39.217529
6000.000000,1.000000,66.000000,0.000000,1.000000,5991.000000,40.000000,39.217529
6000.000000,1.000000,66.000000,0.000000,1.000000,5991.000000,40.000000,39.217529
6000.000000,1.000000,66.000000,0.000000,1.000000,5991.000000,40.000000,39.217529
6000.000000,1.000000,66.000000,0.000000,1.000000,5991.000000,40.000000,39.217529
6000.000000,1.000000,66.000000,0.000000,1.000000,5991.000000,40.000000,39.217529
6000.000000,1.000000,66.000000,0.000000,1.000000,5991.000000,40.000000,39.217529
6000.000000,1.000000,66.000000,0.000000,1.000000,5991.000000,40.000000,39.217529
6000.000000,1.000000,66.000000,0.000000,1.000000,5991.000000,40.000000,39.217529
6000.000000,1.000000,66.000000,0.000000,1.000000,5991.000000,40.000000,39.217529
6000.000000,1.000000,66.000000,0.000000,1.000000,5991.000000,40.000000,39.217529
6000.000000,1.000000,66.000000,0.000000,1.000000,5991.000000,40.000000,39.217529
6000.000000,1.000000,66.000000,0.000000,1.000000,5991.000000,40.000000,39.217529
6000.000000,1.000000,66.000000,0.000000,1.000000,5991.000000,40.000000,39.217529
6000.000000,1.000000,66.000000,0.000000,1.000000,5991.000000,40.000000,39.217529
6000.000000,1.000000,66.000000,0.000000,1.000000,5991.000000,40.000000,39.217529
6000.000000,1.000000,66.000000,0.000000,1.000000,5991.000000,40.000000,39.217529
6000.000000,1.000000,66.000000,0.000000,1.000000,5991.000000,40.000000,39.217529
6000.000000,1.000000,66.000000,0.000000,1.000000,5991.000000,40.000000,39.217529
6000.000000,1.000000,66.000000,0.000000,1.000000,5991.000000,40.000000,39.217529
6000.000000,1.000000,66.000000,0.000000,1.000000,5991.000000,40.000000,39.217529
6000.000000,1.000000,66.000000,0.000000,1.000000,5991.000000,40.000000,39.217529
6000.000000,1.000000,66.000000,0.000000,1.000000,5991.000000,40.000000,39.217529
6000.000000,1.000000,66.000000,0.000000,1.000000,5991.000000,40.000000,39.217529
6000.000000,1.000000,66.000000,0.000000,1.000000,5991.000000,40.000000,39.217529
6000.000000,1.000000,66.000000,0.000000,1.000000,5991.000000,40.000000,39.217529
6000.000000,1.000000,66.000000,0.000000,1.000000,5991.000000,40.000000,39.217529
6000.000000,1.000000,66.000000,0.000000,1.000000,5991.000000,40.000000,39.217529
6000.000000,1.000000,66.000000,0.000000,1.000000,5991.000000,40.000000,39.217529
6000.000000,1.000000,66.000000,0.000000,1.000000,5991.000000,40.000000,39.217529
6000.000000,1.000000,66.000000,0.000000,1.000000,5991.000000,40.000000,39.217529
6000.000000,1.000000,66.000000,0.000000,1.000000,5991.000000,40.000000,39.217529
6000.000000,1.000000,66.000000,0.000000,1.000000,5991.000000,40.000000,39.217529
6000.000000,1.000000,66.000000,0.000000,1.000000,5991.000000,40.000000,39.217529
6000.000000,1.000000,66.000000,0.000000,1.000000,5991.000000,40.000000,39.217529
6000.000000,1.000000,66.000000,0.000000,1.000000,5991.000000,40.000000,39.217529
6000.000000,1.000000,66.000000,0.000000,1.000000,5991.000000,40.000000,39.217529
6000.000000,1.000000,66.000000,0.000000,1.000000,5991.000000,40.000000,39.217529
6000.000000,1.000000,66.000000,0.000000,1.000000,5991.000000,40.000000,39.217529
6000.000000,1.000000,66.000000,0.000000,1.000000,5991.000000,40.000000,39.217529
6000.000000,1.000000,66.000000,0.000000,1.000000,5991.000000,40.000000,39.217529
6000.000000,1.000000,66.000000,0.000000,1.000000,5991.000000,40.000000,39.217529
6000.000000,1.000000,66.000000,0.000000,1.000000,5991.000000,40.000000,39.217529
6000.000000,1.000000,66.000000,0.000000,1.000000,5991.000000,40.000000,39.217529
6000.000000,1.000000,66.000000,0.000000,1.000000,5991.000000,40.000000,39.217529
6000.000000,1.000000,66.000000,0.000000,1.000000,5991.000000,40.000000,39.217529
6000.000000,1.000000,66.000000,0.000000,1.000000,5991.000000,40.000000,39.217529
6000.000000,1.000000,66.000000,0.000000,1.000000,5991.000000,40.000000,39.217529
6000.000000,1.000000,66.000000,0.000000,1.000000,5991.000000,40.000000,39.217529
6000.000000,1.000000,66.000000,0.000000,1.000000,5991.000000,40.000000,39.217529
6000.000000,1.000000,66.000000,0.000000,1.000000,5991.000000,40.000000,39.217529
6000.000000,1.000000,66.000000,0.000000,1.000000,5991.000000,40.000000,39.217529
6000.000000,1.000000,66.000000,0.000000,1.000000,5991.000000,40.000000,39.217529
6000.000000,1.000000,66.000000,0.000000,1.000000,5991.000000,40.000000,39.217529
6000.000000,1.000000,66.000000,0.000000,1.000000,5991.000000,40.000000,39.217529
6000.000000,1.000000,66.000000,0.000000,1.000000,5991.000000,40.000000,39.217529
6000.000000,1.000000,66.000000,0.000000,1.000000,5991.000000,40.000000,39.217529
6000.000000,1.000000,66.000000,0.000000,1.000000,5991.000000,40.000000,39.217529
6000.000000,1.000000,66.000000,0.000000,1.000000,5991.000000,40.000000,39.217529
6000.000000,1.000000,66.000000,0.000000,1.000000,5991.000000,40.000000,39.217529
6000.000000,1.000000,66.000000,0.000000,1.000000,5991.000000,40.000000,39.217529
6000.000000,1.000000,66.000000,0.000000,1.000000,5991.000000,40.000000,39.217529
6000.000000,1.000000,66.000000,0.000000,1.000000,5991.000000,40.000000,39.217529
6000.000000,1.000000,66.000000,0.000000,1.000000,5991.000000,40.000000,39.217529
6000.000000,1.000000,66.000000,0.000000,1.000000,5991.000000,40.000000,39.217529
6000.000000,1.000000,66.000000,0.000000,1.000000,5991.000000,40.000000,39.217529
6000.000000,1.000000,66.000000,0.000000,1.000000,5991.000000,40.000000,39.217529
6000.000000,1.000000,66.000000,0.000000,1.000000,5991.000000,40.000000,39.217529
6000.000000,1.000000,66.000000,0.000000,1.000000,5991.000000,40.000000,39.217529
6000.000000,1.000000,66.000000,0.000000,1.000000,5991.000000,40.000000,39.217529
6000.000000,1.000000,66.000000,0.000000,1.000000,5991.000000,40.000000,39.217529
6000.000000,1.000000,66.000000,0.000000,1.000000,5991.000000,40.000000,39.217529
6000.000000,1.000000,66.000000,0.000000,1.000000,5991.000000,40.000000,39.217529
6000.000000,1.000000,66.000000,0.000000,1.000000,5991.000000,40.000000,39.217529
6000.000000,1.000000,66.000000,0.000000,1.000000,5991.000000,40.000000,39.217529
6000.000000,1.000000,66.000000,0.000000,1.000000,5991.000000,40.000000,39.217529
6000.000000,1.000000,66.000000,0.000000,1.000000,5991.000000,40.000000,39.217529
6000.000000,1.000000,66.000000,0.000000,1.000000,5991.000000,40.000000,39.217529
6000.000000,1.000000,66.000000,0.000000,1.000000,5991.000000,40.000000,39.217529
6000.000000,1.000000,66.000000,0.000000,1.000000,5991.000000,40.000000,39.217529
6000.000000,1.000000,66.000000,0.000000,1.000000,5991.000000,40.000000,39.217529
6000.000000,1.000000,66.000000,0.000000,1.000000,5991.000000,40.000000,39.217529
6000.000000,1.000000,66.000000,0.000000,1.000000,5991.000000,40.000000,39.217529
6000.000000,1.000000,66.000000,0.000000,1.000000,5991.000000,40.000000,39.217529
6000.000000,1.000000,66.000000,0.000000,1.000000,5991.000000,40.000000,39.217529
6000.000000,1.000000,66.000000,0.000000,1.000000,5991.000000,40.000000,39.217529
6000.000000,1.000000,66.000000,0.000000,1.000000,5991.000000,40.000000,39.217529
6000.000000,1.000000,66.000000,0.000000,1.000000,5991.000000,40.000000,39.217529
6000.000000,1.000000,66.000000,0.000000,1.000000,5991.000000,40.000000,39.217529
6000.000000,1.000000,66.000000,0.000000,1.000000,5991.000000,40.000000,39.217529
6000.000000,1.000000,66.000000,0.000000,1.000000,5991.000000,40.000000,39.217529
6000.000000,1.000000,66.000000,0.000000,1.000000,5991.000000,40.000000,39.217529
6000.000000,1.000000,66.000000,0.000000,1.000000,5991.000000,40.000000,39.217529
6000.000000,1.000000,66.000000,0.000000,1.000000,5991.000000,40.000000,39.217529
6000.000000,1.000000,66.000000,0.000000,1.000000,5991.000000,40.000000,39.217529
6000.000000,1.000000,66.000000,0.000000,1.000000,5991.000000,40.000000,39.217529
6000.000000,1.000000,66.000000,0.000000,1.000000,5991.000000,40.000000,39.217529
6000.000000,1.000000,66.000000,0.000000,1.000000,5991.000000,40.000000,39.217529
6000.000000,1.000000,66.000000,0.000000,1.000000,5991.000000,40.000000,39.217529
6000.000000,1.000000,66.000000,0.000000,1.000000,5991.000000,40.000000,39.217529
6000.000000,1.000000,66.000000,0.000000,1.000000,5991.000000,40.000000,39.217529
6000.000000,1.000000,66.000000,0.000000,1.000000,5991.000000,40.000000,39.217529
6000.000000,1.000000,66.000000,0.000000,1.000000,5991.000000,40.000000,39.217529
6000.000000,1.000000,66.000000,0.000000,1.000000,5991.000000,40.000000,39.217529
6000.000000,1.000000,66.000000,0.000000,1.000000,5991.000000,40.000000,39.217529
6000.000000,1.000000,66.000000,0.000000,1.000000,5991.000000,40.000000,39.217529
6000.000000,1.000000,66.000000,0.000000,1.000000,5991.000000,40.000000,39.217529
6000.000000,1.000000,66.000000,0.000000,1.000000,5991.000000,40.000000,39.217529
6000.000000,1.000000,66.000000,0.000000,1.000000,5991.000000,40.000000,39.217529
6000.000000,1.000000,66.000000,0.000000,1.000000,5991.000000,40.000000,39.217529
6000.000000,1.000000,66.000000,0.000000,1.000000,5991.000000,40.000000,39.217529
6000.000000,1.000000,66.000000,0.000000,1.000000,5991.000000,40.000000,39.217529
6000.000000,1.000000,66.000000,0.000000,1.000000,5991.000000,40.000000,39.217529
6000.000000,1.000000,66.000000,0.000000,1.000000,5991.000000,40.000000,39.217529
6000.000000,1.000000,66.000000,0.000000,1.000000,5991.000000,40.000000,39.217529
6000.000000,1.000000,66.000000,0.000000,1.000000,5991.000000,40.000000,39.217529
6000.000000,1.000000,66.000000,0.000000,1.000000,5991.000000,40.000000,39.217529
6000.000000,1.000000,66.000000,0.000000,1.000000,5991.000000,40.000000,39.217529
6000.000000,1.000000,66.000000,0.000000,1.000000,5991.000000,40.000000,39.217529
6000.000000,1.000000,66.000000,0.000000,1.000000,5991.000000,40.000000,39.217529
6000.000000,1.000000,66.000000,0.000000,1.000000,5991.000000,40.000000,39.217529
6000.000000,1.000000,66.000000,0.000000,1.000000,5991.000000,40.000000,39.217529
6000.000000,1.000000,66.000000,0.000000,1.000000,5991.000000,40.000000,39.217529
6000.000000,1.000000,66.000000,0.000000,1.000000,5991.000000,40.000000,39.217529
6000.000000,1.000000,66.000000,0.000000,1.000000,5991.000000,40.000000,39.217529
6000.000000,1.000000,66.000000,0.000000,1.000000,5991.000000,40.000000,39.217529
6000.000000,1.000000,66.000000,0.000000,1.000000,5991.000000,40.000000,39.217529
6000.000000,1.000000,66.000000,0.000000,1.000000,5991.000000,40.000000,39.217529
6000.000000,1.000000,66.000000,0.000000,1.000000,5991.000000,40.000000,39.217529
6000.000000,1.000000,66.000000,0.000000,1.000000,5991.000000,40.000000,39.217529
6000.000000,1.000000,66.000000,0.000000,1.000000,5991.000000,40.000000,39.217529
6000.000000,1.000000,66.000000,0.000000,1.000000,5991.000000,40.000000,39.217529
6000.000000,1.000000,66.000000,0.000000,1.000000,5991.000000,40.000000,39.217529
6000.000000,1.000000,66.000000,0.000000,1.000000,5991.000000,40.000000,39.217529
6000.000000,1.000000,66.000000,0.000000,1.000000,5991.000000,40.000000,39.217529
6000.000000,1.000000,66.000000,0.000000,1.000000,5991.000000,40.000000,39.217529
6000.000000,1.000000,66.000000,0.000000,1.000000,5991.000000,40.000000,39.217529
6000.000000,1.000000,66.000000,0.000000,1.000000,5991.000000,40.000000,39.217529
6000.000000,1.000000,66.000000,0.000000,1.000000,5991.000000,40.000000,39.217529
6000.000000,1.000000,66.000000,0.000000,1.000000,5991.000000,40.000000,39.217529
6000.000000,1.000000,66.000000,0.000000,1.000000,5991.000000,40.000000,39.217529
6000.000000,1.000000,66.000000,0.000000,1.000000,5991.000000,40.000000,39.217529
6000.000000,1.000000,66.000000,0.000000,1.000000,5991.000000,40.000000,39.217529
6000.000000,1.000000,66.000000,0.000000,1.000000,5991.000000,40.000000,39.217529
6000.000000,1.000000,66.000000,0.000000,1.000000,5991.000000,40.000000,39.217529
6000.000000,1.000000,66.000000,0.000000,1.000000,5991.000000,40.000000,39.217529
6000.000000,1.000000,66.000000,0.000000,1.000000,5991.000000,40.000000,39.217529
6000.000000,1.000000,66.000000,0.000000,1.000000,5991.000000,40.000000,39.217529
6000.000000,1.000000,66.000000,0.000000,1.000000,5991.000000,40.000000,39.217529
6000.000000,1.000000,66.000000,0.000000,1.000000,5991.000000,40.000000,39.217529
6000.000000,1.000000,66.000000,0.000000,1.000000,5991.000000,40.000000,39.217529
6000.000000,1.000000,66.000000,0.000000,1.000000,5991.000000,40.000000,39.217529
6000.000000,1.000000,66.000000,0.000000,1.000000,5991.000000,40.000000,39.217529
6000.000000,1.000000,66.000000,0.000000,1.000000,5991.000000,40.000000,39.217529
6000.000000,1.000000,66.000000,0.000000,1.000000,5991.000000,40.000000,39.217529
6000.000000,1.000000,66.000000,0.000000,1.000000,5991.000000,40.000000,39.217529
6000.000000,1.000000,66.000000,0.000000,1.000000,5991.000000,40.000000,39.217529
6000.000000,1.000000,66.000000,0.000000,1.000000,5991.000000,40.000000,39.217529
6000.000000,1.000000,66.000000,0.000000,1.000000,5991.000000,40.000000,39.217529
6000.000000,1.000000,66.000000,0.000000,1.000000,5991.000000,40.000000,39.217529
6000.000000,1.000000,66.000000,0.000000,1.000000,5991.000000,40.000000,39.217529
6000.000000,1.000000,66.000000,0.000000,1.000000,5991.000000,40.000000,39.217529
6000.000000,1.000000,66.000000,0.000000,1.000000,5991.000000,40.000000,39.217529
6000.000000,1.000000,66.000000,0.000000,1.000000,5991.000000,40.000000,39.217529
6000.000000,1.000000,66.000000,0.000000,1.000000,5991.000000,40.000000,39.217529
6000.000000,1.000000,66.000000,0.000000,1.000000,5991.000000,40.000000,39.217529
6000.000000,1.000000,66.000000,0.000000,1.000000,5991.000000,40.000000,39.217529
6000.000000,1.000000,66.000000,0.000000,1.000000,5991.000000,40.000000,39.217529
6000.000000,1.000000,66.000000,0.000000,1.000000,5991.000000,40.000000,39.217529
6000.000000,1.000000,66.000000,0.000000,1.000000,5991.000000,40.000000,39.217529
6000.000000,1.000000,66.000000,0.000000,1.000000,5991.000000,40.000000,39.217529
6000.000000,1.000000,66.000000,0.000000,1.000000,5991.000000,40.000000,39.217529
6000.000000,1.000000,66.000000,0.000000,1.000000,5991.000000,40.000000,39.217529
6000.000000,1.000000,66.000000,0.000000,1.000000,5991.000000,40.000000,39.217529
6000.000000,1.000000,66.000000,0.000000,1.000000,5991.000000,40.000000,39.217529
6000.000000,1.000000,66.000000,0.000000,1.000000,5991.000000,40.000000,39.217529
6000.000000,1.000000,66.000000,0.000000,1.000000,5991.000000,40.000000,39.217529
6000.000000,1.000000,66.000000,0.000000,1.000000,5991.000000,40.000000,39.217529
6000.000000,1.000000,66.000000,0.000000,1.000000,5991.000000,40.000000,39.217529
6000.000000,1.000000,66.000000,0.000000,1.000000,5991.000000,40.000000,39.217529
6000.000000,1.000000,66.000000,0.000000,1.000000,5991.000000,40.000000,39.217529
6000.000000,1.000000,66.000000,0.000000,1.000000,5991.000000,40.000000,39.217529
6000.000000,1.000000,66.000000,0.000000,1.000000,5991.000000,40.000000,39.217529
6000.000000,1.000000,66.000000,0.000000,1.000000,5991.000000,40.000000,39.217529
6000.000000,1.000000,66.000000,0.000000,1.000000,5991.000000,40.000000,39.217529
6000.000000,1.000000,66.000000,1.000000,0.000000,2900.000000,0.000000,0.000000
6000.000000,1.000000,66.000000,1.000000,0.000000,4369.000000,0.000000,0.000000
6000.000000,1.000000,66.000000,1.000000,0.000000,5650.000000,0.000000,0.000000
6000.000000,1.000000,66.000000,1.000000,0.000000,5924.000000,0.000000,0.000000
6000.000000,1.000000,66.000000,1.000000,0.000000,6007.000000,0.000000,0.000000
6000.000000,1.000000,66.000000,1.000000,0.000000,6016.000000,0.000000,0.000000
6000.000000,1.000000,66.000000,1.000000,0.000000,6014.000000,0.000000,0.000000
6000.000000,1.000000,66.000000,1.000000,0.000000,6010.000000,0.000000,0.000000
6000.000000,1.000000,66.000000,1.000000,0.000000,6001.000000,0.000000,0.000000
6000.000000,1.000000,66.000000,1.000000,0.000000,5995.000000,0.000000,0.000000
6000.000000,1.000000,66.000000,1.000000,0.000000,5989.000000,0.000000,0.000000
6000.000000,1.000000,66.000000,1.000000,0.000000,5986.000000,0.000000,0.000000
6000.000000,1.000000,66.000000,1.000000,0.000000,5980.000000,0.000000,0.000000
6000.000000,1.000000,66.000000,1.000000,0.000000,5991.000000,0.000000,0.000000
6000.000000,1.000000,66.000000,1.000000,0.000000,5989.000000,0.000000,0.000000
6000.000000,1.000000,66.000000,1.000000,0.000000,5984.000000,0.000000,0.000000
6000.000000,1.000000,66.000000,1.000000,0.000000,5997.000000,0.000000,0.000000
6000.000000,1.000000,66.000000,1.000000,0.000000,5999.000000,0.000000,0.000000
6000.000000,1.000000,66.000000,1.000000,0.000000,6003.000000,0.000000,0.000000
6000.000000,1.000000,66.000000,1.000000,0.000000,5982.000000,0.000000,0.000000
6000.000000,1.000000,66.000000,1.000000,0.000000,5991.000000,0.000000,0.000000
6000.000000,1.000000,66.000000,1.000000,0.000000,5986.000000,0.000000,0.000000
6000.000000,1.000000,66.000000,1.000000,0.000000,5982.000000,0.000000,0.000000
6000.000000,1.000000,66.000000,1.000000,0.000000,5972.000000,0.000000,0.000000
6000.000000,1.000000,66.000000,1.000000,0.000000,5966.000000,0.000000,0.000000
6000.000000,1.000000,66.000000,1.000000,0.000000,5957.000000,0.000000,0.002441
6000.000000,1.000000,66.000000,1.000000,0.000000,5955.000000,0.000000,0.000000
6000.000000,1.000000,66.000000,1.000000,0.000000,5957.000000,0.000000,-0.009766
6000.000000,1.000000,66.000000,1.000000,0.000000,5957.000000,0.000000,0.003662
6000.000000,1.000000,66.000000,1.000000,0.000000,5963.000000,40.000000,1.390381
6000.000000,1.000000,66.000000,1.000000,0.000000,5976.000000,40.000000,5.019531
6000.000000,1.000000,66.000000,1.000000,0.000000,5627.000000,40.000000,8.881836
6000.000000,1.000000,66.000000,1.000000,0.000000,5980.000000,40.000000,12.841797
6000.000000,1.000000,66.000000,1.000000,0.000000,6020.000000,40.000000,16.727295
6000.000000,1.000000,66.000000,1.000000,0.000000,6024.000000,40.000000,20.500488
6000.000000,1.000000,66.000000,1.000000,0.000000,6018.000000,40.000000,24.276123
6000.000000,1.000000,66.000000,1.000000,0.000000,6012.000000,40.000000,28.167725
6000.000000,1.000000,66.000000,1.000000,0.000000,6003.000000,40.000000,32.055664
6000.000000,1.000000,66.000000,1.000000,0.000000,5995.000000,40.000000,35.782471
6000.000000,1.000000,66.000000,1.000000,0.000000,5986.000000,40.000000,38.541260
6000.000000,1.000000,66.000000,0.000000,1.000000,6005.000000,40.000000,39.232178
6000.000000,1.000000,66.000000,0.000000,1.000000,6005.000000,40.000000,39.232178
6000.000000,1.000000,66.000000,0.000000,1.000000,6005.000000,40.000000,39.232178
6000.000000,1.000000,66.000000,0.000000,1.000000,6005.000000,40.000000,39.232178
6000.000000,1.000000,66.000000,0.000000,1.000000,6005.000000,40.000000,39.232178
6000.000000,1.000000,66.000000,0.000000,1.000000,6005.000000,40.000000,39.232178
6000.000000,1.000000,66.000000,0.000000,1.000000,6005.000000,40.000000,39.232178
6000.000000,1.000000,66.000000,0.000000,1.000000,6005.000000,40.000000,39.232178
6000.000000,1.000000,66.000000,0.000000,1.000000,6005.000000,40.000000,39.232178
6000.000000,1.000000,66.000000,0.000000,1.000000,6005.000000,40.000000,39.232178
6000.000000,1.000000,66.000000,0.000000,1.000000,6005.000000,40.000000,39.232178
6000.000000,1.000000,66.000000,0.000000,1.000000,6005.000000,40.000000,39.232178
6000.000000,1.000000,66.000000,0.000000,1.000000,6005.000000,40.000000,39.232178
6000.000000,1.000000,66.000000,0.000000,1.000000,6005.000000,40.000000,39.232178
6000.000000,1.000000,66.000000,0.000000,1.000000,6005.000000,40.000000,39.232178
6000.000000,1.000000,66.000000,0.000000,1.000000,6005.000000,40.000000,39.232178
6000.000000,1.000000,66.000000,0.000000,1.000000,6005.000000,40.000000,39.232178
6000.000000,1.000000,66.000000,0.000000,1.000000,6005.000000,40.000000,39.232178
6000.000000,1.000000,66.000000,0.000000,1.000000,6005.000000,40.000000,39.232178
6000.000000,1.000000,66.000000,0.000000,1.000000,6005.000000,40.000000,39.232178
6000.000000,1.000000,66.000000,0.000000,1.000000,6005.000000,40.000000,39.232178
6000.000000,1.000000,66.000000,0.000000,1.000000,6005.000000,40.000000,39.232178
6000.000000,1.000000,66.000000,0.000000,1.000000,6005.000000,40.000000,39.232178
6000.000000,1.000000,66.000000,0.000000,1.000000,6005.000000,40.000000,39.232178
6000.000000,1.000000,66.000000,0.000000,1.000000,6005.000000,40.000000,39.232178
6000.000000,1.000000,66.000000,0.000000,1.000000,6005.000000,40.000000,39.232178
6000.000000,1.000000,66.000000,0.000000,1.000000,6005.000000,40.000000,39.232178
6000.000000,1.000000,66.000000,0.000000,1.000000,6005.000000,40.000000,39.232178
6000.000000,1.000000,66.000000,0.000000,1.000000,6005.000000,40.000000,39.232178
6000.000000,1.000000,66.000000,0.000000,1.000000,6005.000000,40.000000,39.232178
6000.000000,1.000000,66.000000,0.000000,1.000000,6005.000000,40.000000,39.232178
6000.000000,1.000000,66.000000,0.000000,1.000000,6005.000000,40.000000,39.232178
6000.000000,1.000000,66.000000,0.000000,1.000000,6005.000000,40.000000,39.232178
6000.000000,1.000000,66.000000,0.000000,1.000000,6005.000000,40.000000,39.232178
6000.000000,1.000000,66.000000,0.000000,1.000000,6005.000000,40.000000,39.232178
6000.000000,1.000000,66.000000,0.000000,1.000000,6005.000000,40.000000,39.232178
6000.000000,1.000000,66.000000,0.000000,1.000000,6005.000000,40.000000,39.232178
6000.000000,1.000000,66.000000,0.000000,1.000000,6005.000000,40.000000,39.232178
6000.000000,1.000000,66.000000,0.000000,1.000000,6005.000000,40.000000,39.232178
6000.000000,1.000000,66.000000,0.000000,1.000000,6005.000000,40.000000,39.232178
6000.000000,1.000000,66.000000,0.000000,1.000000,6005.000000,40.000000,39.232178
6000.000000,1.000000,66.000000,0.000000,1.000000,6005.000000,40.000000,39.232178
6000.000000,1.000000,66.000000,0.000000,1.000000,6005.000000,40.000000,39.232178
6000.000000,1.000000,66.000000,0.000000,1.000000,6005.000000,40.000000,39.232178
6000.000000,1.000000,66.000000,0.000000,1.000000,6005.000000,40.000000,39.232178
6000.000000,1.000000,66.000000,0.000000,1.000000,6005.000000,40.000000,39.232178
6000.000000,1.000000,66.000000,0.000000,1.000000,6005.000000,40.000000,39.232178
6000.000000,1.000000,66.000000,0.000000,1.000000,6005.000000,40.000000,39.232178
6000.000000,1.000000,66.000000,0.000000,1.000000,6005.000000,40.000000,39.232178
6000.000000,1.000000,66.000000,0.000000,1.000000,6005.000000,40.000000,39.232178
6000.000000,1.000000,66.000000,0.000000,1.000000,6005.000000,40.000000,39.232178
6000.000000,1.000000,66.000000,0.000000,1.000000,6005.000000,40.000000,39.232178
6000.000000,1.000000,66.000000,0.000000,1.000000,6005.000000,40.000000,39.232178
6000.000000,1.000000,66.000000,0.000000,1.000000,6005.000000,40.000000,39.232178
6000.000000,1.000000,66.000000,0.000000,1.000000,6005.000000,40.000000,39.232178
6000.000000,1.000000,66.000000,0.000000,1.000000,6005.000000,40.000000,39.232178
6000.000000,1.000000,66.000000,0.000000,1.000000,6005.000000,40.000000,39.232178
6000.000000,1.000000,66.000000,0.000000,1.000000,6005.000000,40.000000,39.232178
6000.000000,1.000000,66.000000,0.000000,1.000000,6005.000000,40.000000,39.232178
6000.000000,1.000000,66.000000,0.000000,1.000000,6005.000000,40.000000,39.232178
6000.000000,1.000000,66.000000,0.000000,1.000000,6005.000000,40.000000,39.232178
6000.000000,1.000000,66.000000,0.000000,1.000000,6005.000000,40.000000,39.232178
6000.000000,1.000000,66.000000,0.000000,1.000000,6005.000000,40.000000,39.232178
6000.000000,1.000000,66.000000,0.000000,1.000000,6005.000000,40.000000,39.232178
6000.000000,1.000000,66.000000,0.000000,1.000000,6005.000000,40.000000,39.232178
6000.000000,1.000000,66.000000,0.000000,1.000000,6005.000000,40.000000,39.232178
6000.000000,1.000000,66.000000,0.000000,1.000000,6005.000000,40.000000,39.232178
6000.000000,1.000000,66.000000,0.000000,1.000000,6005.000000,40.000000,39.232178
6000.000000,1.000000,66.000000,0.000000,1.000000,6005.000000,40.000000,39.232178
6000.000000,1.000000,66.000000,0.000000,1.000000,6005.000000,40.000000,39.232178
6000.000000,1.000000,66.000000,0.000000,1.000000,6005.000000,40.000000,39.232178
6000.000000,1.000000,66.000000,0.000000,1.000000,6005.000000,40.000000,39.232178
6000.000000,1.000000,66.000000,0.000000,1.000000,6005.000000,40.000000,39.232178
6000.000000,1.000000,66.000000,0.000000,1.000000,6005.000000,40.000000,39.232178
6000.000000,1.000000,66.000000,0.000000,1.000000,6005.000000,40.000000,39.232178
6000.000000,1.000000,66.000000,0.000000,1.000000,6005.000000,40.000000,39.232178
6000.000000,1.000000,66.000000,0.000000,1.000000,6005.000000,40.000000,39.232178
6000.000000,1.000000,66.000000,0.000000,1.000000,6005.000000,40.000000,39.232178
6000.000000,1.000000,66.000000,0.000000,1.000000,6005.000000,40.000000,39.232178
6000.000000,1.000000,66.000000,0.000000,1.000000,6005.000000,40.000000,39.232178
6000.000000,1.000000,66.000000,0.000000,1.000000,6005.000000,40.000000,39.232178
6000.000000,1.000000,66.000000,0.000000,1.000000,6005.000000,40.000000,39.232178
6000.000000,1.000000,66.000000,0.000000,1.000000,6005.000000,40.000000,39.232178
6000.000000,1.000000,66.000000,0.000000,1.000000,6005.000000,40.000000,39.232178
6000.000000,1.000000,66.000000,0.000000,1.000000,6005.000000,40.000000,39.232178
6000.000000,1.000000,66.000000,0.000000,1.000000,6005.000000,40.000000,39.232178
6000.000000,1.000000,66.000000,0.000000,1.000000,6005.000000,40.000000,39.232178
6000.000000,1.000000,66.000000,0.000000,1.000000,6005.000000,40.000000,39.232178
6000.000000,1.000000,66.000000,0.000000,1.000000,6005.000000,40.000000,39.232178
6000.000000,1.000000,66.000000,0.000000,1.000000,6005.000000,40.000000,39.232178
6000.000000,1.000000,66.000000,0.000000,1.000000,6005.000000,40.000000,39.232178
6000.000000,1.000000,66.000000,0.000000,1.000000,6005.000000,40.000000,39.232178
6000.000000,1.000000,66.000000,0.000000,1.000000,6005.000000,40.000000,39.232178
6000.000000,1.000000,66.000000,0.000000,1.000000,6005.000000,40.000000,39.232178
6000.000000,1.000000,66.000000,0.000000,1.000000,6005.000000,40.000000,39.232178
6000.000000,1.000000,66.000000,0.000000,1.000000,6005.000000,40.000000,39.232178
6000.000000,1.000000,66.000000,0.000000,1.000000,6005.000000,40.000000,39.232178
6000.000000,1.000000,66.000000,0.000000,1.000000,6005.000000,40.000000,39.232178
6000.000000,1.000000,66.000000,0.000000,1.000000,6005.000000,40.000000,39.232178
6000.000000,1.000000,66.000000,0.000000,1.000000,6005.000000,40.000000,39.232178
6000.000000,1.000000,66.000000,0.000000,1.000000,6005.000000,40.000000,39.232178
6000.000000,1.000000,66.000000,0.000000,1.000000,6005.000000,40.000000,39.232178
6000.000000,1.000000,66.000000,0.000000,1.000000,6005.000000,40.000000,39.232178
6000.000000,1.000000,66.000000,0.000000,1.000000,6005.000000,40.000000,39.232178
6000.000000,1.000000,66.000000,0.000000,1.000000,6005.000000,40.000000,39.232178
6000.000000,1.000000,66.000000,0.000000,1.000000,6005.000000,40.000000,39.232178
6000.000000,1.000000,66.000000,0.000000,1.000000,6005.000000,40.000000,39.232178
6000.000000,1.000000,66.000000,0.000000,1.000000,6005.000000,40.000000,39.232178
6000.000000,1.000000,66.000000,0.000000,1.000000,6005.000000,40.000000,39.232178
6000.000000,1.000000,66.000000,0.000000,1.000000,6005.000000,40.000000,39.232178
6000.000000,1.000000,66.000000,0.000000,1.000000,6005.000000,40.000000,39.232178
6000.000000,1.000000,66.000000,0.000000,1.000000,6005.000000,40.000000,39.232178
6000.000000,1.000000,66.000000,0.000000,1.000000,6005.000000,40.000000,39.232178
6000.000000,1.000000,66.000000,0.000000,1.000000,6005.000000,40.000000,39.232178
6000.000000,1.000000,66.000000,0.000000,1.000000,6005.000000,40.000000,39.232178
6000.000000,1.000000,66.000000,0.000000,1.000000,6005.000000,40.000000,39.232178
6000.000000,1.000000,66.000000,0.000000,1.000000,6005.000000,40.000000,39.232178
6000.000000,1.000000,66.000000,0.000000,1.000000,6005.000000,40.000000,39.232178
6000.000000,1.000000,66.000000,0.000000,1.000000,6005.000000,40.000000,39.232178
6000.000000,1.000000,66.000000,0.000000,1.000000,6005.000000,40.000000,39.232178
6000.000000,1.000000,66.000000,0.000000,1.000000,6005.000000,40.000000,39.232178
6000.000000,1.000000,66.000000,0.000000,1.000000,6005.000000,40.000000,39.232178
6000.000000,1.000000,66.000000,0.000000,1.000000,6005.000000,40.000000,39.232178
6000.000000,1.000000,66.000000,0.000000,1.000000,6005.000000,40.000000,39.232178
6000.000000,1.000000,66.000000,0.000000,1.000000,6005.000000,40.000000,39.232178
6000.000000,1.000000,66.000000,0.000000,1.000000,6005.000000,40.000000,39.232178
6000.000000,1.000000,66.000000,0.000000,1.000000,6005.000000,40.000000,39.232178
6000.000000,1.000000,66.000000,0.000000,1.000000,6005.000000,40.000000,39.232178
6000.000000,1.000000,66.000000,0.000000,1.000000,6005.000000,40.000000,39.232178
6000.000000,1.000000,66.000000,0.000000,1.000000,6005.000000,40.000000,39.232178
6000.000000,1.000000,66.000000,0.000000,1.000000,6005.000000,40.000000,39.232178
6000.000000,1.000000,66.000000,0.000000,1.000000,6005.000000,40.000000,39.232178
6000.000000,1.000000,66.000000,0.000000,1.000000,6005.000000,40.000000,39.232178
6000.000000,1.000000,66.000000,0.000000,1.000000,6005.000000,40.000000,39.232178
6000.000000,1.000000,66.000000,0.000000,1.000000,6005.000000,40.000000,39.232178
6000.000000,1.000000,66.000000,0.000000,1.000000,6005.000000,40.000000,39.232178
6000.000000,1.000000,66.000000,0.000000,1.000000,6005.000000,40.000000,39.232178
6000.000000,1.000000,66.000000,0.000000,1.000000,6005.000000,40.000000,39.232178
6000.000000,1.000000,66.000000,0.000000,1.000000,6005.000000,40.000000,39.232178
6000.000000,1.000000,66.000000,0.000000,1.000000,6005.000000,40.000000,39.232178
6000.000000,1.000000,66.000000,0.000000,1.000000,6005.000000,40.000000,39.232178
6000.000000,1.000000,66.000000,0.000000,1.000000,6005.000000,40.000000,39.232178
6000.000000,1.000000,66.000000,0.000000,1.000000,6005.000000,40.000000,39.232178
6000.000000,1.000000,66.000000,0.000000,1.000000,6005.000000,40.000000,39.232178
6000.000000,1.000000,66.000000,0.000000,1.000000,6005.000000,40.000000,39.232178
6000.000000,1.000000,66.000000,0.000000,1.000000,6005.000000,40.000000,39.232178
6000.000000,1.000000,66.000000,0.000000,1.000000,6005.000000,40.000000,39.232178
6000.000000,1.000000,66.000000,0.000000,1.000000,6005.000000,40.000000,39.232178
6000.000000,1.000000,66.000000,0.000000,1.000000,6005.000000,40.000000,39.232178
6000.000000,1.000000,66.000000,0.000000,1.000000,6005.000000,40.000000,39.232178
6000.000000,1.000000,66.000000,0.000000,1.000000,6005.000000,40.000000,39.232178
6000.000000,1.000000,66.000000,0.000000,1.000000,6005.000000,40.000000,39.232178
6000.000000,1.000000,66.000000,0.000000,1.000000,6005.000000,40.000000,39.232178
6000.000000,1.000000,66.000000,0.000000,1.000000,6005.000000,40.000000,39.232178
6000.000000,1.000000,66.000000,0.000000,1.000000,6005.000000,40.000000,39.232178
6000.000000,1.000000,66.000000,0.000000,1.000000,6005.000000,40.000000,39.232178
6000.000000,1.000000,66.000000,0.000000,1.000000,6005.000000,40.000000,39.232178
6000.000000,1.000000,66.000000,0.000000,1.000000,6005.000000,40.000000,39.232178
6000.000000,1.000000,66.000000,0.000000,1.000000,6005.000000,40.000000,39.232178
6000.000000,1.000000,66.000000,0.000000,1.000000,6005.000000,40.000000,39.232178
6000.000000,1.000000,66.000000,0.000000,1.000000,6005.000000,40.000000,39.232178
6000.000000,1.000000,66.000000,0.000000,1.000000,6005.000000,40.000000,39.232178
6000.000000,1.000000,66.000000,0.000000,1.000000,6005.000000,40.000000,39.232178
6000.000000,1.000000,66.000000,0.000000,1.000000,6005.000000,40.000000,39.232178
6000.000000,1.000000,66.000000,0.000000,1.000000,6005.000000,40.000000,39.232178
6000.000000,1.000000,66.000000,0.000000,1.000000,6005.000000,40.000000,39.232178
6000.000000,1.000000,66.000000,0.000000,1.000000,6005.000000,40.000000,39.232178
6000.000000,1.000000,66.000000,0.000000,1.000000,6005.000000,40.000000,39.232178
6000.000000,1.000000,66.000000,0.000000,1.000000,6005.000000,40.000000,39.232178
6000.000000,1.000000,66.000000,0.000000,1.000000,6005.000000,40.000000,39.232178
6000.000000,1.000000,66.000000,0.000000,1.000000,6005.000000,40.000000,39.232178
6000.000000,1.000000,66.000000,0.000000,1.000000,6005.000000,40.000000,39.232178
6000.000000,1.000000,66.000000,0.000000,1.000000,6005.000000,40.000000,39.232178
6000.000000,1.000000,66.000000,0.000000,1.000000,6005.000000,40.000000,39.232178
6000.000000,1.000000,66.000000,0.000000,1.000000,6005.000000,40.000000,39.232178
6000.000000,1.000000,66.000000,0.000000,1.000000,6005.000000,40.000000,39.232178
6000.000000,1.000000,66.000000,0.000000,1.000000,6005.000000,40.000000,39.232178
6000.000000,1.000000,66.000000,0.000000,1.000000,6005.000000,40.000000,39.232178
6000.000000,1.000000,66.000000,0.000000,1.000000,6005.000000,40.000000,39.232178
6000.000000,1.000000,66.000000,0.000000,1.000000,6005.000000,40.000000,39.232178
6000.000000,1.000000,66.000000,0.000000,1.000000,6005.000000,40.000000,39.232178
6000.000000,1.000000,66.000000,0.000000,1.000000,6005.000000,40.000000,39.232178
6000.000000,1.000000,66.000000,0.000000,1.000000,6005.000000,40.000000,39.232178
6000.000000,1.000000,66.000000,0.000000,1.000000,6005.000000,40.000000,39.232178
6000.000000,1.000000,66.000000,0.000000,1.000000,6005.000000,40.000000,39.232178
6000.000000,1.000000,66.000000,0.000000,1.000000,6005.000000,40.000000,39.232178
6000.000000,1.000000,66.000000,0.000000,1.000000,6005.000000,40.000000,39.232178
6000.000000,1.000000,66.000000,1.000000,0.000000,4409.000000,0.000000,0.000000
6000.000000,1.000000,66.000000,1.000000,0.000000,5641.000000,0.000000,0.000000
6000.000000,1.000000,66.000000,1.000000,0.000000,5913.000000,0.000000,0.000000
6000.000000,1.000000,66.000000,1.000000,0.000000,5957.000000,0.000000,0.000000
6000.000000,1.000000,66.000000,1.000000,0.000000,5970.000000,0.000000,0.000000
6000.000000,1.000000,66.000000,1.000000,0.000000,5976.000000,0.000000,0.000000
6000.000000,1.000000,66.000000,1.000000,0.000000,5978.000000,0.000000,0.000000
6000.000000,1.000000,66.000000,1.000000,0.000000,5986.000000,0.000000,0.000000
6000.000000,1.000000,66.000000,1.000000,0.000000,5995.000000,0.000000,0.000000
6000.000000,1.000000,66.000000,1.000000,0.000000,6005.000000,0.000000,0.000000
6000.000000,1.000000,66.000000,1.000000,0.000000,6003.000000,0.000000,0.000000
6000.000000,1.000000,66.000000,1.000000,0.000000,6007.000000,0.000000,0.000000
6000.000000,1.000000,66.000000,1.000000,0.000000,5989.000000,0.000000,0.000000
6000.000000,1.000000,66.000000,1.000000,0.000000,5989.000000,0.000000,0.000000
6000.000000,1.000000,66.000000,1.000000,0.000000,5984.000000,0.000000,0.000000
6000.000000,1.000000,66.000000,1.000000,0.000000,5978.000000,0.000000,0.000000
6000.000000,1.000000,66.000000,1.000000,0.000000,5976.000000,0.000000,0.000000
6000.000000,1.000000,66.000000,1.000000,0.000000,5976.000000,0.000000,0.000000
6000.000000,1.000000,66.000000,1.000000,0.000000,5976.000000,0.000000,0.000000
6000.000000,1.000000,66.000000,1.000000,0.000000,5986.000000,0.000000,0.000000
6000.000000,1.000000,66.000000,1.000000,0.000000,5980.000000,0.000000,0.000000
6000.000000,1.000000,66.000000,1.000000,0.000000,5995.000000,0.000000,0.000000
6000.000000,1.000000,66.000000,1.000000,0.000000,6005.000000,0.000000,0.000000
6000.000000,1.000000,66.000000,1.000000,0.000000,5989.000000,0.000000,0.000000
6000.000000,1.000000,66.000000,1.000000,0.000000,5997.000000,0.000000,0.000000
6000.000000,1.000000,66.000000,1.000000,0.000000,6016.000000,0.000000,0.003662
6000.000000,1.000000,66.000000,1.000000,0.000000,6001.000000,0.000000,0.002441
6000.000000,1.000000,66.000000,1.000000,0.000000,5999.000000,0.000000,0.004883
6000.000000,1.000000,66.000000,1.000000,0.000000,6012.000000,40.000000,0.112305
6000.000000,1.000000,66.000000,1.000000,0.000000,6012.000000,40.000000,3.276367
6000.000000,1.000000,66.000000,1.000000,0.000000,6010.000000,40.000000,7.003174
6000.000000,1.000000,66.000000,1.000000,0.000000,5997.000000,40.000000,10.340576
6000.000000,1.000000,66.000000,1.000000,0.000000,5694.000000,0.000000,0.000000
6000.000000,1.000000,66.000000,1.000000,0.000000,5972.000000,0.000000,0.000000
6000.000000,1.000000,66.000000,1.000000,0.000000,5995.000000,0.000000,0.000000
6000.000000,1.000000,66.000000,1.000000,0.000000,6003.000000,0.000000,0.000000
6000.000000,1.000000,66.000000,1.000000,0.000000,5991.000000,0.000000,0.000000
6000.000000,1.000000,66.000000,1.000000,0.000000,5993.000000,0.000000,0.000000
6000.000000,1.000000,66.000000,1.000000,0.000000,6005.000000,0.000000,0.000000
6000.000000,1.000000,66.000000,1.000000,0.000000,5999.000000,0.000000,0.000000
6000.000000,1.000000,66.000000,1.000000,0.000000,5999.000000,0.000000,0.000000
6000.000000,1.000000,66.000000,1.000000,0.000000,5999.000000,0.000000,0.000000
6000.000000,1.000000,66.000000,1.000000,0.000000,5993.000000,0.000000,0.002441
6000.000000,1.000000,66.000000,1.000000,0.000000,5991.000000,0.000000,0.019531
6000.000000,1.000000,66.000000,1.000000,0.000000,5989.000000,0.000000,0.000000
6000.000000,1.000000,66.000000,1.000000,0.000000,5982.000000,40.000000,0.444336
6000.000000,1.000000,66.000000,1.000000,0.000000,5980.000000,40.000000,4.427490
6000.000000,1.000000,66.000000,1.000000,0.000000,5976.000000,40.000000,8.079834
6000.000000,1.000000,66.000000,1.000000,0.000000,5976.000000,40.000000,11.917725
6000.000000,1.000000,66.000000,1.000000,0.000000,5974.000000,40.000000,15.847168
6000.000000,1.000000,66.000000,1.000000,0.000000,5986.000000,40.000000,19.631348
6000.000000,1.000000,66.000000,1.000000,0.000000,5978.000000,40.000000,23.356934
6000.000000,1.000000,66.000000,1.000000,0.000000,6018.000000,40.000000,26.965332
6000.000000,1.000000,66.000000,1.000000,0.000000,6026.000000,40.000000,30.601807
6000.000000,1.000000,66.000000,1.000000,0.000000,5993.000000,40.000000,34.611816
6000.000000,1.000000,66.000000,1.000000,0.000000,6012.000000,0.000000,0.000000
6000.000000,1.000000,66.000000,1.000000,0.000000,5951.000000,0.000000,0.000000
6000.000000,1.000000,66.000000,1.000000,0.000000,6007.000000,0.000000,0.000000
6000.000000,1.000000,66.000000,1.000000,0.000000,6033.000000,0.000000,0.000000
6000.000000,1.000000,66.000000,1.000000,0.000000,6035.000000,0.000000,0.000000
6000.000000,1.000000,66.000000,1.000000,0.000000,6030.000000,0.000000,0.000000
6000.000000,1.000000,66.000000,1.000000,0.000000,6026.000000,0.000000,-0.001221
6000.000000,1.000000,66.000000,1.000000,0.000000,6020.000000,0.000000,-0.002441
6000.000000,1.000000,66.000000,1.000000,0.000000,6012.000000,0.000000,-0.002441
6000.000000,1.000000,66.000000,1.000000,0.000000,6007.000000,40.000000,-0.003662
6000.000000,1.000000,66.000000,1.000000,0.000000,6003.000000,40.000000,3.016357
6000.000000,1.000000,66.000000,1.000000,0.000000,6007.000000,40.000000,6.909180
6000.000000,1.000000,66.000000,1.000000,0.000000,6012.000000,40.000000,10.615234
6000.000000,1.000000,66.000000,1.000000,0.000000,6014.000000,40.000000,14.522705
6000.000000,1.000000,66.000000,1.000000,0.000000,6018.000000,40.000000,18.430176
6000.000000,1.000000,66.000000,1.000000,0.000000,6020.000000,40.000000,22.152100
6000.000000,1.000000,66.000000,1.000000,0.000000,6024.000000,40.000000,25.819092
6000.000000,1.000000,66.000000,1.000000,0.000000,6022.000000,40.000000,29.619141
6000.000000,1.000000,66.000000,1.000000,0.000000,6043.000000,40.000000,33.327637
6000.000000,1.000000,66.000000,1.000000,0.000000,6045.000000,40.000000,37.122803
6000.000000,1.000000,66.000000,1.000000,0.000000,5989.000000,40.000000,38.605957
6000.000000,1.000000,66.000000,0.000000,1.000000,5943.000000,40.000000,39.270020
6000.000000,1.000000,66.000000,0.000000,1.000000,5943.000000,40.000000,39.270020
6000.000000,1.000000,66.000000,0.000000,1.000000,5943.000000,40.000000,39.270020
6000.000000,1.000000,66.000000,0.000000,1.000000,5943.000000,40.000000,39.270020
6000.000000,1.000000,66.000000,0.000000,1.000000,5943.000000,40.000000,39.270020
6000.000000,1.000000,66.000000,0.000000,1.000000,5943.000000,40.000000,39.270020
6000.000000,1.000000,66.000000,0.000000,1.000000,5943.000000,40.000000,39.270020
6000.000000,1.000000,66.000000,0.000000,1.000000,5943.000000,40.000000,39.270020
6000.000000,1.000000,66.000000,0.000000,1.000000,5943.000000,40.000000,39.270020
6000.000000,1.000000,66.000000,0.000000,1.000000,5943.000000,40.000000,39.270020
6000.000000,1.000000,66.000000,0.000000,1.000000,5943.000000,40.000000,39.270020
6000.000000,1.000000,66.000000,0.000000,1.000000,5943.000000,40.000000,39.270020
6000.000000,1.000000,66.000000,0.000000,1.000000,5943.000000,40.000000,39.270020
6000.000000,1.000000,66.000000,0.000000,1.000000,5943.000000,40.000000,39.270020
6000.000000,1.000000,66.000000,0.000000,1.000000,5943.000000,40.000000,39.270020
6000.000000,1.000000,66.000000,0.000000,1.000000,5943.000000,40.000000,39.270020
6000.000000,1.000000,66.000000,0.000000,1.000000,5943.000000,40.000000,39.270020
6000.000000,1.000000,66.000000,0.000000,1.000000,5943.000000,40.000000,39.270020
6000.000000,1.000000,66.000000,0.000000,1.000000,5943.000000,40.000000,39.270020
6000.000000,1.000000,66.000000,0.000000,1.000000,5943.000000,40.000000,39.270020
6000.000000,1.000000,66.000000,0.000000,1.000000,5943.000000,40.000000,39.270020
6000.000000,1.000000,66.000000,0.000000,1.000000,5943.000000,40.000000,39.270020
6000.000000,1.000000,66.000000,0.000000,1.000000,5943.000000,40.000000,39.270020
6000.000000,1.000000,66.000000,0.000000,1.000000,5943.000000,40.000000,39.270020
6000.000000,1.000000,66.000000,0.000000,1.000000,5943.000000,40.000000,39.270020
6000.000000,1.000000,66.000000,0.000000,1.000000,5943.000000,40.000000,39.270020
6000.000000,1.000000,66.000000,0.000000,1.000000,5943.000000,40.000000,39.270020
6000.000000,1.000000,66.000000,0.000000,1.000000,5943.000000,40.000000,39.270020
6000.000000,1.000000,66.000000,0.000000,1.000000,5943.000000,40.000000,39.270020
6000.000000,1.000000,66.000000,0.000000,1.000000,5943.000000,40.000000,39.270020
6000.000000,1.000000,66.000000,0.000000,1.000000,5943.000000,40.000000,39.270020
6000.000000,1.000000,66.000000,0.000000,1.000000,5943.000000,40.000000,39.270020
6000.000000,1.000000,66.000000,0.000000,1.000000,5943.000000,40.000000,39.270020
6000.000000,1.000000,66.000000,0.000000,1.000000,5943.000000,40.000000,39.270020
6000.000000,1.000000,66.000000,0.000000,1.000000,5943.000000,40.000000,39.270020
6000.000000,1.000000,66.000000,0.000000,1.000000,5943.000000,40.000000,39.270020
6000.000000,1.000000,66.000000,0.000000,1.000000,5943.000000,40.000000,39.270020
6000.000000,1.000000,66.000000,0.000000,1.000000,5943.000000,40.000000,39.270020
6000.000000,1.000000,66.000000,0.000000,1.000000,5943.000000,40.000000,39.270020
6000.000000,1.000000,66.000000,0.000000,1.000000,5943.000000,40.000000,39.270020
6000.000000,1.000000,66.000000,0.000000,1.000000,5943.000000,40.000000,39.270020
6000.000000,1.000000,66.000000,0.000000,1.000000,5943.000000,40.000000,39.270020
6000.000000,1.000000,66.000000,0.000000,1.000000,5943.000000,40.000000,39.270020
6000.000000,1.000000,66.000000,0.000000,1.000000,5943.000000,40.000000,39.270020
6000.000000,1.000000,66.000000,0.000000,1.000000,5943.000000,40.000000,39.270020
6000.000000,1.000000,66.000000,0.000000,1.000000,5943.000000,40.000000,39.270020
6000.000000,1.000000,66.000000,0.000000,1.000000,5943.000000,40.000000,39.270020
6000.000000,1.000000,66.000000,0.000000,1.000000,5943.000000,40.000000,39.270020
6000.000000,1.000000,66.000000,0.000000,1.000000,5943.000000,40.000000,39.270020
6000.000000,1.000000,66.000000,0.000000,1.000000,5943.000000,40.000000,39.270020
6000.000000,1.000000,66.000000,0.000000,1.000000,5943.000000,40.000000,39.270020
6000.000000,1.000000,66.000000,0.000000,1.000000,5943.000000,40.000000,39.270020
6000.000000,1.000000,66.000000,0.000000,1.000000,5943.000000,40.000000,39.270020
6000.000000,1.000000,66.000000,0.000000,1.000000,5943.000000,40.000000,39.270020
6000.000000,1.000000,66.000000,0.000000,1.000000,5943.000000,40.000000,39.270020
6000.000000,1.000000,66.000000,0.000000,1.000000,5943.000000,40.000000,39.270020
6000.000000,1.000000,66.000000,0.000000,1.000000,5943.000000,40.000000,39.270020
6000.000000,1.000000,66.000000,0.000000,1.000000,5943.000000,40.000000,39.270020
6000.000000,1.000000,66.000000,0.000000,1.000000,5943.000000,40.000000,39.270020
6000.000000,1.000000,66.000000,0.000000,1.000000,5943.000000,40.000000,39.270020
6000.000000,1.000000,66.000000,0.000000,1.000000,5943.000000,40.000000,39.270020
6000.000000,1.000000,66.000000,0.000000,1.000000,5943.000000,40.000000,39.270020
6000.000000,1.000000,66.000000,0.000000,1.000000,5943.000000,40.000000,39.270020
6000.000000,1.000000,66.000000,0.000000,1.000000,5943.000000,40.000000,39.270020
6000.000000,1.000000,66.000000,0.000000,1.000000,5943.000000,40.000000,39.270020
6000.000000,1.000000,66.000000,0.000000,1.000000,5943.000000,40.000000,39.270020
6000.000000,1.000000,66.000000,0.000000,1.000000,5943.000000,40.000000,39.270020
6000.000000,1.000000,66.000000,0.000000,1.000000,5943.000000,40.000000,39.270020
6000.000000,1.000000,66.000000,0.000000,1.000000,5943.000000,40.000000,39.270020
6000.000000,1.000000,66.000000,0.000000,1.000000,5943.000000,40.000000,39.270020
6000.000000,1.000000,66.000000,0.000000,1.000000,5943.000000,40.000000,39.270020
6000.000000,1.000000,66.000000,0.000000,1.000000,5943.000000,40.000000,39.270020
6000.000000,1.000000,66.000000,0.000000,1.000000,5943.000000,40.000000,39.270020
6000.000000,1.000000,66.000000,0.000000,1.000000,5943.000000,40.000000,39.270020
6000.000000,1.000000,66.000000,0.000000,1.000000,5943.000000,40.000000,39.270020
6000.000000,1.000000,66.000000,0.000000,1.000000,5943.000000,40.000000,39.270020
6000.000000,1.000000,66.000000,0.000000,1.000000,5943.000000,40.000000,39.270020
6000.000000,1.000000,66.000000,0.000000,1.000000,5943.000000,40.000000,39.270020
6000.000000,1.000000,66.000000,0.000000,1.000000,5943.000000,40.000000,39.270020
6000.000000,1.000000,66.000000,0.000000,1.000000,5943.000000,40.000000,39.270020
6000.000000,1.000000,66.000000,0.000000,1.000000,5943.000000,40.000000,39.270020
6000.000000,1.000000,66.000000,0.000000,1.000000,5943.000000,40.000000,39.270020
6000.000000,1.000000,66.000000,0.000000,1.000000,5943.000000,40.000000,39.270020
6000.000000,1.000000,66.000000,0.000000,1.000000,5943.000000,40.000000,39.270020
6000.000000,1.000000,66.000000,0.000000,1.000000,5943.000000,40.000000,39.270020
6000.000000,1.000000,66.000000,0.000000,1.000000,5943.000000,40.000000,39.270020
6000.000000,1.000000,66.000000,0.000000,1.000000,5943.000000,40.000000,39.270020
6000.000000,1.000000,66.000000,0.000000,1.000000,5943.000000,40.000000,39.270020
6000.000000,1.000000,66.000000,0.000000,1.000000,5943.000000,40.000000,39.270020
6000.000000,1.000000,66.000000,0.000000,1.000000,5943.000000,40.000000,39.270020
6000.000000,1.000000,66.000000,0.000000,1.000000,5943.000000,40.000000,39.270020
6000.000000,1.000000,66.000000,0.000000,1.000000,5943.000000,40.000000,39.270020
6000.000000,1.000000,66.000000,0.000000,1.000000,5943.000000,40.000000,39.270020
6000.000000,1.000000,66.000000,0.000000,1.000000,5943.000000,40.000000,39.270020
6000.000000,1.000000,66.000000,0.000000,1.000000,5943.000000,40.000000,39.270020
6000.000000,1.000000,66.000000,0.000000,1.000000,5943.000000,40.000000,39.270020
6000.000000,1.000000,66.000000,0.000000,1.000000,5943.000000,40.000000,39.270020
6000.000000,1.000000,66.000000,0.000000,1.000000,5943.000000,40.000000,39.270020
6000.000000,1.000000,66.000000,0.000000,1.000000,5943.000000,40.000000,39.270020
6000.000000,1.000000,66.000000,0.000000,1.000000,5943.000000,40.000000,39.270020
6000.000000,1.000000,66.000000,0.000000,1.000000,5943.000000,40.000000,39.270020
6000.000000,1.000000,66.000000,0.000000,1.000000,5943.000000,40.000000,39.270020
6000.000000,1.000000,66.000000,0.000000,1.000000,5943.000000,40.000000,39.270020
6000.000000,1.000000,66.000000,0.000000,1.000000,5943.000000,40.000000,39.270020
6000.000000,1.000000,66.000000,0.000000,1.000000,5943.000000,40.000000,39.270020
6000.000000,1.000000,66.000000,0.000000,1.000000,5943.000000,40.000000,39.270020
6000.000000,1.000000,66.000000,0.000000,1.000000,5943.000000,40.000000,39.270020
6000.000000,1.000000,66.000000,0.000000,1.000000,5943.000000,40.000000,39.270020
6000.000000,1.000000,66.000000,0.000000,1.000000,5943.000000,40.000000,39.270020
6000.000000,1.000000,66.000000,0.000000,1.000000,5943.000000,40.000000,39.270020
6000.000000,1.000000,66.000000,0.000000,1.000000,5943.000000,40.000000,39.270020
6000.000000,1.000000,66.000000,0.000000,1.000000,5943.000000,40.000000,39.270020
6000.000000,1.000000,66.000000,0.000000,1.000000,5943.000000,40.000000,39.270020
6000.000000,1.000000,66.000000,0.000000,1.000000,5943.000000,40.000000,39.270020
6000.000000,1.000000,66.000000,0.000000,1.000000,5943.000000,40.000000,39.270020
6000.000000,1.000000,66.000000,0.000000,1.000000,5943.000000,40.000000,39.270020
6000.000000,1.000000,66.000000,0.000000,1.000000,5943.000000,40.000000,39.270020
6000.000000,1.000000,66.000000,0.000000,1.000000,5943.000000,40.000000,39.270020
6000.000000,1.000000,66.000000,0.000000,1.000000,5943.000000,40.000000,39.270020
6000.000000,1.000000,66.000000,0.000000,1.000000,5943.000000,40.000000,39.270020
6000.000000,1.000000,66.000000,0.000000,1.000000,5943.000000,40.000000,39.270020
6000.000000,1.000000,66.000000,0.000000,1.000000,5943.000000,40.000000,39.270020
6000.000000,1.000000,66.000000,0.000000,1.000000,5943.000000,40.000000,39.270020
6000.000000,1.000000,66.000000,0.000000,1.000000,5943.000000,40.000000,39.270020
6000.000000,1.000000,66.000000,0.000000,1.000000,5943.000000,40.000000,39.270020
6000.000000,1.000000,66.000000,0.000000,1.000000,5943.000000,40.000000,39.270020
6000.000000,1.000000,66.000000,0.000000,1.000000,5943.000000,40.000000,39.270020
6000.000000,1.000000,66.000000,0.000000,1.000000,5943.000000,40.000000,39.270020
6000.000000,1.000000,66.000000,0.000000,1.000000,5943.000000,40.000000,39.270020
6000.000000,1.000000,66.000000,0.000000,1.000000,5943.000000,40.000000,39.270020
6000.000000,1.000000,66.000000,0.000000,1.000000,5943.000000,40.000000,39.270020
6000.000000,1.000000,66.000000,0.000000,1.000000,5943.000000,40.000000,39.270020
6000.000000,1.000000,66.000000,0.000000,1.000000,5943.000000,40.000000,39.270020
6000.000000,1.000000,66.000000,0.000000,1.000000,5943.000000,40.000000,39.270020
6000.000000,1.000000,66.000000,0.000000,1.000000,5943.000000,40.000000,39.270020
6000.000000,1.000000,66.000000,0.000000,1.000000,5943.000000,40.000000,39.270020
6000.000000,1.000000,66.000000,0.000000,1.000000,5943.000000,40.000000,39.270020
6000.000000,1.000000,66.000000,0.000000,1.000000,5943.000000,40.000000,39.270020
6000.000000,1.000000,66.000000,0.000000,1.000000,5943.000000,40.000000,39.270020
6000.000000,1.000000,66.000000,0.000000,1.000000,5943.000000,40.000000,39.270020
6000.000000,1.000000,66.000000,0.000000,1.000000,5943.000000,40.000000,39.270020
6000.000000,1.000000,66.000000,0.000000,1.000000,5943.000000,40.000000,39.270020
6000.000000,1.000000,66.000000,0.000000,1.000000,5943.000000,40.000000,39.270020
6000.000000,1.000000,66.000000,0.000000,1.000000,5943.000000,40.000000,39.270020
6000.000000,1.000000,66.000000,0.000000,1.000000,5943.000000,40.000000,39.270020
6000.000000,1.000000,66.000000,0.000000,1.000000,5943.000000,40.000000,39.270020
6000.000000,1.000000,66.000000,0.000000,1.000000,5943.000000,40.000000,39.270020
6000.000000,1.000000,66.000000,0.000000,1.000000,5943.000000,40.000000,39.270020
6000.000000,1.000000,66.000000,0.000000,1.000000,5943.000000,40.000000,39.270020
6000.000000,1.000000,66.000000,0.000000,1.000000,5943.000000,40.000000,39.270020
6000.000000,1.000000,66.000000,0.000000,1.000000,5943.000000,40.000000,39.270020
6000.000000,1.000000,66.000000,0.000000,1.000000,5943.000000,40.000000,39.270020
6000.000000,1.000000,66.000000,0.000000,1.000000,5943.000000,40.000000,39.270020
6000.000000,1.000000,66.000000,0.000000,1.000000,5943.000000,40.000000,39.270020
6000.000000,1.000000,66.000000,0.000000,1.000000,5943.000000,40.000000,39.270020
6000.000000,1.000000,66.000000,0.000000,1.000000,5943.000000,40.000000,39.270020
6000.000000,1.000000,66.000000,0.000000,1.000000,5943.000000,40.000000,39.270020
6000.000000,1.000000,66.000000,0.000000,1.000000,5943.000000,40.000000,39.270020
6000.000000,1.000000,66.000000,0.000000,1.000000,5943.000000,40.000000,39.270020
6000.000000,1.000000,66.000000,0.000000,1.000000,5943.000000,40.000000,39.270020
6000.000000,1.000000,66.000000,0.000000,1.000000,5943.000000,40.000000,39.270020
6000.000000,1.000000,66.000000,0.000000,1.000000,5943.000000,40.000000,39.270020
6000.000000,1.000000,66.000000,0.000000,1.000000,5943.000000,40.000000,39.270020
6000.000000,1.000000,66.000000,0.000000,1.000000,5943.000000,40.000000,39.270020
6000.000000,1.000000,66.000000,0.000000,1.000000,5943.000000,40.000000,39.270020
6000.000000,1.000000,66.000000,0.000000,1.000000,5943.000000,40.000000,39.270020
6000.000000,1.000000,66.000000,0.000000,1.000000,5943.000000,40.000000,39.270020
6000.000000,1.000000,66.000000,0.000000,1.000000,5943.000000,40.000000,39.270020
6000.000000,1.000000,66.000000,0.000000,1.000000,5943.000000,40.000000,39.270020
6000.000000,1.000000,66.000000,0.000000,1.000000,5943.000000,40.000000,39.270020
6000.000000,1.000000,66.000000,0.000000,1.000000,5943.000000,40.000000,39.270020
6000.000000,1.000000,66.000000,0.000000,1.000000,5943.000000,40.000000,39.270020
6000.000000,1.000000,66.000000,0.000000,1.000000,5943.000000,40.000000,39.270020
6000.000000,1.000000,66.000000,0.000000,0.000000,0.000000,0.000000,0.000000
6000.000000,1.000000,66.000000,0.000000,0.000000,0.000000,0.000000,0.000000
6000.000000,1.000000,66.000000,0.000000,0.000000,0.000000,0.000000,0.000000
6000.000000,1.000000,66.000000,0.000000,0.000000,0.000000,0.000000,0.000000
6000.000000,1.000000,66.000000,0.000000,0.000000,0.000000,0.000000,0.000000
6000.000000,1.000000,66.000000,0.000000,0.000000,0.000000,0.000000,0.000000
6000.000000,1.000000,66.000000,0.000000,0.000000,0.000000,0.000000,0.000000
6000.000000,1.000000,66.000000,0.000000,0.000000,0.000000,0.000000,0.000000
6000.000000,1.000000,66.000000,0.000000,0.000000,0.000000,0.000000,0.000000
6000.000000,1.000000,66.000000,0.000000,0.000000,0.000000,0.000000,0.000000
6000.000000,1.000000,66.000000,0.000000,0.000000,0.000000,0.000000,0.000000
6000.000000,1.000000,66.000000,0.000000,0.000000,0.000000,0.000000,0.000000
6000.000000,1.000000,66.000000,0.000000,0.000000,0.000000,0.000000,0.000000
6000.000000,1.000000,66.000000,0.000000,0.000000,0.000000,0.000000,0.000000
6000.000000,1.000000,66.000000,0.000000,0.000000,0.000000,0.000000,0.000000
6000.000000,1.000000,66.000000,0.000000,0.000000,0.000000,0.000000,0.000000
6000.000000,1.000000,66.000000,0.000000,0.000000,0.000000,0.000000,0.000000
6000.000000,1.000000,66.000000,0.000000,0.000000,0.000000,0.000000,0.000000
6000.000000,1.000000,66.000000,0.000000,0.000000,0.000000,0.000000,0.000000
6000.000000,1.000000,66.000000,0.000000,0.000000,0.000000,0.000000,0.000000
6000.000000,1.000000,66.000000,0.000000,0.000000,0.000000,0.000000,0.000000
6000.000000,1.000000,66.000000,0.000000,0.000000,0.000000,0.000000,0.000000
6000.000000,1.000000,66.000000,0.000000,0.000000,0.000000,0.000000,0.000000
6000.000000,1.000000,66.000000,0.000000,0.000000,0.000000,0.000000,0.000000
6000.000000,1.000000,66.000000,0.000000,0.000000,0.000000,0.000000,0.000000
6000.000000,1.000000,66.000000,0.000000,0.000000,0.000000,0.000000,0.000000
6000.000000,1.000000,66.000000,0.000000,0.000000,0.000000,0.000000,0.000000
6000.000000,1.000000,66.000000,0.000000,0.000000,0.000000,0.000000,0.000000
6000.000000,1.000000,66.000000,0.000000,0.000000,0.000000,0.000000,0.000000
6000.000000,1.000000,66.000000,0.000000,0.000000,0.000000,0.000000,0.000000
6000.000000,1.000000,66.000000,0.000000,0.000000,0.000000,0.000000,0.000000
6000.000000,1.000000,66.000000,0.000000,0.000000,0.000000,0.000000,0.000000
6000.000000,1.000000,66.000000,0.000000,0.000000,0.000000,0.000000,0.000000
6000.000000,1.000000,66.000000,0.000000,0.000000,0.000000,0.000000,0.000000
6000.000000,1.000000,66.000000,0.000000,0.000000,0.000000,0.000000,0.000000
6000.000000,1.000000,66.000000,0.000000,0.000000,0.000000,0.000000,0.000000
6000.000000,1.000000,66.000000,0.000000,0.000000,0.000000,0.000000,0.000000
6000.000000,1.000000,66.000000,0.000000,0.000000,0.000000,0.000000,0.000000
6000.000000,1.000000,66.000000,0.000000,0.000000,0.000000,0.000000,0.000000
6000.000000,1.000000,66.000000,0.000000,0.000000,0.000000,0.000000,0.000000
6000.000000,1.000000,66.000000,0.000000,0.000000,0.000000,0.000000,0.000000
6000.000000,1.000000,66.000000,0.000000,0.000000,0.000000,0.000000,0.000000
6000.000000,1.000000,66.000000,0.000000,0.000000,0.000000,0.000000,0.000000
6000.000000,1.000000,66.000000,0.000000,0.000000,0.000000,0.000000,0.000000
6000.000000,1.000000,66.000000,0.000000,0.000000,0.000000,0.000000,0.000000
6000.000000,1.000000,66.000000,0.000000,0.000000,0.000000,0.000000,0.000000
6000.000000,1.000000,66.000000,0.000000,0.000000,0.000000,0.000000,0.000000
6000.000000,1.000000,66.000000,0.000000,0.000000,0.000000,0.000000,0.000000
6000.000000,1.000000,66.000000,0.000000,0.000000,0.000000,0.000000,0.000000
6000.000000,1.000000,66.000000,0.000000,0.000000,0.000000,0.000000,0.000000
6000.000000,1.000000,66.000000,0.000000,0.000000,0.000000,0.000000,0.000000
6000.000000,1.000000,66.000000,0.000000,0.000000,0.000000,0.000000,0.000000
6000.000000,1.000000,66.000000,0.000000,0.000000,0.000000,0.000000,0.000000
6000.000000,1.000000,66.000000,0.000000,0.000000,0.000000,0.000000,0.000000
6000.000000,1.000000,66.000000,0.000000,0.000000,0.000000,0.000000,0.000000
6000.000000,1.000000,66.000000,0.000000,0.000000,0.000000,0.000000,0.000000
6000.000000,1.000000,66.000000,0.000000,0.000000,0.000000,0.000000,0.000000
6000.000000,1.000000,66.000000,0.000000,0.000000,0.000000,0.000000,0.000000
6000.000000,1.000000,66.000000,0.000000,0.000000,0.000000,0.000000,0.000000
6000.000000,1.000000,66.000000,0.000000,0.000000,0.000000,0.000000,0.000000
6000.000000,1.000000,66.000000,0.000000,0.000000,0.000000,0.000000,0.000000
6000.000000,1.000000,66.000000,0.000000,0.000000,0.000000,0.000000,0.000000
6000.000000,1.000000,66.000000,0.000000,0.000000,0.000000,0.000000,0.000000
6000.000000,1.000000,66.000000,0.000000,0.000000,0.000000,0.000000,0.000000
6000.000000,1.000000,66.000000,0.000000,0.000000,0.000000,0.000000,0.000000
6000.000000,1.000000,66.000000,0.000000,0.000000,0.000000,0.000000,0.000000
6000.000000,1.000000,66.000000,0.000000,0.000000,0.000000,0.000000,0.000000
6000.000000,1.000000,66.000000,0.000000,0.000000,0.000000,0.000000,0.000000
6000.000000,1.000000,66.000000,0.000000,0.000000,0.000000,0.000000,0.000000
6000.000000,1.000000,66.000000,0.000000,0.000000,0.000000,0.000000,0.000000
6000.000000,1.000000,66.000000,0.000000,0.000000,0.000000,0.000000,0.000000
6000.000000,1.000000,66.000000,0.000000,0.000000,0.000000,0.000000,0.000000
6000.000000,1.000000,66.000000,0.000000,0.000000,0.000000,0.000000,0.000000
6000.000000,1.000000,66.000000,0.000000,0.000000,0.000000,0.000000,0.000000
6000.000000,1.000000,66.000000,0.000000,0.000000,0.000000,0.000000,0.000000
6000.000000,1.000000,66.000000,0.000000,0.000000,0.000000,0.000000,0.000000
6000.000000,1.000000,66.000000,0.000000,0.000000,0.000000,0.000000,0.000000
6000.000000,1.000000,66.000000,0.000000,0.000000,0.000000,0.000000,0.000000
6000.000000,1.000000,66.000000,0.000000,0.000000,0.000000,0.000000,0.000000
6000.000000,1.000000,66.000000,0.000000,0.000000,0.000000,0.000000,0.000000
6000.000000,1.000000,66.000000,0.000000,0.000000,0.000000,0.000000,0.000000
6000.000000,1.000000,66.000000,0.000000,0.000000,0.000000,0.000000,0.000000
6000.000000,1.000000,66.000000,0.000000,0.000000,0.000000,0.000000,0.000000
6000.000000,1.000000,66.000000,0.000000,0.000000,0.000000,0.000000,0.000000
6000.000000,1.000000,66.000000,0.000000,0.000000,0.000000,0.000000,0.000000
6000.000000,1.000000,66.000000,0.000000,0.000000,0.000000,0.000000,0.000000
6000.000000,1.000000,66.000000,0.000000,0.000000,0.000000,0.000000,0.000000
6000.000000,1.000000,66.000000,0.000000,0.000000,0.000000,0.000000,0.000000
6000.000000,1.000000,66.000000,0.000000,0.000000,0.000000,0.000000,0.000000
6000.000000,1.000000,66.000000,0.000000,0.000000,0.000000,0.000000,0.000000
6000.000000,1.000000,66.000000,0.000000,0.000000,0.000000,0.000000,0.000000
6000.000000,1.000000,66.000000,0.000000,0.000000,0.000000,0.000000,0.000000
6000.000000,1.000000,66.000000,0.000000,0.000000,0.000000,0.000000,0.000000
6000.000000,1.000000,66.000000,0.000000,0.000000,0.000000,0.000000,0.000000
6000.000000,1.000000,66.000000,0.000000,0.000000,0.000000,0.000000,0.000000
6000.000000,1.000000,66.000000,0.000000,0.000000,0.000000,0.000000,0.000000
6000.000000,1.000000,66.000000,0.000000,0.000000,0.000000,0.000000,0.000000
6000.000000,1.000000,66.000000,0.000000,0.000000,0.000000,0.000000,0.000000
6000.000000,1.000000,66.000000,0.000000,0.000000,0.000000,0.000000,0.000000
6000.000000,1.000000,66.000000,0.000000,0.000000,0.000000,0.000000,0.000000
6000.000000,1.000000,66.000000,0.000000,0.000000,0.000000,0.000000,0.000000
6000.000000,1.000000,66.000000,0.000000,0.000000,0.000000,0.000000,0.000000
6000.000000,1.000000,66.000000,0.000000,0.000000,0.000000,0.000000,0.000000
6000.000000,1.000000,66.000000,0.000000,0.000000,0.000000,0.000000,0.000000
6000.000000,1.000000,66.000000,0.000000,0.000000,0.000000,0.000000,0.000000
6000.000000,1.000000,66.000000,0.000000,0.000000,0.000000,0.000000,0.000000
6000.000000,1.000000,66.000000,0.000000,0.000000,0.000000,0.000000,0.000000
6000.000000,1.000000,66.000000,0.000000,0.000000,0.000000,0.000000,0.000000
6000.000000,1.000000,66.000000,0.000000,0.000000,0.000000,0.000000,0.000000
6000.000000,1.000000,66.000000,0.000000,0.000000,0.000000,0.000000,0.000000
6000.000000,1.000000,66.000000,0.000000,0.000000,0.000000,0.000000,0.000000
6000.000000,1.000000,66.000000,0.000000,0.000000,0.000000,0.000000,0.000000
6000.000000,1.000000,66.000000,0.000000,0.000000,0.000000,0.000000,0.000000
6000.000000,1.000000,66.000000,0.000000,0.000000,0.000000,0.000000,0.000000
6000.000000,1.000000,66.000000,0.000000,0.000000,0.000000,0.000000,0.000000
6000.000000,1.000000,66.000000,0.000000,0.000000,0.000000,0.000000,0.000000
6000.000000,1.000000,66.000000,0.000000,0.000000,0.000000,0.000000,0.000000
6000.000000,1.000000,66.000000,0.000000,0.000000,0.000000,0.000000,0.000000
6000.000000,1.000000,66.000000,0.000000,0.000000,0.000000,0.000000,0.000000
6000.000000,1.000000,66.000000,0.000000,0.000000,0.000000,0.000000,0.000000
6000.000000,1.000000,66.000000,0.000000,0.000000,0.000000,0.000000,0.000000
6000.000000,1.000000,66.000000,0.000000,0.000000,0.000000,0.000000,0.000000
6000.000000,1.000000,66.000000,0.000000,0.000000,0.000000,0.000000,0.000000
6000.000000,1.000000,66.000000,0.000000,0.000000,0.000000,0.000000,0.000000
6000.000000,1.000000,66.000000,0.000000,0.000000,0.000000,0.000000,0.000000
6000.000000,1.000000,66.000000,0.000000,0.000000,0.000000,0.000000,0.000000
6000.000000,1.000000,66.000000,0.000000,0.000000,0.000000,0.000000,0.000000
6000.000000,1.000000,66.000000,0.000000,0.000000,0.000000,0.000000,0.000000
6000.000000,1.000000,66.000000,0.000000,0.000000,0.000000,0.000000,0.000000
6000.000000,1.000000,66.000000,0.000000,0.000000,0.000000,0.000000,0.000000
6000.000000,1.000000,66.000000,0.000000,0.000000,0.000000,0.000000,0.000000
6000.000000,1.000000,66.000000,0.000000,0.000000,0.000000,0.000000,0.000000
6000.000000,1.000000,66.000000,0.000000,0.000000,0.000000,0.000000,0.000000
6000.000000,1.000000,66.000000,0.000000,0.000000,0.000000,0.000000,0.000000
6000.000000,1.000000,66.000000,0.000000,0.000000,0.000000,0.000000,0.000000
6000.000000,1.000000,66.000000,0.000000,0.000000,0.000000,0.000000,0.000000
6000.000000,1.000000,66.000000,0.000000,0.000000,0.000000,0.000000,0.000000
6000.000000,1.000000,66.000000,0.000000,0.000000,0.000000,0.000000,0.000000
6000.000000,1.000000,66.000000,0.000000,0.000000,0.000000,0.000000,0.000000
6000.000000,1.000000,66.000000,0.000000,0.000000,0.000000,0.000000,0.000000
6000.000000,1.000000,66.000000,0.000000,0.000000,0.000000,0.000000,0.000000
6000.000000,1.000000,66.000000,0.000000,0.000000,0.000000,0.000000,0.000000
6000.000000,1.000000,66.000000,0.000000,0.000000,0.000000,0.000000,0.000000
6000.000000,1.000000,66.000000,0.000000,0.000000,0.000000,0.000000,0.000000
6000.000000,1.000000,66.000000,0.000000,0.000000,0.000000,0.000000,0.000000
6000.000000,1.000000,66.000000,0.000000,0.000000,0.000000,0.000000,0.000000
6000.000000,1.000000,66.000000,0.000000,0.000000,0.000000,0.000000,0.000000
6000.000000,1.000000,66.000000,0.000000,0.000000,0.000000,0.000000,0.000000
6000.000000,1.000000,66.000000,0.000000,0.000000,0.000000,0.000000,0.000000
6000.000000,1.000000,66.000000,0.000000,0.000000,0.000000,0.000000,0.000000
6000.000000,1.000000,66.000000,0.000000,0.000000,0.000000,0.000000,0.000000
6000.000000,1.000000,66.000000,0.000000,0.000000,0.000000,0.000000,0.000000
6000.000000,1.000000,66.000000,0.000000,0.000000,0.000000,0.000000,0.000000
6000.000000,1.000000,66.000000,0.000000,0.000000,0.000000,0.000000,0.000000
6000.000000,1.000000,66.000000,0.000000,0.000000,0.000000,0.000000,0.000000
6000.000000,1.000000,66.000000,0.000000,0.000000,0.000000,0.000000,0.000000
6000.000000,1.000000,66.000000,0.000000,0.000000,0.000000,0.000000,0.000000
6000.000000,1.000000,66.000000,0.000000,0.000000,0.000000,0.000000,0.000000
6000.000000,1.000000,66.000000,0.000000,0.000000,0.000000,0.000000,0.000000
6000.000000,1.000000,66.000000,0.000000,0.000000,0.000000,0.000000,0.000000
6000.000000,1.000000,66.000000,0.000000,0.000000,0.000000,0.000000,0.000000
6000.000000,1.000000,66.000000,0.000000,0.000000,0.000000,0.000000,0.000000
6000.000000,1.000000,66.000000,0.000000,0.000000,0.000000,0.000000,0.000000
6000.000000,1.000000,66.000000,0.000000,0.000000,0.000000,0.000000,0.000000
6000.000000,1.000000,66.000000,0.000000,0.000000,0.000000,0.000000,0.000000
6000.000000,1.000000,66.000000,0.000000,0.000000,0.000000,0.000000,0.000000
6000.000000,1.000000,66.000000,0.000000,0.000000,0.000000,0.000000,0.000000
6000.000000,1.000000,66.000000,0.000000,0.000000,0.000000,0.000000,0.000000
6000.000000,1.000000,66.000000,0.000000,0.000000,0.000000,0.000000,0.000000
6000.000000,1.000000,66.000000,0.000000,0.000000,0.000000,0.000000,0.000000
6000.000000,1.000000,66.000000,0.000000,0.000000,0.000000,0.000000,0.000000
6000.000000,1.000000,66.000000,0.000000,0.000000,0.000000,0.000000,0.000000
6000.000000,1.000000,66.000000,0.000000,0.000000,0.000000,0.000000,0.000000
6000.000000,1.000000,66.000000,0.000000,0.000000,0.000000,0.000000,0.000000
6000.000000,1.000000,66.000000,0.000000,0.000000,0.000000,0.000000,0.000000
6000.000000,1.000000,66.000000,0.000000,0.000000,0.000000,0.000000,0.000000
6000.000000,1.000000,66.000000,0.000000,0.000000,0.000000,0.000000,0.000000
6000.000000,1.000000,66.000000,0.000000,0.000000,0.000000,0.000000,0.000000
6000.000000,1.000000,66.000000,0.000000,0.000000,0.000000,0.000000,0.000000
6000.000000,1.000000,66.000000,0.000000,0.000000,0.000000,0.000000,0.000000
6000.000000,1.000000,66.000000,0.000000,0.000000,0.000000,0.000000,0.000000
6000.000000,1.000000,66.000000,0.000000,0.000000,0.000000,0.000000,0.000000
6000.000000,1.000000,66.000000,0.000000,0.000000,0.000000,0.000000,0.000000
6000.000000,1.000000,66.000000,0.000000,0.000000,0.000000,0.000000,0.000000
6000.000000,1.000000,66.000000,1.000000,0.000000,426.000000,0.000000,0.000000
6000.000000,1.000000,66.000000,1.000000,0.000000,2090.000000,0.000000,0.000000
6000.000000,1.000000,66.000000,1.000000,0.000000,3785.000000,0.000000,0.000000
6000.000000,1.000000,66.000000,1.000000,0.000000,5407.000000,0.000000,0.000000
6000.000000,1.000000,66.000000,1.000000,0.000000,5861.000000,0.000000,0.000000
6000.000000,1.000000,66.000000,1.000000,0.000000,5947.000000,0.000000,0.000000
6000.000000,1.000000,66.000000,1.000000,0.000000,5974.000000,0.000000,0.000000
6000.000000,1.000000,66.000000,1.000000,0.000000,5991.000000,0.000000,0.000000
6000.000000,1.000000,66.000000,1.000000,0.000000,5995.000000,0.000000,0.000000
6000.000000,1.000000,66.000000,1.000000,0.000000,6005.000000,0.000000,0.000000
6000.000000,1.000000,66.000000,1.000000,0.000000,6012.000000,0.000000,0.000000
6000.000000,1.000000,66.000000,1.000000,0.000000,6018.000000,0.000000,0.000000
6000.000000,1.000000,66.000000,1.000000,0.000000,6020.000000,0.000000,0.000000
6000.000000,1.000000,66.000000,1.000000,0.000000,6020.000000,0.000000,0.000000
6000.000000,1.000000,66.000000,1.000000,0.000000,6016.000000,0.000000,0.000000
6000.000000,1.000000,66.000000,1.000000,0.000000,6012.000000,0.000000,0.000000
6000.000000,1.000000,66.000000,1.000000,0.000000,6007.000000,0.000000,0.000000
6000.000000,1.000000,66.000000,1.000000,0.000000,6003.000000,0.000000,0.000000
6000.000000,1.000000,66.000000,1.000000,0.000000,6003.000000,0.000000,0.000000
6000.000000,1.000000,66.000000,1.000000,0.000000,5999.000000,0.000000,0.000000
6000.000000,1.000000,66.000000,1.000000,0.000000,5999.000000,0.000000,0.000000
6000.000000,1.000000,66.000000,1.000000,0.000000,6014.000000,0.000000,0.000000
6000.000000,1.000000,66.000000,1.000000,0.000000,6012.000000,0.000000,0.000000
6000.000000,1.000000,66.000000,1.000000,0.000000,6012.000000,0.000000,0.000000
6000.000000,1.000000,66.000000,1.000000,0.000000,6014.000000,0.000000,0.000000
6000.000000,1.000000,66.000000,1.000000,0.000000,6012.000000,0.000000,-0.003662
6000.000000,1.000000,66.000000,1.000000,0.000000,6007.000000,0.000000,-0.001221
6000.000000,1.000000,66.000000,1.000000,0.000000,6005.000000,0.000000,-0.001221
6000.000000,1.000000,66.000000,1.000000,0.000000,6012.000000,40.000000,0.115967
6000.000000,1.000000,66.000000,1.000000,0.000000,6007.000000,40.000000,3.514404
6000.000000,1.000000,66.000000,1.000000,0.000000,6005.000000,40.000000,7.233887
6000.000000,1.000000,66.000000,1.000000,0.000000,6005.000000,40.000000,11.032715
6000.000000,1.000000,66.000000,1.000000,0.000000,6003.000000,40.000000,14.772949
6000.000000,1.000000,66.000000,1.000000,0.000000,6010.000000,40.000000,18.796387
6000.000000,1.000000,66.000000,1.000000,0.000000,6012.000000,40.000000,22.681885
6000.000000,1.000000,66.000000,1.000000,0.000000,6016.000000,40.000000,26.441650
6000.000000,1.000000,66.000000,1.000000,0.000000,6018.000000,40.000000,29.964600
6000.000000,1.000000,66.000000,1.000000,0.000000,6018.000000,40.000000,33.671875
6000.000000,1.000000,66.000000,1.000000,0.000000,6007.000000,40.000000,37.271729
6000.000000,1.000000,66.000000,1.000000,0.000000,5997.000000,0.000000,0.000000
6000.000000,1.000000,66.000000,1.000000,0.000000,5974.000000,0.000000,0.000000
6000.000000,1.000000,66.000000,1.000000,0.000000,5972.000000,0.000000,0.000000
6000.000000,1.000000,66.000000,1.000000,0.000000,5984.000000,0.000000,0.000000
6000.000000,1.000000,66.000000,1.000000,0.000000,5970.000000,0.000000,0.000000
6000.000000,1.000000,66.000000,1.000000,0.000000,5989.000000,0.000000,0.000000
6000.000000,1.000000,66.000000,1.000000,0.000000,6001.000000,0.000000,0.000000
6000.000000,1.000000,66.000000,1.000000,0.000000,6012.000000,0.000000,0.000000
6000.000000,1.000000,66.000000,1.000000,0.000000,6014.000000,0.000000,-0.004883
6000.000000,1.000000,66.000000,1.000000,0.000000,6022.000000,0.000000,-0.003662
6000.000000,1.000000,66.000000,1.000000,0.000000,6020.000000,0.000000,-0.006104
6000.000000,1.000000,66.000000,1.000000,0.000000,6030.000000,40.000000,0.026855
6000.000000,1.000000,66.000000,1.000000,0.000000,6007.000000,40.000000,3.076172
6000.000000,1.000000,66.000000,1.000000,0.000000,6007.000000,40.000000,6.691895
6000.000000,1.000000,66.000000,1.000000,0.000000,6028.000000,40.000000,10.495605
6000.000000,1.000000,66.000000,1.000000,0.000000,6026.000000,40.000000,14.328613
6000.000000,1.000000,66.000000,1.000000,0.000000,6024.000000,40.000000,18.265381
6000.000000,1.000000,66.000000,1.000000,0.000000,6022.000000,40.000000,22.174072
6000.000000,1.000000,66.000000,1.000000,0.000000,6026.000000,40.000000,25.781250
6000.000000,1.000000,66.000000,1.000000,0.000000,6012.000000,40.000000,29.556885
6000.000000,1.000000,66.000000,1.000000,0.000000,6020.000000,0.000000,0.000000
6000.000000,1.000000,66.000000,1.000000,0.000000,6020.000000,0.000000,0.000000
6000.000000,1.000000,66.000000,1.000000,0.000000,6020.000000,0.000000,0.000000
6000.000000,1.000000,66.000000,1.000000,0.000000,6018.000000,0.000000,0.000000
6000.000000,1.000000,66.000000,1.000000,0.000000,6016.000000,0.000000,0.000000
6000.000000,1.000000,66.000000,1.000000,0.000000,6016.000000,0.000000,0.000000
6000.000000,1.000000,66.000000,1.000000,0.000000,6016.000000,0.000000,-0.001221
6000.000000,1.000000,66.000000,1.000000,0.000000,6016.000000,0.000000,0.000000
6000.000000,1.000000,66.000000,1.000000,0.000000,6012.000000,40.000000,1.071777
6000.000000,1.000000,66.000000,1.000000,0.000000,6030.000000,40.000000,4.727783
6000.000000,1.000000,66.000000,1.000000,0.000000,6020.000000,40.000000,8.253174
6000.000000,1.000000,66.000000,1.000000,0.000000,6016.000000,40.000000,11.318359
6000.000000,1.000000,66.000000,1.000000,0.000000,6010.000000,40.000000,13.217773
6000.000000,1.000000,66.000000,1.000000,0.000000,6007.000000,40.000000,13.920898
6000.000000,1.000000,66.000000,1.000000,0.000000,6007.000000,40.000000,14.101563
6000.000000,1.000000,66.000000,1.000000,0.000000,6001.000000,40.000000,14.102783
6000.000000,1.000000,66.000000,1.000000,0.000000,6007.000000,40.000000,14.123535
6000.000000,1.000000,66.000000,1.000000,0.000000,5995.000000,40.000000,14.134521
6000.000000,1.000000,66.000000,1.000000,0.000000,5995.000000,40.000000,14.150391
6000.000000,1.000000,66.000000,1.000000,0.000000,5997.000000,40.000000,14.167480
6000.000000,1.000000,66.000000,1.000000,0.000000,5993.000000,40.000000,14.169922
6000.000000,1.000000,66.000000,1.000000,0.000000,5993.000000,40.000000,14.201660
6000.000000,1.000000,66.000000,1.000000,0.000000,5991.000000,40.000000,14.238281
6000.000000,1.000000,66.000000,1.000000,0.000000,5991.000000,40.000000,14.238281
6000.000000,1.000000,66.000000,1.000000,0.000000,5997.000000,40.000000,14.243164
6000.000000,1.000000,66.000000,1.000000,0.000000,5997.000000,40.000000,14.243164
6000.000000,1.000000,66.000000,1.000000,0.000000,6001.000000,40.000000,14.243164
6000.000000,1.000000,66.000000,1.000000,0.000000,6005.000000,40.000000,14.243164
6000.000000,1.000000,66.000000,1.000000,0.000000,6001.000000,40.000000,14.246826
6000.000000,1.000000,66.000000,2.000000,0.000000,6033.000000,-25.753174,14.245605
6000.000000,1.000000,66.000000,2.000000,0.000000,6033.000000,-25.753174,10.217285
6000.000000,1.000000,66.000000,2.000000,0.000000,6033.000000,-25.753174,0.339355
6000.000000,1.000000,66.000000,2.000000,0.000000,6033.000000,-25.753174,-13.833008
6000.000000,1.000000,66.000000,2.000000,0.000000,6033.000000,-25.753174,-23.729248
6000.000000,1.000000,66.000000,2.000000,0.000000,6033.000000,-25.753174,-23.155518
6000.000000,1.000000,66.000000,2.000000,0.000000,6033.000000,-25.753174,-23.881836
6000.000000,1.000000,66.000000,2.000000,0.000000,6033.000000,-25.753174,-24.044189
6000.000000,1.000000,66.000000,2.000000,0.000000,6033.000000,-25.753174,-24.177246
6000.000000,1.000000,66.000000,2.000000,0.000000,6033.000000,-25.753174,-24.189453
6000.000000,1.000000,66.000000,2.000000,0.000000,6033.000000,-25.753174,-24.196777
6000.000000,1.000000,66.000000,2.000000,0.000000,6033.000000,-25.753174,-24.201660
6000.000000,1.000000,66.000000,2.000000,0.000000,6033.000000,-25.753174,-24.204102
6000.000000,1.000000,66.000000,2.000000,0.000000,6033.000000,-25.753174,-24.204102
6000.000000,1.000000,66.000000,2.000000,0.000000,6033.000000,-25.753174,-24.207764
6000.000000,1.000000,66.000000,2.000000,0.000000,6033.000000,-25.753174,-24.207764
6000.000000,1.000000,66.000000,2.000000,0.000000,6033.000000,-25.753174,-24.211426
6000.000000,1.000000,66.000000,2.000000,0.000000,6033.000000,-25.753174,-24.211426
6000.000000,1.000000,66.000000,2.000000,0.000000,6033.000000,-25.753174,-24.212646
6000.000000,1.000000,66.000000,2.000000,0.000000,6033.000000,-25.753174,-24.212646
6000.000000,1.000000,66.000000,2.000000,0.000000,6033.000000,-25.753174,-24.212646
6000.000000,1.000000,66.000000,2.000000,0.000000,6033.000000,-25.753174,-24.212646
6000.000000,1.000000,66.000000,2.000000,0.000000,6033.000000,-25.753174,-24.215088
6000.000000,1.000000,66.000000,2.000000,0.000000,6033.000000,-25.753174,-24.215088
6000.000000,1.000000,66.000000,2.000000,0.000000,6033.000000,-25.753174,-24.217529
6000.000000,1.000000,66.000000,2.000000,0.000000,6033.000000,-25.753174,-24.217529
6000.000000,1.000000,66.000000,2.000000,0.000000,6033.000000,-25.753174,-24.217529
6000.000000,1.000000,66.000000,2.000000,0.000000,6033.000000,-25.753174,-24.221191
6000.000000,1.000000,66.000000,2.000000,0.000000,6033.000000,-25.753174,-24.221191
6000.000000,1.000000,66.000000,2.000000,0.000000,6033.000000,-25.753174,-24.221191
6000.000000,1.000000,66.000000,2.000000,0.000000,6033.000000,-25.753174,-24.221191
6000.000000,1.000000,66.000000,2.000000,0.000000,6033.000000,-25.753174,-24.221191
6000.000000,1.000000,66.000000,2.000000,0.000000,6033.000000,-25.753174,-24.221191
6000.000000,1.000000,66.000000,2.000000,0.000000,6033.000000,-25.753174,-24.223633
6000.000000,1.000000,66.000000,2.000000,0.000000,6033.000000,-25.753174,-24.223633
6000.000000,1.000000,66.000000,2.000000,0.000000,6033.000000,-25.753174,-24.223633
6000.000000,1.000000,66.000000,2.000000,0.000000,6033.000000,-25.753174,-24.223633
6000.000000,1.000000,66.000000,2.000000,0.000000,6033.000000,-25.753174,-24.226074
6000.000000,1.000000,66.000000,2.000000,0.000000,6033.000000,-25.753174,-24.226074
6000.000000,1.000000,66.000000,2.000000,0.000000,6033.000000,-25.753174,-24.228516
6000.000000,1.000000,66.000000,2.000000,0.000000,6033.000000,-25.753174,-24.229736
6000.000000,1.000000,66.000000,2.000000,0.000000,6033.000000,-25.753174,-24.229736
6000.000000,1.000000,66.000000,2.000000,0.000000,6033.000000,-25.753174,-24.229736
6000.000000,1.000000,66.000000,2.000000,0.000000,6033.000000,-25.753174,-24.232178
6000.000000,1.000000,66.000000,2.000000,0.000000,6033.000000,-25.753174,-24.232178
6000.000000,1.000000,66.000000,2.000000,0.000000,6033.000000,-25.753174,-24.232178
6000.000000,1.000000,66.000000,2.000000,0.000000,6033.000000,-25.753174,-24.232178
6000.000000,1.000000,66.000000,2.000000,0.000000,6033.000000,-25.753174,-24.232178
6000.000000,1.000000,66.000000,2.000000,0.000000,6033.000000,-25.753174,-24.232178
6000.000000,1.000000,66.000000,2.000000,0.000000,6033.000000,-25.753174,-24.234619
6000.000000,1.000000,66.000000,2.000000,0.000000,6033.000000,-25.753174,-24.234619
6000.000000,1.000000,66.000000,2.000000,0.000000,6033.000000,-25.753174,-24.234619
6000.000000,1.000000,66.000000,2.000000,0.000000,6033.000000,-25.753174,-24.234619
6000.000000,1.000000,66.000000,2.000000,0.000000,6033.000000,-25.753174,-24.234619
6000.000000,1.000000,66.000000,2.000000,0.000000,6033.000000,-25.753174,-24.234619
6000.000000,1.000000,66.000000,2.000000,0.000000,6033.000000,-25.753174,-24.237061
6000.000000,1.000000,66.000000,2.000000,0.000000,6033.000000,-25.753174,-24.237061
6000.000000,1.000000,66.000000,2.000000,0.000000,6033.000000,-25.753174,-24.237061
6000.000000,1.000000,66.000000,2.000000,0.000000,6033.000000,-25.753174,-24.237061
6000.000000,1.000000,66.000000,2.000000,0.000000,6033.000000,-25.753174,-24.237061
6000.000000,1.000000,66.000000,2.000000,0.000000,6033.000000,-25.753174,-24.240723
6000.000000,1.000000,66.000000,2.000000,0.000000,6033.000000,-25.753174,-24.240723
6000.000000,1.000000,66.000000,2.000000,0.000000,6033.000000,-25.753174,-24.240723
6000.000000,1.000000,66.000000,2.000000,0.000000,6033.000000,-25.753174,-24.240723
6000.000000,1.000000,66.000000,2.000000,0.000000,6033.000000,-25.753174,-24.240723
6000.000000,1.000000,66.000000,2.000000,0.000000,6033.000000,-25.753174,-24.240723
6000.000000,1.000000,66.000000,2.000000,0.000000,6033.000000,-25.753174,-24.243164
6000.000000,1.000000,66.000000,2.000000,0.000000,6033.000000,-25.753174,-24.243164
6000.000000,1.000000,66.000000,2.000000,0.000000,6033.000000,-25.753174,-24.243164
6000.000000,1.000000,66.000000,2.000000,0.000000,6033.000000,-25.753174,-24.243164
6000.000000,1.000000,66.000000,2.000000,0.000000,6033.000000,-25.753174,-24.243164
6000.000000,1.000000,66.000000,2.000000,0.000000,6033.000000,-25.753174,-24.243164
6000.000000,1.000000,66.000000,2.000000,0.000000,6033.000000,-25.753174,-24.246826
6000.000000,1.000000,66.000000,2.000000,0.000000,6033.000000,-25.753174,-24.246826
6000.000000,1.000000,66.000000,2.000000,0.000000,6033.000000,-25.753174,-24.246826
6000.000000,1.000000,66.000000,2.000000,0.000000,6033.000000,-25.753174,-24.246826
6000.000000,1.000000,66.000000,2.000000,0.000000,6033.000000,-25.753174,-24.249268
6000.000000,1.000000,66.000000,2.000000,0.000000,6033.000000,-25.753174,-24.250488
6000.000000,1.000000,66.000000,2.000000,0.000000,6033.000000,-25.753174,-24.250488
6000.000000,1.000000,66.000000,2.000000,0.000000,6033.000000,-25.753174,-24.250488
6000.000000,1.000000,66.000000,2.000000,0.000000,6033.000000,-25.753174,-24.250488
6000.000000,1.000000,66.000000,2.000000,0.000000,6033.000000,-25.753174,-24.250488
6000.000000,1.000000,66.000000,2.000000,0.000000,6033.000000,-25.753174,-24.252930
6000.000000,1.000000,66.000000,2.000000,0.000000,6033.000000,-25.753174,-24.252930
6000.000000,1.000000,66.000000,2.000000,0.000000,6033.000000,-25.753174,-24.252930
6000.000000,1.000000,66.000000,2.000000,0.000000,6033.000000,-25.753174,-24.255371
6000.000000,1.000000,66.000000,2.000000,0.000000,6033.000000,-25.753174,-24.255371
6000.000000,1.000000,66.000000,2.000000,0.000000,6033.000000,-25.753174,-24.255371
6000.000000,1.000000,66.000000,2.000000,0.000000,6033.000000,-25.753174,-24.255371
6000.000000,1.000000,66.000000,2.000000,0.000000,6033.000000,-25.753174,-24.255371
6000.000000,1.000000,66.000000,2.000000,0.000000,6033.000000,-25.753174,-24.255371
6000.000000,1.000000,66.000000,2.000000,0.000000,6033.000000,-25.753174,-24.259033
6000.000000,1.000000,66.000000,2.000000,0.000000,6033.000000,-25.753174,-24.259033
6000.000000,1.000000,66.000000,2.000000,0.000000,6033.000000,-25.753174,-24.259033
6000.000000,1.000000,66.000000,2.000000,0.000000,6033.000000,-25.753174,-24.259033
6000.000000,1.000000,66.000000,2.000000,0.000000,6033.000000,-25.753174,-24.261475
6000.000000,1.000000,66.000000,2.000000,0.000000,6033.000000,-25.753174,-24.261475
6000.000000,1.000000,66.000000,2.000000,0.000000,6033.000000,-25.753174,-24.261475
6000.000000,1.000000,66.000000,2.000000,0.000000,6033.000000,-25.753174,-24.261475
6000.000000,1.000000,66.000000,2.000000,0.000000,6033.000000,-25.753174,-24.263916
6000.000000,1.000000,66.000000,2.000000,0.000000,6033.000000,-25.753174,-24.263916
6000.000000,1.000000,66.000000,2.000000,0.000000,6033.000000,-25.753174,-24.263916
6000.000000,1.000000,66.000000,2.000000,0.000000,6033.000000,-25.753174,-24.263916
6000.000000,1.000000,66.000000,2.000000,0.000000,6033.000000,-25.753174,-24.266357
6000.000000,1.000000,66.000000,2.000000,0.000000,6033.000000,-25.753174,-24.266357
6000.000000,1.000000,66.000000,2.000000,0.000000,6033.000000,-25.753174,-24.266357
6000.000000,1.000000,66.000000,2.000000,0.000000,6033.000000,-25.753174,-24.266357
6000.000000,1.000000,66.000000,2.000000,0.000000,6033.000000,-25.753174,-24.270020
6000.000000,1.000000,66.000000,2.000000,0.000000,6033.000000,-25.753174,-24.270020
6000.000000,1.000000,66.000000,2.000000,0.000000,6033.000000,-25.753174,-24.270020
6000.000000,1.000000,66.000000,2.000000,0.000000,6033.000000,-25.753174,-24.270020
6000.000000,1.000000,66.000000,2.000000,0.000000,6033.000000,-25.753174,-24.270020
6000.000000,1.000000,66.000000,2.000000,0.000000,6033.000000,-25.753174,-24.272461
6000.000000,1.000000,66.000000,2.000000,0.000000,6033.000000,-25.753174,-24.272461
6000.000000,1.000000,66.000000,2.000000,0.000000,6033.000000,-25.753174,-24.272461
6000.000000,1.000000,66.000000,2.000000,0.000000,6033.000000,-25.753174,-24.272461
6000.000000,1.000000,66.000000,2.000000,0.000000,6033.000000,-25.753174,-24.274902
6000.000000,1.000000,66.000000,2.000000,0.000000,6033.000000,-25.753174,-24.274902
6000.000000,1.000000,66.000000,2.000000,0.000000,6033.000000,-25.753174,-24.274902
6000.000000,1.000000,66.000000,2.000000,0.000000,6033.000000,-25.753174,-24.274902
6000.000000,1.000000,66.000000,2.000000,0.000000,6033.000000,-25.753174,-24.274902
6000.000000,1.000000,66.000000,2.000000,0.000000,6033.000000,-25.753174,-24.276123
6000.000000,1.000000,66.000000,2.000000,0.000000,6033.000000,-25.753174,-24.276123
6000.000000,1.000000,66.000000,2.000000,0.000000,6033.000000,-25.753174,-24.276123
6000.000000,1.000000,66.000000,2.000000,0.000000,6033.000000,-25.753174,-24.276123
6000.000000,1.000000,66.000000,2.000000,0.000000,6033.000000,-25.753174,-24.276123
6000.000000,1.000000,66.000000,2.000000,0.000000,6033.000000,-25.753174,-24.276123
6000.000000,1.000000,66.000000,2.000000,0.000000,6033.000000,-25.753174,-24.279785
6000.000000,1.000000,66.000000,2.000000,0.000000,6033.000000,-25.753174,-24.279785
6000.000000,1.000000,66.000000,2.000000,0.000000,6033.000000,-25.753174,-24.279785
6000.000000,1.000000,66.000000,2.000000,0.000000,6033.000000,-25.753174,-24.279785
6000.000000,1.000000,66.000000,2.000000,0.000000,6033.000000,-25.753174,-24.279785
6000.000000,1.000000,66.000000,2.000000,0.000000,6033.000000,-25.753174,-24.279785
6000.000000,1.000000,66.000000,2.000000,0.000000,6033.000000,-25.753174,-24.279785
6000.000000,1.000000,66.000000,2.000000,0.000000,6033.000000,-25.753174,-24.279785
6000.000000,1.000000,66.000000,2.000000,0.000000,6033.000000,-25.753174,-24.279785
6000.000000,1.000000,66.000000,2.000000,0.000000,6033.000000,-25.753174,-24.279785
6000.000000,1.000000,66.000000,2.000000,0.000000,6033.000000,-25.753174,-24.279785
6000.000000,1.000000,66.000000,2.000000,0.000000,6033.000000,-25.753174,-24.279785
6000.000000,1.000000,66.000000,2.000000,0.000000,6033.000000,-25.753174,-24.279785
6000.000000,1.000000,66.000000,2.000000,0.000000,6033.000000,-25.753174,-24.279785
6000.000000,1.000000,66.000000,2.000000,0.000000,6033.000000,-25.753174,-24.279785
6000.000000,1.000000,66.000000,2.000000,0.000000,6033.000000,-25.753174,-24.279785
6000.000000,1.000000,66.000000,2.000000,0.000000,6033.000000,-25.753174,-24.279785
6000.000000,1.000000,66.000000,2.000000,0.000000,6033.000000,-25.753174,-24.279785
6000.000000,1.000000,66.000000,2.000000,0.000000,6033.000000,-25.753174,-24.279785
6000.000000,1.000000,66.000000,2.000000,0.000000,6033.000000,-25.753174,-24.279785
6000.000000,1.000000,66.000000,2.000000,0.000000,6033.000000,-25.753174,-24.279785
6000.000000,1.000000,66.000000,2.000000,0.000000,6033.000000,-25.753174,-24.279785
6000.000000,1.000000,66.000000,2.000000,0.000000,6033.000000,-25.753174,-24.279785
6000.000000,1.000000,66.000000,2.000000,0.000000,6033.000000,-25.753174,-24.279785
6000.000000,1.000000,66.000000,2.000000,0.000000,6033.000000,-25.753174,-24.279785
6000.000000,1.000000,66.000000,2.000000,0.000000,6033.000000,-25.753174,-24.279785
6000.000000,1.000000,66.000000,2.000000,0.000000,6033.000000,-25.753174,-24.279785
6000.000000,1.000000,66.000000,2.000000,0.000000,6033.000000,-25.753174,-24.279785
6000.000000,1.000000,66.000000,2.000000,0.000000,6033.000000,-25.753174,-24.279785
6000.000000,1.000000,66.000000,2.000000,0.000000,6033.000000,-25.753174,-24.279785
6000.000000,1.000000,66.000000,2.000000,0.000000,6033.000000,-25.753174,-24.279785
6000.000000,1.000000,66.000000,2.000000,0.000000,6033.000000,-25.753174,-24.279785
6000.000000,1.000000,66.000000,2.000000,0.000000,6033.000000,-25.753174,-24.279785
6000.000000,1.000000,66.000000,2.000000,0.000000,6033.000000,-25.753174,-24.279785
6000.000000,1.000000,66.000000,2.000000,0.000000,6033.000000,-25.753174,-24.279785
6000.000000,1.000000,66.000000,2.000000,0.000000,6033.000000,-25.753174,-24.279785
6000.000000,1.000000,66.000000,2.000000,0.000000,6033.000000,-25.753174,-24.279785
6000.000000,1.000000,66.000000,2.000000,0.000000,6033.000000,-25.753174,-24.279785
6000.000000,1.000000,66.000000,2.000000,0.000000,6033.000000,-25.753174,-24.279785
6000.000000,1.000000,66.000000,2.000000,0.000000,6033.000000,-25.753174,-24.279785
6000.000000,1.000000,66.000000,2.000000,0.000000,6033.000000,-25.753174,-24.279785
6000.000000,1.000000,66.000000,2.000000,0.000000,6033.000000,-25.753174,-24.279785
6000.000000,1.000000,66.000000,2.000000,0.000000,6033.000000,-25.753174,-24.279785
6000.000000,1.000000,66.000000,2.000000,0.000000,6033.000000,-25.753174,-24.279785
6000.000000,1.000000,66.000000,2.000000,0.000000,6033.000000,-25.753174,-24.279785
6000.000000,1.000000,66.000000,2.000000,0.000000,6033.000000,-25.753174,-24.279785
6000.000000,1.000000,66.000000,2.000000,0.000000,6033.000000,-25.753174,-24.279785
6000.000000,1.000000,66.000000,2.000000,0.000000,6033.000000,-25.753174,-24.279785
6000.000000,1.000000,66.000000,2.000000,0.000000,6033.000000,-25.753174,-24.279785
6000.000000,1.000000,66.000000,2.000000,0.000000,6033.000000,-25.753174,-24.279785
6000.000000,1.000000,66.000000,2.000000,0.000000,6033.000000,-25.753174,-24.279785
6000.000000,1.000000,66.000000,2.000000,0.000000,6033.000000,-25.753174,-24.279785
6000.000000,1.000000,66.000000,2.000000,0.000000,6033.000000,-25.753174,-24.279785
6000.000000,1.000000,66.000000,2.000000,0.000000,6033.000000,-25.753174,-24.279785
6000.000000,1.000000,66.000000,2.000000,0.000000,6033.000000,-25.753174,-24.279785
6000.000000,1.000000,66.000000,2.000000,0.000000,6033.000000,-25.753174,-24.279785
6000.000000,1.000000,66.000000,2.000000,0.000000,6033.000000,-25.753174,-24.279785
6000.000000,1.000000,66.000000,2.000000,0.000000,6033.000000,-25.753174,-24.279785
6000.000000,1.000000,66.000000,2.000000,0.000000,6033.000000,-25.753174,-24.279785
6000.000000,1.000000,66.000000,2.000000,0.000000,6033.000000,-25.753174,-24.279785
6000.000000,1.000000,66.000000,2.000000,0.000000,6033.000000,-25.753174,-24.279785
6000.000000,1.000000,66.000000,2.000000,0.000000,6033.000000,-25.753174,-24.279785
6000.000000,1.000000,66.000000,2.000000,0.000000,6033.000000,-25.753174,-24.279785
6000.000000,1.000000,66.000000,2.000000,0.000000,6033.000000,-25.753174,-24.279785
6000.000000,1.000000,66.000000,2.000000,0.000000,6033.000000,-25.753174,-24.279785
6000.000000,1.000000,66.000000,2.000000,0.000000,6033.000000,-25.753174,-24.279785
6000.000000,1.000000,66.000000,2.000000,0.000000,6033.000000,-25.753174,-24.279785
6000.000000,1.000000,66.000000,2.000000,0.000000,6033.000000,-25.753174,-24.279785
6000.000000,1.000000,66.000000,2.000000,0.000000,6033.000000,-25.753174,-24.279785
6000.000000,1.000000,66.000000,2.000000,0.000000,6033.000000,-25.753174,-24.279785
6000.000000,1.000000,66.000000,2.000000,0.000000,6033.000000,-25.753174,-24.279785
6000.000000,1.000000,66.000000,2.000000,0.000000,6033.000000,-25.753174,-24.279785
6000.000000,1.000000,66.000000,2.000000,0.000000,6033.000000,-25.753174,-24.279785
6000.000000,1.000000,66.000000,2.000000,0.000000,6033.000000,-25.753174,-24.279785
6000.000000,1.000000,66.000000,2.000000,0.000000,6033.000000,-25.753174,-24.279785
6000.000000,1.000000,66.000000,2.000000,0.000000,6033.000000,-25.753174,-24.279785
6000.000000,1.000000,66.000000,2.000000,0.000000,6033.000000,-25.753174,-24.279785
6000.000000,1.000000,66.000000,2.000000,0.000000,6033.000000,-25.753174,-24.279785
6000.000000,1.000000,66.000000,2.000000,0.000000,6033.000000,-25.753174,-24.279785
6000.000000,1.000000,66.000000,2.000000,0.000000,6033.000000,-25.753174,-24.279785
6000.000000,1.000000,66.000000,2.000000,0.000000,6033.000000,-25.753174,-24.279785
6000.000000,1.000000,66.000000,2.000000,0.000000,6033.000000,-25.753174,-24.279785
6000.000000,1.000000,66.000000,2.000000,0.000000,6033.000000,-25.753174,-24.279785
6000.000000,1.000000,66.000000,2.000000,0.000000,6033.000000,-25.753174,-24.279785
6000.000000,1.000000,66.000000,2.000000,0.000000,6033.000000,-25.753174,-24.279785
6000.000000,1.000000,66.000000,2.000000,0.000000,6033.000000,-25.753174,-24.279785
6000.000000,1.000000,66.000000,2.000000,0.000000,6033.000000,-25.753174,-24.279785
6000.000000,1.000000,66.000000,2.000000,0.000000,6033.000000,-25.753174,-24.279785
6000.000000,1.000000,66.000000,2.000000,0.000000,6033.000000,-25.753174,-24.279785
6000.000000,1.000000,66.000000,2.000000,0.000000,6033.000000,-25.753174,-24.279785
6000.000000,1.000000,66.000000,2.000000,0.000000,6033.000000,-25.753174,-24.279785
6000.000000,1.000000,66.000000,2.000000,0.000000,6033.000000,-25.753174,-24.279785
6000.000000,1.000000,66.000000,2.000000,0.000000,6033.000000,-25.753174,-24.279785
6000.000000,1.000000,66.000000,2.000000,0.000000,6033.000000,-25.753174,-24.279785
6000.000000,1.000000,66.000000,2.000000,0.000000,6033.000000,-25.753174,-24.279785
6000.000000,1.000000,66.000000,2.000000,0.000000,6033.000000,-25.753174,-24.279785
6000.000000,1.000000,66.000000,2.000000,0.000000,6033.000000,-25.753174,-24.279785
6000.000000,1.000000,66.000000,2.000000,0.000000,6033.000000,-25.753174,-24.279785
6000.000000,1.000000,66.000000,2.000000,0.000000,6033.000000,-25.753174,-24.279785
6000.000000,1.000000,66.000000,2.000000,0.000000,6033.000000,-25.753174,-24.279785
6000.000000,1.000000,66.000000,2.000000,0.000000,6033.000000,-25.753174,-24.279785
6000.000000,1.000000,66.000000,2.000000,0.000000,6033.000000,-25.753174,-24.279785
6000.000000,1.000000,66.000000,2.000000,0.000000,6033.000000,-25.753174,-24.279785
6000.000000,1.000000,66.000000,2.000000,0.000000,6033.000000,-25.753174,-24.279785
6000.000000,1.000000,66.000000,2.000000,0.000000,6033.000000,-25.753174,-24.279785
6000.000000,1.000000,66.000000,2.000000,0.000000,6033.000000,-25.753174,-24.279785
6000.000000,1.000000,66.000000,2.000000,0.000000,6033.000000,-25.753174,-24.279785
6000.000000,1.000000,66.000000,2.000000,0.000000,6033.000000,-25.753174,-24.279785
6000.000000,1.000000,66.000000,2.000000,0.000000,6033.000000,-25.753174,-24.279785
6000.000000,1.000000,66.000000,2.000000,0.000000,6033.000000,-25.753174,-24.279785
6000.000000,1.000000,66.000000,2.000000,0.000000,6033.000000,-25.753174,-24.279785
6000.000000,1.000000,66.000000,2.000000,0.000000,6033.000000,-25.753174,-24.279785
6000.000000,1.000000,66.000000,2.000000,0.000000,6033.000000,-25.753174,-24.279785
6000.000000,1.000000,66.000000,2.000000,0.000000,6033.000000,-25.753174,-24.279785
6000.000000,1.000000,66.000000,2.000000,0.000000,6033.000000,-25.753174,-24.279785
6000.000000,1.000000,66.000000,2.000000,0.000000,6033.000000,-25.753174,-24.279785
6000.000000,1.000000,66.000000,2.000000,0.000000,6033.000000,-25.753174,-24.279785
6000.000000,1.000000,66.000000,2.000000,0.000000,6033.000000,-25.753174,-24.279785
6000.000000,1.000000,66.000000,2.000000,0.000000,6033.000000,-25.753174,-24.279785
6000.000000,1.000000,66.000000,2.000000,0.000000,6033.000000,-25.753174,-24.279785
6000.000000,1.000000,66.000000,2.000000,0.000000,6033.000000,-25.753174,-24.279785
6000.000000,1.000000,66.000000,2.000000,0.000000,6033.000000,-25.753174,-24.279785
6000.000000,1.000000,66.000000,2.000000,0.000000,6033.000000,-25.753174,-24.279785
6000.000000,1.000000,66.000000,2.000000,0.000000,6033.000000,-25.753174,-24.279785
6000.000000,1.000000,66.000000,2.000000,0.000000,6033.000000,-25.753174,-24.279785
6000.000000,1.000000,66.000000,2.000000,0.000000,6033.000000,-25.753174,-24.279785
6000.000000,1.000000,66.000000,2.000000,0.000000,6033.000000,-25.753174,-24.279785
6000.000000,1.000000,66.000000,2.000000,0.000000,6033.000000,-25.753174,-24.279785
6000.000000,1.000000,66.000000,2.000000,0.000000,6033.000000,-25.753174,-24.279785
6000.000000,1.000000,66.000000,2.000000,0.000000,6033.000000,-25.753174,-23.685303
6000.000000,1.000000,66.000000,2.000000,0.000000,6033.000000,-25.753174,-23.713379
6000.000000,1.000000,66.000000,2.000000,0.000000,6033.000000,-25.753174,-23.715820
6000.000000,1.000000,66.000000,2.000000,0.000000,6033.000000,-25.753174,-23.715820
6000.000000,1.000000,66.000000,2.000000,0.000000,6033.000000,-25.753174,-23.728027
6000.000000,1.000000,66.000000,2.000000,0.000000,6033.000000,-25.753174,-23.731689
6000.000000,1.000000,66.000000,2.000000,0.000000,6033.000000,-25.753174,-23.718262
6000.000000,1.000000,66.000000,2.000000,0.000000,6033.000000,-25.753174,-23.724365
6000.000000,1.000000,66.000000,2.000000,0.000000,6033.000000,-25.753174,-23.724365
6000.000000,1.000000,66.000000,2.000000,0.000000,6033.000000,-25.753174,-23.726807
6000.000000,1.000000,66.000000,2.000000,0.000000,6033.000000,-25.753174,-23.729248
6000.000000,1.000000,66.000000,2.000000,0.000000,6033.000000,-25.753174,-23.715820
6000.000000,1.000000,66.000000,2.000000,0.000000,6033.000000,-25.753174,-23.718262
6000.000000,1.000000,66.000000,2.000000,0.000000,6033.000000,-25.753174,-23.726807
6000.000000,1.000000,66.000000,2.000000,0.000000,6033.000000,-25.753174,-23.721924
6000.000000,1.000000,66.000000,2.000000,0.000000,6033.000000,-25.753174,-23.718262
6000.000000,1.000000,66.000000,2.000000,0.000000,6033.000000,-25.753174,-23.714600
6000.000000,1.000000,66.000000,2.000000,0.000000,6033.000000,-25.753174,-23.715820
6000.000000,1.000000,66.000000,2.000000,0.000000,6033.000000,-25.753174,-23.725586
6000.000000,1.000000,66.000000,2.000000,0.000000,6033.000000,-25.753174,-23.728027
6000.000000,1.000000,66.000000,2.000000,0.000000,6033.000000,-25.753174,-23.717041
6000.000000,1.000000,66.000000,2.000000,0.000000,6033.000000,-25.753174,-23.713379
6000.000000,1.000000,66.000000,2.000000,0.000000,6033.000000,-25.753174,-23.719482
6000.000000,1.000000,66.000000,2.000000,0.000000,6033.000000,-25.753174,-23.728027
6000.000000,1.000000,66.000000,2.000000,0.000000,6033.000000,-25.753174,-23.726807
6000.000000,1.000000,66.000000,2.000000,0.000000,6033.000000,-25.753174,-23.723145
6000.000000,1.000000,66.000000,2.000000,0.000000,6033.000000,-25.753174,-23.723145
6000.000000,1.000000,66.000000,2.000000,0.000000,6033.000000,-25.753174,-23.720703
6000.000000,1.000000,66.000000,2.000000,0.000000,6033.000000,-25.753174,-23.724365
6000.000000,1.000000,66.000000,2.000000,0.000000,6033.000000,-25.753174,-23.721924
6000.000000,1.000000,66.000000,2.000000,0.000000,6033.000000,-25.753174,-23.718262
6000.000000,1.000000,66.000000,2.000000,0.000000,6033.000000,-25.753174,-23.717041
6000.000000,1.000000,66.000000,2.000000,0.000000,6033.000000,-25.753174,-23.706055
6000.000000,1.000000,66.000000,2.000000,0.000000,6033.000000,-25.753174,-23.707275
6000.000000,1.000000,66.000000,2.000000,0.000000,6033.000000,-25.753174,-23.718262
6000.000000,1.000000,66.000000,2.000000,0.000000,6033.000000,-25.753174,-23.712158
6000.000000,1.000000,66.000000,2.000000,0.000000,6033.000000,-25.753174,-23.709717
6000.000000,1.000000,66.000000,2.000000,0.000000,6033.000000,-25.753174,-23.725586
6000.000000,1.000000,66.000000,2.000000,0.000000,6033.000000,-25.753174,-23.718262
6000.000000,1.000000,66.000000,2.000000,0.000000,6033.000000,-25.753174,-23.718262
6000.000000,1.000000,66.000000,2.000000,0.000000,6033.000000,-25.753174,-23.719482
6000.000000,1.000000,66.000000,2.000000,0.000000,6033.000000,-25.753174,-23.724365
6000.000000,1.000000,66.000000,2.000000,0.000000,6033.000000,-25.753174,-23.713379
6000.000000,1.000000,66.000000,2.000000,0.000000,6033.000000,-25.753174,-23.723145
6000.000000,1.000000,66.000000,2.000000,0.000000,6033.000000,-25.753174,-23.723145
6000.000000,1.000000,66.000000,2.000000,0.000000,6033.000000,-25.753174,-23.726807
6000.000000,1.000000,66.000000,2.000000,0.000000,6033.000000,-25.753174,-23.703613
6000.000000,1.000000,66.000000,2.000000,0.000000,6033.000000,-25.753174,-23.724365
6000.000000,1.000000,66.000000,2.000000,0.000000,6033.000000,-25.753174,-23.708496
6000.000000,1.000000,66.000000,2.000000,0.000000,6033.000000,-25.753174,-23.725586
6000.000000,1.000000,66.000000,2.000000,0.000000,6033.000000,-25.753174,-23.714600
6000.000000,1.000000,66.000000,2.000000,0.000000,6033.000000,-25.753174,-23.718262
6000.000000,1.000000,66.000000,2.000000,0.000000,6033.000000,-25.753174,-23.720703
6000.000000,1.000000,66.000000,2.000000,0.000000,6033.000000,-25.753174,-23.731689
6000.000000,1.000000,66.000000,2.000000,0.000000,6033.000000,-25.753174,-23.723145
6000.000000,1.000000,66.000000,2.000000,0.000000,6033.000000,-25.753174,-23.719482
6000.000000,1.000000,66.000000,2.000000,0.000000,6033.000000,-25.753174,-23.724365
6000.000000,1.000000,66.000000,2.000000,0.000000,6033.000000,-25.753174,-23.719482
6000.000000,1.000000,66.000000,2.000000,0.000000,6033.000000,-25.753174,-23.726807
6000.000000,1.000000,66.000000,2.000000,0.000000,6033.000000,-25.753174,-23.714600
6000.000000,1.000000,66.000000,2.000000,0.000000,6033.000000,-25.753174,-23.726807
6000.000000,1.000000,66.000000,2.000000,0.000000,6033.000000,-25.753174,-23.725586
6000.000000,1.000000,66.000000,2.000000,0.000000,6033.000000,-25.753174,-23.725586
6000.000000,1.000000,66.000000,2.000000,0.000000,6033.000000,-25.753174,-23.713379
6000.000000,1.000000,66.000000,2.000000,0.000000,6033.000000,-25.753174,-23.719482
6000.000000,1.000000,66.000000,2.000000,0.000000,6033.000000,-25.753174,-23.728027
6000.000000,1.000000,66.000000,2.000000,0.000000,6033.000000,-25.753174,-23.720703
6000.000000,1.000000,66.000000,2.000000,0.000000,6033.000000,-25.753174,-23.729248
6000.000000,1.000000,66.000000,2.000000,0.000000,6033.000000,-25.753174,-23.724365
6000.000000,1.000000,66.000000,2.000000,0.000000,6033.000000,-25.753174,-23.728027
6000.000000,1.000000,66.000000,2.000000,0.000000,6033.000000,-25.753174,-23.709717
6000.000000,1.000000,66.000000,2.000000,0.000000,6033.000000,-25.753174,-23.710938
6000.000000,1.000000,66.000000,2.000000,0.000000,6033.000000,-25.753174,-23.721924
6000.000000,1.000000,66.000000,2.000000,0.000000,6033.000000,-25.753174,-23.717041
6000.000000,1.000000,66.000000,2.000000,0.000000,6033.000000,-25.753174,-23.718262
6000.000000,1.000000,66.000000,2.000000,0.000000,6033.000000,-25.753174,-23.718262
6000.000000,1.000000,66.000000,2.000000,0.000000,6033.000000,-25.753174,-23.721924
6000.000000,1.000000,66.000000,2.000000,0.000000,6033.000000,-25.753174,-23.721924
6000.000000,1.000000,66.000000,2.000000,0.000000,6033.000000,-25.753174,-23.713379
6000.000000,1.000000,66.000000,2.000000,0.000000,6033.000000,-25.753174,-23.721924
6000.000000,1.000000,66.000000,2.000000,0.000000,6033.000000,-25.753174,-23.707275
6000.000000,1.000000,66.000000,2.000000,0.000000,6033.000000,-25.753174,-23.728027
6000.000000,1.000000,66.000000,2.000000,0.000000,6033.000000,-25.753174,-23.719482
6000.000000,1.000000,66.000000,2.000000,0.000000,6033.000000,-25.753174,-23.721924
6000.000000,1.000000,66.000000,2.000000,0.000000,6033.000000,-25.753174,-23.724365
6000.000000,1.000000,66.000000,2.000000,0.000000,6033.000000,-25.753174,-23.728027
6000.000000,1.000000,66.000000,2.000000,0.000000,6033.000000,-25.753174,-23.714600
6000.000000,1.000000,66.000000,2.000000,0.000000,6033.000000,-25.753174,-23.725586
6000.000000,1.000000,66.000000,2.000000,0.000000,6033.000000,-25.753174,-23.712158
6000.000000,1.000000,66.000000,2.000000,0.000000,6033.000000,-25.753174,-23.725586
6000.000000,1.000000,66.000000,2.000000,0.000000,6033.000000,-25.753174,-23.723145
6000.000000,1.000000,66.000000,2.000000,0.000000,6033.000000,-25.753174,-23.710938
6000.000000,1.000000,66.000000,2.000000,0.000000,6033.000000,-25.753174,-23.720703
6000.000000,1.000000,66.000000,2.000000,0.000000,6033.000000,-25.753174,-23.724365
6000.000000,1.000000,66.000000,2.000000,0.000000,6033.000000,-25.753174,-23.718262
6000.000000,1.000000,66.000000,2.000000,0.000000,6033.000000,-25.753174,-23.718262
6000.000000,1.000000,66.000000,2.000000,0.000000,6033.000000,-25.753174,-23.728027
6000.000000,1.000000,66.000000,2.000000,0.000000,6033.000000,-25.753174,-23.728027
6000.000000,1.000000,66.000000,2.000000,0.000000,6033.000000,-25.753174,-23.720703
6000.000000,1.000000,66.000000,2.000000,0.000000,6033.000000,-25.753174,-23.721924
6000.000000,1.000000,66.000000,2.000000,0.000000,6033.000000,-25.753174,-23.730469
6000.000000,1.000000,66.000000,2.000000,0.000000,6033.000000,-25.753174,-23.718262
6000.000000,1.000000,66.000000,2.000000,0.000000,6033.000000,-25.753174,-23.717041
6000.000000,1.000000,66.000000,2.000000,0.000000,6033.000000,-25.753174,-23.725586
6000.000000,1.000000,66.000000,2.000000,0.000000,6033.000000,-25.753174,-23.717041
6000.000000,1.000000,66.000000,2.000000,0.000000,6033.000000,-25.753174,-23.718262
6000.000000,1.000000,66.000000,2.000000,0.000000,6033.000000,-25.753174,-23.726807
6000.000000,1.000000,66.000000,2.000000,0.000000,6033.000000,-25.753174,-23.726807
6000.000000,1.000000,66.000000,2.000000,0.000000,6033.000000,-25.753174,-23.720703
6000.000000,1.000000,66.000000,2.000000,0.000000,6033.000000,-25.753174,-23.718262
6000.000000,1.000000,66.000000,2.000000,0.000000,6033.000000,-25.753174,-23.706055
6000.000000,1.000000,66.000000,2.000000,0.000000,6033.000000,-25.753174,-23.725586
6000.000000,1.000000,66.000000,2.000000,0.000000,6033.000000,-25.753174,-23.721924
6000.000000,1.000000,66.000000,2.000000,0.000000,6033.000000,-25.753174,-23.719482
6000.000000,1.000000,66.000000,2.000000,0.000000,6033.000000,-25.753174,-23.730469
6000.000000,1.000000,66.000000,2.000000,0.000000,6033.000000,-25.753174,-23.718262
6000.000000,1.000000,66.000000,2.000000,0.000000,6033.000000,-25.753174,-23.714600
6000.000000,1.000000,66.000000,2.000000,0.000000,6033.000000,-25.753174,-23.724365
6000.000000,1.000000,66.000000,2.000000,0.000000,6033.000000,-25.753174,-23.720703
6000.000000,1.000000,66.000000,2.000000,0.000000,6033.000000,-25.753174,-23.729248
6000.000000,1.000000,66.000000,2.000000,0.000000,6033.000000,-25.753174,-23.708496
6000.000000,1.000000,66.000000,2.000000,0.000000,6033.000000,-25.753174,-23.720703
6000.000000,1.000000,66.000000,2.000000,0.000000,6033.000000,-25.753174,-23.717041
6000.000000,1.000000,66.000000,2.000000,0.000000,6033.000000,-25.753174,-23.728027
6000.000000,1.000000,66.000000,2.000000,0.000000,6033.000000,-25.753174,-23.720703
6000.000000,1.000000,66.000000,2.000000,0.000000,6033.000000,-25.753174,-23.717041
6000.000000,1.000000,66.000000,2.000000,0.000000,6033.000000,-25.753174,-23.720703
6000.000000,1.000000,66.000000,2.000000,0.000000,6033.000000,-25.753174,-23.729248
6000.000000,1.000000,66.000000,2.000000,0.000000,6033.000000,-25.753174,-23.717041
6000.000000,1.000000,66.000000,2.000000,0.000000,6033.000000,-25.753174,-23.726807
6000.000000,1.000000,66.000000,2.000000,0.000000,6033.000000,-25.753174,-23.728027
6000.000000,1.000000,66.000000,2.000000,0.000000,6033.000000,-25.753174,-23.715820
6000.000000,1.000000,66.000000,2.000000,0.000000,6033.000000,-25.753174,-23.724365
6000.000000,1.000000,66.000000,2.000000,0.000000,6033.000000,-25.753174,-23.725586
6000.000000,1.000000,66.000000,2.000000,0.000000,6033.000000,-25.753174,-23.719482
6000.000000,1.000000,66.000000,2.000000,0.000000,6033.000000,-25.753174,-23.717041
6000.000000,1.000000,66.000000,2.000000,0.000000,6033.000000,-25.753174,-23.714600
6000.000000,1.000000,66.000000,2.000000,0.000000,6033.000000,-25.753174,-23.706055
6000.000000,1.000000,66.000000,2.000000,0.000000,6033.000000,-25.753174,-23.719482
6000.000000,1.000000,66.000000,2.000000,0.000000,6033.000000,-25.753174,-23.714600
6000.000000,1.000000,66.000000,2.000000,0.000000,6033.000000,-25.753174,-23.717041
6000.000000,1.000000,66.000000,2.000000,0.000000,6033.000000,-25.753174,-23.719482
6000.000000,1.000000,66.000000,2.000000,0.000000,6033.000000,-25.753174,-23.718262
6000.000000,1.000000,66.000000,2.000000,0.000000,6033.000000,-25.753174,-23.725586
6000.000000,1.000000,66.000000,2.000000,0.000000,6033.000000,-25.753174,-23.703613
6000.000000,1.000000,66.000000,2.000000,0.000000,6033.000000,-25.753174,-23.724365
6000.000000,1.000000,66.000000,2.000000,0.000000,6033.000000,-25.753174,-23.720703
6000.000000,1.000000,66.000000,2.000000,0.000000,6033.000000,-25.753174,-23.728027
6000.000000,1.000000,66.000000,2.000000,0.000000,6033.000000,-25.753174,-23.720703
6000.000000,1.000000,66.000000,2.000000,0.000000,6033.000000,-25.753174,-23.720703
6000.000000,1.000000,66.000000,2.000000,0.000000,6033.000000,-25.753174,-23.708496
6000.000000,1.000000,66.000000,2.000000,0.000000,6033.000000,-25.753174,-23.714600
6000.000000,1.000000,66.000000,2.000000,0.000000,6033.000000,-25.753174,-23.718262
6000.000000,1.000000,66.000000,2.000000,0.000000,6033.000000,-25.753174,-23.724365
6000.000000,1.000000,66.000000,2.000000,0.000000,6033.000000,-25.753174,-23.715820
6000.000000,1.000000,66.000000,2.000000,0.000000,6033.000000,-25.753174,-23.729248
6000.000000,1.000000,66.000000,2.000000,0.000000,6033.000000,-25.753174,-23.717041
6000.000000,1.000000,66.000000,2.000000,0.000000,6033.000000,-25.753174,-23.729248
6000.000000,1.000000,66.000000,2.000000,0.000000,6033.000000,-25.753174,-23.729248
6000.000000,1.000000,66.000000,2.000000,0.000000,6033.000000,-25.753174,-23.724365
6000.000000,1.000000,66.000000,2.000000,0.000000,6033.000000,-25.753174,-23.725586
6000.000000,1.000000,66.000000,2.000000,0.000000,6033.000000,-25.753174,-23.728027
6000.000000,1.000000,66.000000,2.000000,0.000000,6033.000000,-25.753174,-23.714600
6000.000000,1.000000,66.000000,2.000000,0.000000,6033.000000,-25.753174,-23.715820
6000.000000,1.000000,66.000000,2.000000,0.000000,6033.000000,-25.753174,-23.730469
6000.000000,1.000000,66.000000,2.000000,0.000000,6033.000000,-25.753174,-23.721924
6000.000000,1.000000,66.000000,2.000000,0.000000,6033.000000,-25.753174,-23.709717
6000.000000,1.000000,66.000000,2.000000,0.000000,6033.000000,-25.753174,-23.725586
6000.000000,1.000000,66.000000,2.000000,0.000000,6033.000000,-25.753174,-23.717041
6000.000000,1.000000,66.000000,2.000000,0.000000,6033.000000,-25.753174,-23.717041
6000.000000,1.000000,66.000000,2.000000,0.000000,6033.000000,-25.753174,-23.720703
6000.000000,1.000000,66.000000,2.000000,0.000000,6033.000000,-25.753174,-23.708496
6000.000000,1.000000,66.000000,2.000000,0.000000,6033.000000,-25.753174,-23.718262
6000.000000,1.000000,66.000000,2.000000,0.000000,6033.000000,-25.753174,-23.714600
6000.000000,1.000000,66.000000,2.000000,0.000000,6033.000000,-25.753174,-23.729248
6000.000000,1.000000,66.000000,2.000000,0.000000,6033.000000,-25.753174,-23.708496
6000.000000,1.000000,66.000000,2.000000,0.000000,6033.000000,-25.753174,-23.724365
6000.000000,1.000000,66.000000,2.000000,0.000000,6033.000000,-25.753174,-23.717041
6000.000000,1.000000,66.000000,2.000000,0.000000,6033.000000,-25.753174,-23.701172
6000.000000,1.000000,66.000000,2.000000,0.000000,6033.000000,-25.753174,-23.719482
6000.000000,1.000000,66.000000,2.000000,0.000000,6033.000000,-25.753174,-23.721924
6000.000000,1.000000,66.000000,2.000000,0.000000,6033.000000,-25.753174,-23.714600
6000.000000,1.000000,66.000000,2.000000,0.000000,6033.000000,-25.753174,-23.967285
6000.000000,1.000000,66.000000,-1.000000,0.000000,6033.000000,-25.753174,-25.045166
6000.000000,1.000000,66.000000,-1.000000,0.000000,6033.000000,-25.753174,-25.045166
6000.000000,1.000000,66.000000,-1.000000,0.000000,6033.000000,-25.753174,-25.045166
6000.000000,1.000000,66.000000,-1.000000,0.000000,6033.000000,-25.753174,-25.045166
6000.000000,1.000000,66.000000,-1.000000,0.000000,6033.000000,-25.753174,-25.045166
6000.000000,1.000000,66.000000,-1.000000,0.000000,6033.000000,-25.753174,-25.045166
6000.000000,1.000000,66.000000,-1.000000,0.000000,6033.000000,-25.753174,-25.045166
6000.000000,1.000000,66.000000,-1.000000,0.000000,6033.000000,-25.753174,-25.045166
6000.000000,1.000000,66.000000,-1.000000,0.000000,6033.000000,-25.753174,-25.045166
6000.000000,1.000000,66.000000,-1.000000,0.000000,6033.000000,-25.753174,-25.045166
6000.000000,1.000000,66.000000,-1.000000,0.000000,6033.000000,-25.753174,-25.045166
6000.000000,1.000000,66.000000,-1.000000,0.000000,6033.000000,-25.753174,-25.045166
6000.000000,1.000000,66.000000,-1.000000,0.000000,6033.000000,-25.753174,-25.045166
6000.000000,1.000000,66.000000,-1.000000,0.000000,6033.000000,-25.753174,-25.045166
6000.000000,1.000000,66.000000,-1.000000,0.000000,6033.000000,-25.753174,-25.045166
6000.000000,1.000000,66.000000,-1.000000,0.000000,6033.000000,-25.753174,-25.045166
6000.000000,1.000000,66.000000,-1.000000,0.000000,6033.000000,-25.753174,-25.045166
6000.000000,1.000000,66.000000,-1.000000,0.000000,6033.000000,-25.753174,-25.045166
6000.000000,1.000000,66.000000,-1.000000,0.000000,6033.000000,-25.753174,-25.045166
6000.000000,1.000000,66.000000,-1.000000,0.000000,6033.000000,-25.753174,-25.045166
6000.000000,1.000000,66.000000,-1.000000,0.000000,6033.000000,-25.753174,-25.045166
6000.000000,1.000000,66.000000,-1.000000,0.000000,6033.000000,-25.753174,-25.045166
6000.000000,1.000000,66.000000,-1.000000,0.000000,6033.000000,-25.753174,-25.045166
6000.000000,1.000000,66.000000,-1.000000,0.000000,6033.000000,-25.753174,-25.045166
6000.000000,1.000000,66.000000,-1.000000,0.000000,6033.000000,-25.753174,-25.045166
6000.000000,1.000000,66.000000,-1.000000,0.000000,6033.000000,-25.753174,-25.045166
6000.000000,1.000000,66.000000,-1.000000,0.000000,6033.000000,-25.753174,-25.045166
6000.000000,1.000000,66.000000,-1.000000,0.000000,6033.000000,-25.753174,-25.045166
6000.000000,1.000000,66.000000,-1.000000,0.000000,6033.000000,-25.753174,-25.045166
6000.000000,1.000000,66.000000,-1.000000,0.000000,6033.000000,-25.753174,-25.045166
6000.000000,1.000000,66.000000,-1.000000,0.000000,6033.000000,-25.753174,-25.045166
6000.000000,1.000000,66.000000,-1.000000,0.000000,6033.000000,-25.753174,-25.045166
6000.000000,1.000000,66.000000,-1.000000,0.000000,6033.000000,-25.753174,-25.045166
6000.000000,1.000000,66.000000,-1.000000,0.000000,6033.000000,-25.753174,-25.045166
6000.000000,1.000000,66.000000,-1.000000,0.000000,6033.000000,-25.753174,-25.045166
6000.000000,1.000000,66.000000,-1.000000,0.000000,6033.000000,-25.753174,-25.045166
6000.000000,1.000000,66.000000,-1.000000,0.000000,6033.000000,-25.753174,-25.045166
6000.000000,1.000000,66.000000,-1.000000,0.000000,6033.000000,-25.753174,-25.045166
6000.000000,1.000000,66.000000,-1.000000,0.000000,6033.000000,-25.753174,-25.045166
6000.000000,1.000000,66.000000,-1.000000,0.000000,6033.000000,-25.753174,-25.045166
6000.000000,1.000000,66.000000,-1.000000,0.000000,6033.000000,-25.753174,-25.045166
6000.000000,1.000000,66.000000,-1.000000,0.000000,6033.000000,-25.753174,-25.045166
6000.000000,1.000000,66.000000,-1.000000,0.000000,6033.000000,-25.753174,-25.045166
6000.000000,1.000000,66.000000,-1.000000,0.000000,6033.000000,-25.753174,-25.045166
6000.000000,1.000000,66.000000,-1.000000,0.000000,6033.000000,-25.753174,-25.045166
6000.000000,1.000000,66.000000,-1.000000,0.000000,6033.000000,-25.753174,-25.045166
6000.000000,1.000000,66.000000,-1.000000,0.000000,6033.000000,-25.753174,-25.045166
6000.000000,1.000000,66.000000,-1.000000,0.000000,6033.000000,-25.753174,-25.045166
6000.000000,1.000000,66.000000,-1.000000,0.000000,6033.000000,-25.753174,-25.045166
6000.000000,1.000000,66.000000,-1.000000,0.000000,6033.000000,-25.753174,-25.045166
6000.000000,1.000000,66.000000,-1.000000,0.000000,6033.000000,-25.753174,-25.045166
6000.000000,1.000000,66.000000,-1.000000,0.000000,6033.000000,-25.753174,-25.045166
6000.000000,1.000000,66.000000,-1.000000,0.000000,6033.000000,-25.753174,-25.045166
6000.000000,1.000000,66.000000,-1.000000,0.000000,6033.000000,-25.753174,-25.045166
6000.000000,1.000000,66.000000,-1.000000,0.000000,6033.000000,-25.753174,-25.045166
6000.000000,1.000000,66.000000,-1.000000,0.000000,6033.000000,-25.753174,-25.045166
6000.000000,1.000000,66.000000,-1.000000,0.000000,6033.000000,-25.753174,-25.045166
6000.000000,1.000000,66.000000,-1.000000,0.000000,6033.000000,-25.753174,-25.045166
6000.000000,1.000000,66.000000,-1.000000,0.000000,6033.000000,-25.753174,-25.045166
6000.000000,1.000000,66.000000,-1.000000,0.000000,6033.000000,-25.753174,-25.045166
6000.000000,1.000000,66.000000,-1.000000,0.000000,6033.000000,-25.753174,-25.045166
6000.000000,1.000000,66.000000,-1.000000,0.000000,6033.000000,-25.753174,-25.045166
6000.000000,1.000000,66.000000,-1.000000,0.000000,6033.000000,-25.753174,-25.045166
6000.000000,1.000000,66.000000,-1.000000,0.000000,6033.000000,-25.753174,-25.045166
6000.000000,1.000000,66.000000,-1.000000,0.000000,6033.000000,-25.753174,-25.045166
6000.000000,1.000000,66.000000,-1.000000,0.000000,6033.000000,-25.753174,-25.045166
6000.000000,1.000000,66.000000,-1.000000,0.000000,6033.000000,-25.753174,-25.045166
6000.000000,1.000000,66.000000,-1.000000,0.000000,6033.000000,-25.753174,-25.045166
6000.000000,1.000000,66.000000,-1.000000,0.000000,6033.000000,-25.753174,-25.045166
6000.000000,1.000000,66.000000,-1.000000,0.000000,6033.000000,-25.753174,-25.045166
6000.000000,1.000000,66.000000,-1.000000,0.000000,6033.000000,-25.753174,-25.045166
6000.000000,1.000000,66.000000,-1.000000,0.000000,6033.000000,-25.753174,-25.045166
6000.000000,1.000000,66.000000,-1.000000,0.000000,6033.000000,-25.753174,-25.045166
6000.000000,1.000000,66.000000,-1.000000,0.000000,6033.000000,-25.753174,-25.045166
6000.000000,1.000000,66.000000,-1.000000,0.000000,6033.000000,-25.753174,-25.045166
6000.000000,1.000000,66.000000,-1.000000,0.000000,6033.000000,-25.753174,-25.045166
6000.000000,1.000000,66.000000,-1.000000,0.000000,6033.000000,-25.753174,-25.045166
6000.000000,1.000000,66.000000,-1.000000,0.000000,6033.000000,-25.753174,-25.045166
6000.000000,1.000000,66.000000,-1.000000,0.000000,6033.000000,-25.753174,-25.045166
6000.000000,1.000000,66.000000,-1.000000,0.000000,6033.000000,-25.753174,-25.045166
6000.000000,1.000000,66.000000,-1.000000,0.000000,6033.000000,-25.753174,-25.045166
6000.000000,1.000000,66.000000,-1.000000,0.000000,6033.000000,-25.753174,-25.045166
6000.000000,1.000000,66.000000,-1.000000,0.000000,6033.000000,-25.753174,-25.045166
6000.000000,1.000000,66.000000,-1.000000,0.000000,6033.000000,-25.753174,-25.045166
6000.000000,1.000000,66.000000,-1.000000,0.000000,6033.000000,-25.753174,-25.045166
6000.000000,1.000000,66.000000,-1.000000,0.000000,6033.000000,-25.753174,-25.045166
6000.000000,1.000000,66.000000,-1.000000,0.000000,6033.000000,-25.753174,-25.045166
6000.000000,1.000000,66.000000,-1.000000,0.000000,6033.000000,-25.753174,-25.045166
6000.000000,1.000000,66.000000,-1.000000,0.000000,6033.000000,-25.753174,-25.045166
6000.000000,1.000000,66.000000,-1.000000,0.000000,6033.000000,-25.753174,-25.045166
6000.000000,1.000000,66.000000,-1.000000,0.000000,6033.000000,-25.753174,-25.045166
6000.000000,1.000000,66.000000,-1.000000,0.000000,6033.000000,-25.753174,-25.045166
6000.000000,1.000000,66.000000,-1.000000,0.000000,6033.000000,-25.753174,-25.045166
6000.000000,1.000000,66.000000,-1.000000,0.000000,6033.000000,-25.753174,-25.045166
6000.000000,1.000000,66.000000,-1.000000,0.000000,6033.000000,-25.753174,-25.045166
6000.000000,1.000000,66.000000,-1.000000,0.000000,6033.000000,-25.753174,-25.045166
6000.000000,1.000000,66.000000,-1.000000,0.000000,6033.000000,-25.753174,-25.045166
6000.000000,1.000000,66.000000,-1.000000,0.000000,6033.000000,-25.753174,-25.045166
6000.000000,1.000000,66.000000,-1.000000,0.000000,6033.000000,-25.753174,-25.045166
6000.000000,1.000000,66.000000,-1.000000,0.000000,6033.000000,-25.753174,-25.045166
6000.000000,1.000000,66.000000,-1.000000,0.000000,6033.000000,-25.753174,-25.045166
6000.000000,1.000000,66.000000,-1.000000,0.000000,6033.000000,-25.753174,-25.045166
6000.000000,1.000000,66.000000,-1.000000,0.000000,6033.000000,-25.753174,-25.045166
6000.000000,1.000000,66.000000,-1.000000,0.000000,6033.000000,-25.753174,-25.045166
6000.000000,1.000000,66.000000,-1.000000,0.000000,6033.000000,-25.753174,-25.045166
6000.000000,1.000000,66.000000,-1.000000,0.000000,6033.000000,-25.753174,-25.045166
6000.000000,1.000000,66.000000,-1.000000,0.000000,6033.000000,-25.753174,-25.045166
6000.000000,1.000000,66.000000,-1.000000,0.000000,6033.000000,-25.753174,-25.045166
6000.000000,1.000000,66.000000,-1.000000,0.000000,6033.000000,-25.753174,-25.045166
6000.000000,1.000000,66.000000,-1.000000,0.000000,6033.000000,-25.753174,-25.045166
6000.000000,1.000000,66.000000,-1.000000,0.000000,6033.000000,-25.753174,-25.045166
6000.000000,1.000000,66.000000,-1.000000,0.000000,6033.000000,-25.753174,-25.045166
6000.000000,1.000000,66.000000,-1.000000,0.000000,6033.000000,-25.753174,-25.045166
6000.000000,1.000000,66.000000,-1.000000,0.000000,6033.000000,-25.753174,-25.045166
6000.000000,1.000000,66.000000,-1.000000,0.000000,6033.000000,-25.753174,-25.045166
6000.000000,1.000000,66.000000,-1.000000,0.000000,6033.000000,-25.753174,-25.045166
6000.000000,1.000000,66.000000,-1.000000,0.000000,6033.000000,-25.753174,-25.045166
6000.000000,1.000000,66.000000,-1.000000,0.000000,6033.000000,-25.753174,-25.045166
6000.000000,1.000000,66.000000,-1.000000,0.000000,6033.000000,-25.753174,-25.045166
6000.000000,1.000000,66.000000,-1.000000,0.000000,6033.000000,-25.753174,-25.045166
6000.000000,1.000000,66.000000,-1.000000,0.000000,6033.000000,-25.753174,-25.045166
6000.000000,1.000000,66.000000,-1.000000,0.000000,6033.000000,-25.753174,-25.045166
6000.000000,1.000000,66.000000,-1.000000,0.000000,6033.000000,-25.753174,-25.045166
6000.000000,1.000000,66.000000,-1.000000,0.000000,6033.000000,-25.753174,-25.045166
6000.000000,1.000000,66.000000,-1.000000,0.000000,6033.000000,-25.753174,-25.045166
6000.000000,1.000000,66.000000,-1.000000,0.000000,6033.000000,-25.753174,-25.045166
6000.000000,1.000000,66.000000,-1.000000,0.000000,6033.000000,-25.753174,-25.045166
6000.000000,1.000000,66.000000,-1.000000,0.000000,6033.000000,-25.753174,-25.045166
6000.000000,1.000000,66.000000,-1.000000,0.000000,6033.000000,-25.753174,-25.045166
6000.000000,1.000000,66.000000,-1.000000,0.000000,6033.000000,-25.753174,-25.045166
6000.000000,1.000000,66.000000,-1.000000,0.000000,6033.000000,-25.753174,-25.045166
6000.000000,1.000000,66.000000,-1.000000,0.000000,6033.000000,-25.753174,-25.045166
6000.000000,1.000000,66.000000,-1.000000,0.000000,6033.000000,-25.753174,-25.045166
6000.000000,1.000000,66.000000,-1.000000,0.000000,6033.000000,-25.753174,-25.045166
6000.000000,1.000000,66.000000,-1.000000,0.000000,6033.000000,-25.753174,-25.045166
6000.000000,1.000000,66.000000,-1.000000,0.000000,6033.000000,-25.753174,-25.045166
6000.000000,1.000000,66.000000,-1.000000,0.000000,6033.000000,-25.753174,-25.045166
6000.000000,1.000000,66.000000,-1.000000,0.000000,6033.000000,-25.753174,-25.045166
6000.000000,1.000000,66.000000,-1.000000,0.000000,6033.000000,-25.753174,-25.045166
6000.000000,1.000000,66.000000,-1.000000,0.000000,6033.000000,-25.753174,-25.045166
6000.000000,1.000000,66.000000,-1.000000,0.000000,6033.000000,-25.753174,-25.045166
6000.000000,1.000000,66.000000,-1.000000,0.000000,6033.000000,-25.753174,-25.045166
6000.000000,1.000000,66.000000,-1.000000,0.000000,6033.000000,-25.753174,-25.045166
6000.000000,1.000000,66.000000,-1.000000,0.000000,6033.000000,-25.753174,-25.045166
6000.000000,1.000000,66.000000,-1.000000,0.000000,6033.000000,-25.753174,-25.045166
6000.000000,1.000000,66.000000,-1.000000,0.000000,6033.000000,-25.753174,-25.045166
6000.000000,1.000000,66.000000,-1.000000,0.000000,6033.000000,-25.753174,-25.045166
6000.000000,1.000000,66.000000,-1.000000,0.000000,6033.000000,-25.753174,-25.045166
6000.000000,1.000000,66.000000,-1.000000,0.000000,6033.000000,-25.753174,-25.045166
6000.000000,1.000000,66.000000,-1.000000,0.000000,6033.000000,-25.753174,-25.045166
6000.000000,1.000000,66.000000,-1.000000,0.000000,6033.000000,-25.753174,-25.045166
6000.000000,1.000000,66.000000,-1.000000,0.000000,6033.000000,-25.753174,-25.045166
6000.000000,1.000000,66.000000,-1.000000,0.000000,6033.000000,-25.753174,-25.045166
6000.000000,1.000000,66.000000,-1.000000,0.000000,6033.000000,-25.753174,-25.045166
6000.000000,1.000000,66.000000,-1.000000,0.000000,6033.000000,-25.753174,-25.045166
6000.000000,1.000000,66.000000,-1.000000,0.000000,6033.000000,-25.753174,-25.045166
6000.000000,1.000000,66.000000,-1.000000,0.000000,6033.000000,-25.753174,-25.045166
6000.000000,1.000000,66.000000,-1.000000,0.000000,6033.000000,-25.753174,-25.045166
6000.000000,1.000000,66.000000,-1.000000,0.000000,6033.000000,-25.753174,-25.045166
6000.000000,1.000000,66.000000,-1.000000,0.000000,6033.000000,-25.753174,-25.045166
6000.000000,1.000000,66.000000,-1.000000,0.000000,6033.000000,-25.753174,-25.045166
6000.000000,1.000000,66.000000,-1.000000,0.000000,6033.000000,-25.753174,-25.045166
6000.000000,1.000000,66.000000,-1.000000,0.000000,6033.000000,-25.753174,-25.045166
6000.000000,1.000000,66.000000,-1.000000,0.000000,6033.000000,-25.753174,-25.045166
6000.000000,1.000000,66.000000,-1.000000,0.000000,6033.000000,-25.753174,-25.045166
6000.000000,1.000000,66.000000,-1.000000,0.000000,6033.000000,-25.753174,-25.045166
6000.000000,1.000000,66.000000,-1.000000,0.000000,6033.000000,-25.753174,-25.045166
6000.000000,1.000000,66.000000,-1.000000,0.000000,6033.000000,-25.753174,-25.045166
6000.000000,1.000000,66.000000,-1.000000,0.000000,6033.000000,-25.753174,-25.045166
6000.000000,1.000000,66.000000,-1.000000,0.000000,6033.000000,-25.753174,-25.045166
6000.000000,1.000000,66.000000,-1.000000,0.000000,6033.000000,-25.753174,-25.045166
6000.000000,1.000000,66.000000,-1.000000,0.000000,6033.000000,-25.753174,-25.045166
6000.000000,1.000000,66.000000,-1.000000,0.000000,6033.000000,-25.753174,-25.045166
6000.000000,1.000000,66.000000,-1.000000,0.000000,6033.000000,-25.753174,-25.045166
6000.000000,1.000000,66.000000,-1.000000,0.000000,6033.000000,-25.753174,-25.045166
6000.000000,1.000000,66.000000,-1.000000,0.000000,6033.000000,-25.753174,-25.045166
6000.000000,1.000000,66.000000,-1.000000,0.000000,6033.000000,-25.753174,-25.045166
6000.000000,1.000000,66.000000,-1.000000,0.000000,6033.000000,-25.753174,-25.045166
6000.000000,1.000000,66.000000,-1.000000,0.000000,6033.000000,-25.753174,-25.045166
6000.000000,1.000000,66.000000,-1.000000,0.000000,6033.000000,-25.753174,-25.045166
6000.000000,1.000000,66.000000,-1.000000,0.000000,6033.000000,-25.753174,-25.045166
6000.000000,1.000000,66.000000,-1.000000,0.000000,6033.000000,-25.753174,-25.045166
6000.000000,1.000000,66.000000,-1.000000,0.000000,6033.000000,-25.753174,-25.045166
6000.000000,1.000000,66.000000,-1.000000,0.000000,6033.000000,-25.753174,-25.045166
6000.000000,1.000000,66.000000,-1.000000,0.000000,6033.000000,-25.753174,-25.045166
6000.000000,1.000000,66.000000,-1.000000,0.000000,6033.000000,-25.753174,-25.045166
6000.000000,1.000000,66.000000,-1.000000,0.000000,6033.000000,-25.753174,-25.045166
6000.000000,1.000000,66.000000,-1.000000,0.000000,6033.000000,-25.753174,-25.045166
6000.000000,1.000000,66.000000,-1.000000,0.000000,6033.000000,-25.753174,-25.045166
6000.000000,1.000000,66.000000,-1.000000,0.000000,6033.000000,-25.753174,-25.045166
6000.000000,1.000000,66.000000,-1.000000,0.000000,6033.000000,-25.753174,-25.045166
6000.000000,1.000000,66.000000,-1.000000,0.000000,6033.000000,-25.753174,-25.045166
6000.000000,1.000000,66.000000,-1.000000,0.000000,6033.000000,-25.753174,-25.045166
6000.000000,1.000000,66.000000,-1.000000,0.000000,6033.000000,-25.753174,-25.045166
6000.000000,1.000000,66.000000,-1.000000,0.000000,6033.000000,-25.753174,-25.045166
6000.000000,1.000000,66.000000,-1.000000,0.000000,6033.000000,-25.753174,-25.045166
6000.000000,1.000000,66.000000,-1.000000,0.000000,6033.000000,-25.753174,-25.045166
6000.000000,1.000000,66.000000,-1.000000,0.000000,6033.000000,-25.753174,-25.045166
6000.000000,1.000000,66.000000,-1.000000,0.000000,6033.000000,-25.753174,-25.045166
6000.000000,1.000000,66.000000,-1.000000,0.000000,6033.000000,-25.753174,-25.045166
6000.000000,1.000000,66.000000,-1.000000,0.000000,6033.000000,-25.753174,-25.045166
6000.000000,1.000000,66.000000,-1.000000,0.000000,6033.000000,-25.753174,-25.045166
6000.000000,1.000000,66.000000,-1.000000,0.000000,6033.000000,-25.753174,-25.045166
6000.000000,1.000000,66.000000,-1.000000,0.000000,6033.000000,-25.753174,-25.045166
6000.000000,1.000000,66.000000,-1.000000,0.000000,6033.000000,-25.753174,-25.045166
6000.000000,1.000000,66.000000,-1.000000,0.000000,6033.000000,-25.753174,-25.045166
6000.000000,1.000000,66.000000,-1.000000,0.000000,6033.000000,-25.753174,-25.045166
6000.000000,1.000000,66.000000,-1.000000,0.000000,6033.000000,-25.753174,-25.045166
6000.000000,1.000000,66.000000,-1.000000,0.000000,6033.000000,-25.753174,-25.045166
6000.000000,1.000000,66.000000,-1.000000,0.000000,6033.000000,-25.753174,-25.045166
6000.000000,1.000000,66.000000,-1.000000,0.000000,6033.000000,-25.753174,-25.045166
6000.000000,1.000000,66.000000,-1.000000,0.000000,6033.000000,-25.753174,-25.045166
6000.000000,1.000000,66.000000,-1.000000,0.000000,6033.000000,-25.753174,-25.045166
6000.000000,1.000000,66.000000,-1.000000,0.000000,6033.000000,-25.753174,-25.045166
6000.000000,1.000000,66.000000,-1.000000,0.000000,6033.000000,-25.753174,-25.045166
6000.000000,1.000000,66.000000,-1.000000,0.000000,6033.000000,-25.753174,-25.045166
6000.000000,1.000000,66.000000,-1.000000,0.000000,6033.000000,-25.753174,-25.045166
6000.000000,1.000000,66.000000,-1.000000,0.000000,6033.000000,-25.753174,-25.045166
6000.000000,1.000000,66.000000,-1.000000,0.000000,6033.000000,-25.753174,-25.045166
6000.000000,1.000000,66.000000,-1.000000,0.000000,6033.000000,-25.753174,-25.045166
6000.000000,1.000000,66.000000,-1.000000,0.000000,6033.000000,-25.753174,-25.045166
6000.000000,1.000000,66.000000,-1.000000,0.000000,6033.000000,-25.753174,-25.045166
6000.000000,1.000000,66.000000,-1.000000,0.000000,6033.000000,-25.753174,-25.045166
6000.000000,1.000000,66.000000,-1.000000,0.000000,6033.000000,-25.753174,-25.045166
6000.000000,1.000000,66.000000,-1.000000,0.000000,6033.000000,-25.753174,-25.045166
6000.000000,1.000000,66.000000,-1.000000,0.000000,6033.000000,-25.753174,-25.045166
6000.000000,1.000000,66.000000,-1.000000,0.000000,6033.000000,-25.753174,-25.045166
6000.000000,1.000000,66.000000,-1.000000,0.000000,6033.000000,-25.753174,-25.045166
6000.000000,1.000000,66.000000,-1.000000,0.000000,6033.000000,-25.753174,-25.045166
6000.000000,1.000000,66.000000,-1.000000,0.000000,6033.000000,-25.753174,-25.045166
6000.000000,1.000000,66.000000,-1.000000,0.000000,6033.000000,-25.753174,-25.045166
6000.000000,1.000000,66.000000,-1.000000,0.000000,6033.000000,-25.753174,-25.045166
6000.000000,1.000000,66.000000,-1.000000,0.000000,6033.000000,-25.753174,-25.045166
6000.000000,1.000000,66.000000,-1.000000,0.000000,6033.000000,-25.753174,-25.045166
6000.000000,1.000000,66.000000,-1.000000,0.000000,6033.000000,-25.753174,-25.045166
6000.000000,1.000000,66.000000,-1.000000,0.000000,6033.000000,-25.753174,-25.045166
6000.000000,1.000000,66.000000,-1.000000,0.000000,6033.000000,-25.753174,-25.045166
6000.000000,1.000000,66.000000,-1.000000,0.000000,6033.000000,-25.753174,-25.045166
6000.000000,1.000000,66.000000,-1.000000,0.000000,6033.000000,-25.753174,-25.045166
6000.000000,1.000000,66.000000,-1.000000,0.000000,6033.000000,-25.753174,-25.045166
6000.000000,1.000000,66.000000,-1.000000,0.000000,6033.000000,-25.753174,-25.045166
6000.000000,1.000000,66.000000,-1.000000,0.000000,6033.000000,-25.753174,-25.045166
6000.000000,1.000000,66.000000,-1.000000,0.000000,6033.000000,-25.753174,-25.045166
6000.000000,1.000000,66.000000,-1.000000,0.000000,6033.000000,-25.753174,-25.045166
6000.000000,1.000000,66.000000,-1.000000,0.000000,6033.000000,-25.753174,-25.045166
6000.000000,1.000000,66.000000,-1.000000,0.000000,6033.000000,-25.753174,-25.045166
6000.000000,1.000000,66.000000,-1.000000,0.000000,6033.000000,-25.753174,-25.045166
6000.000000,1.000000,66.000000,-1.000000,0.000000,6033.000000,-25.753174,-25.045166
6000.000000,1.000000,66.000000,-1.000000,0.000000,6033.000000,-25.753174,-25.045166
6000.000000,1.000000,66.000000,-1.000000,0.000000,6033.000000,-25.753174,-25.045166
6000.000000,1.000000,66.000000,-1.000000,0.000000,6033.000000,-25.753174,-25.045166
6000.000000,1.000000,66.000000,-1.000000,0.000000,6033.000000,-25.753174,-25.045166
6000.000000,1.000000,66.000000,-1.000000,0.000000,6033.000000,-25.753174,-25.045166
6000.000000,1.000000,66.000000,-1.000000,0.000000,6033.000000,-25.753174,-25.045166
6000.000000,1.000000,66.000000,-1.000000,0.000000,6033.000000,-25.753174,-25.045166
6000.000000,1.000000,66.000000,-1.000000,0.000000,6033.000000,-25.753174,-25.045166
6000.000000,1.000000,66.000000,-1.000000,0.000000,6033.000000,-25.753174,-25.045166
6000.000000,1.000000,66.000000,-1.000000,0.000000,6033.000000,-25.753174,-25.045166
6000.000000,1.000000,66.000000,-1.000000,0.000000,6033.000000,-25.753174,-25.045166
6000.000000,1.000000,66.000000,-1.000000,0.000000,6033.000000,-25.753174,-25.045166
6000.000000,1.000000,66.000000,-1.000000,0.000000,6033.000000,-25.753174,-25.045166
6000.000000,1.000000,66.000000,-1.000000,0.000000,6033.000000,-25.753174,-25.045166
6000.000000,1.000000,66.000000,-1.000000,0.000000,6033.000000,-25.753174,-25.045166
6000.000000,1.000000,66.000000,-1.000000,0.000000,6033.000000,-25.753174,-25.045166
6000.000000,1.000000,66.000000,-1.000000,0.000000,6033.000000,-25.753174,-25.045166
6000.000000,1.000000,66.000000,-1.000000,0.000000,6033.000000,-25.753174,-25.045166
6000.000000,1.000000,66.000000,-1.000000,0.000000,6033.000000,-25.753174,-25.045166
6000.000000,1.000000,66.000000,-1.000000,0.000000,6033.000000,-25.753174,-25.045166
6000.000000,1.000000,66.000000,-1.000000,0.000000,6033.000000,-25.753174,-25.045166
6000.000000,1.000000,66.000000,-1.000000,0.000000,6033.000000,-25.753174,-25.045166
6000.000000,1.000000,66.000000,-1.000000,0.000000,6033.000000,-25.753174,-25.045166
6000.000000,1.000000,66.000000,-1.000000,0.000000,6033.000000,-25.753174,-25.045166
6000.000000,1.000000,66.000000,-1.000000,0.000000,6033.000000,-25.753174,-25.045166
6000.000000,1.000000,66.000000,-1.000000,0.000000,6033.000000,-25.753174,-25.045166
6000.000000,1.000000,66.000000,-1.000000,0.000000,6033.000000,-25.753174,-25.045166
6000.000000,1.000000,66.000000,-1.000000,0.000000,6033.000000,-25.753174,-25.045166
6000.000000,1.000000,66.000000,-1.000000,0.000000,6033.000000,-25.753174,-25.045166
6000.000000,1.000000,66.000000,-1.000000,0.000000,6033.000000,-25.753174,-25.045166
6000.000000,1.000000,66.000000,-1.000000,0.000000,6033.000000,-25.753174,-25.045166
6000.000000,1.000000,66.000000,-1.000000,0.000000,6033.000000,-25.753174,-25.045166
6000.000000,1.000000,66.000000,-1.000000,0.000000,6033.000000,-25.753174,-25.045166
6000.000000,1.000000,66.000000,-1.000000,0.000000,6033.000000,-25.753174,-25.045166
6000.000000,1.000000,66.000000,-1.000000,0.000000,6033.000000,-25.753174,-25.045166
6000.000000,1.000000,66.000000,-1.000000,0.000000,6033.000000,-25.753174,-25.045166
6000.000000,1.000000,66.000000,-1.000000,0.000000,6033.000000,-25.753174,-25.045166
6000.000000,1.000000,66.000000,-1.000000,0.000000,6033.000000,-25.753174,-25.045166
6000.000000,1.000000,66.000000,-1.000000,0.000000,6033.000000,-25.753174,-25.045166
6000.000000,1.000000,66.000000,-1.000000,0.000000,6033.000000,-25.753174,-25.045166
6000.000000,1.000000,66.000000,-1.000000,0.000000,6033.000000,-25.753174,-25.045166
6000.000000,1.000000,66.000000,-1.000000,0.000000,6033.000000,-25.753174,-25.045166
6000.000000,1.000000,66.000000,-1.000000,0.000000,6033.000000,-25.753174,-25.045166
6000.000000,1.000000,66.000000,-1.000000,0.000000,6033.000000,-25.753174,-25.045166
6000.000000,1.000000,66.000000,-1.000000,0.000000,6033.000000,-25.753174,-25.045166
6000.000000,1.000000,66.000000,-1.000000,0.000000,6033.000000,-25.753174,-25.045166
6000.000000,1.000000,66.000000,-1.000000,0.000000,6033.000000,-25.753174,-25.045166
6000.000000,1.000000,66.000000,-1.000000,0.000000,6033.000000,-25.753174,-25.045166
6000.000000,1.000000,66.000000,-1.000000,0.000000,6033.000000,-25.753174,-25.045166
6000.000000,1.000000,66.000000,-1.000000,0.000000,6033.000000,-25.753174,-25.045166
6000.000000,1.000000,66.000000,-1.000000,0.000000,6033.000000,-25.753174,-25.045166
6000.000000,1.000000,66.000000,-1.000000,0.000000,6033.000000,-25.753174,-25.045166
6000.000000,1.000000,66.000000,-1.000000,0.000000,6033.000000,-25.753174,-25.045166
6000.000000,1.000000,66.000000,-1.000000,0.000000,6033.000000,-25.753174,-25.045166
6000.000000,1.000000,66.000000,-1.000000,0.000000,6033.000000,-25.753174,-25.045166
6000.000000,1.000000,66.000000,-1.000000,0.000000,6033.000000,-25.753174,-25.045166
6000.000000,1.000000,66.000000,-1.000000,0.000000,6033.000000,-25.753174,-25.045166
6000.000000,1.000000,66.000000,-1.000000,0.000000,6033.000000,-25.753174,-25.045166
6000.000000,1.000000,66.000000,-1.000000,0.000000,6033.000000,-25.753174,-25.045166
6000.000000,1.000000,66.000000,-1.000000,0.000000,6033.000000,-25.753174,-25.045166
6000.000000,1.000000,66.000000,-1.000000,0.000000,6033.000000,-25.753174,-25.045166
6000.000000,1.000000,66.000000,-1.000000,0.000000,6033.000000,-25.753174,-25.045166
6000.000000,1.000000,66.000000,-1.000000,0.000000,6033.000000,-25.753174,-25.045166
6000.000000,1.000000,66.000000,-1.000000,0.000000,6033.000000,-25.753174,-25.045166
6000.000000,1.000000,66.000000,-1.000000,0.000000,6033.000000,-25.753174,-25.045166
6000.000000,1.000000,66.000000,-1.000000,0.000000,6033.000000,-25.753174,-25.045166
6000.000000,1.000000,66.000000,-1.000000,0.000000,6033.000000,-25.753174,-25.045166
6000.000000,1.000000,66.000000,-1.000000,0.000000,6033.000000,-25.753174,-25.045166
6000.000000,1.000000,66.000000,-1.000000,0.000000,6033.000000,-25.753174,-25.045166
6000.000000,1.000000,66.000000,-1.000000,0.000000,6033.000000,-25.753174,-25.045166
6000.000000,1.000000,66.000000,-1.000000,0.000000,6033.000000,-25.753174,-25.045166
6000.000000,1.000000,66.000000,-1.000000,0.000000,6033.000000,-25.753174,-25.045166
6000.000000,1.000000,66.000000,-1.000000,0.000000,6033.000000,-25.753174,-25.045166
6000.000000,1.000000,66.000000,-1.000000,0.000000,6033.000000,-25.753174,-25.045166
6000.000000,1.000000,66.000000,-1.000000,0.000000,6033.000000,-25.753174,-25.045166
6000.000000,1.000000,66.000000,-1.000000,0.000000,6033.000000,-25.753174,-25.045166
6000.000000,1.000000,66.000000,-1.000000,0.000000,6033.000000,-25.753174,-25.045166
6000.000000,1.000000,66.000000,-1.000000,0.000000,6033.000000,-25.753174,-25.045166
6000.000000,1.000000,66.000000,-1.000000,0.000000,6033.000000,-25.753174,-25.045166
6000.000000,1.000000,66.000000,-1.000000,0.000000,6033.000000,-25.753174,-25.045166
6000.000000,1.000000,66.000000,-1.000000,0.000000,6033.000000,-25.753174,-25.045166
6000.000000,1.000000,66.000000,-1.000000,0.000000,6033.000000,-25.753174,-25.045166
6000.000000,1.000000,66.000000,-1.000000,0.000000,6033.000000,-25.753174,-25.045166
6000.000000,1.000000,66.000000,-1.000000,0.000000,6033.000000,-25.753174,-25.045166
6000.000000,1.000000,66.000000,-1.000000,0.000000,6033.000000,-25.753174,-25.045166
6000.000000,1.000000,66.000000,-1.000000,0.000000,6033.000000,-25.753174,-25.045166
6000.000000,1.000000,66.000000,-1.000000,0.000000,6033.000000,-25.753174,-25.045166
6000.000000,1.000000,66.000000,-1.000000,0.000000,6033.000000,-25.753174,-25.045166
6000.000000,1.000000,66.000000,-1.000000,0.000000,6033.000000,-25.753174,-25.045166
6000.000000,1.000000,66.000000,-1.000000,0.000000,6033.000000,-25.753174,-25.045166
6000.000000,1.000000,66.000000,-1.000000,0.000000,6033.000000,-25.753174,-25.045166
6000.000000,1.000000,66.000000,-1.000000,0.000000,6033.000000,-25.753174,-25.045166
6000.000000,1.000000,66.000000,-1.000000,0.000000,6033.000000,-25.753174,-25.045166
6000.000000,1.000000,66.000000,-1.000000,0.000000,6033.000000,-25.753174,-25.045166
6000.000000,1.000000,66.000000,-1.000000,0.000000,6033.000000,-25.753174,-25.045166
6000.000000,1.000000,66.000000,-1.000000,0.000000,6033.000000,-25.753174,-25.045166
6000.000000,1.000000,66.000000,-1.000000,0.000000,6033.000000,-25.753174,-25.045166
6000.000000,1.000000,66.000000,-1.000000,0.000000,6033.000000,-25.753174,-25.045166
6000.000000,1.000000,66.000000,-1.000000,0.000000,6033.000000,-25.753174,-25.045166
6000.000000,1.000000,66.000000,-1.000000,0.000000,6033.000000,-25.753174,-25.045166
6000.000000,1.000000,66.000000,-1.000000,0.000000,6033.000000,-25.753174,-25.045166
6000.000000,1.000000,66.000000,-1.000000,0.000000,6033.000000,-25.753174,-25.045166
6000.000000,1.000000,66.000000,-1.000000,0.000000,6033.000000,-25.753174,-25.045166
6000.000000,1.000000,66.000000,-1.000000,0.000000,6033.000000,-25.753174,-25.045166
6000.000000,1.000000,66.000000,-1.000000,0.000000,6033.000000,-25.753174,-25.045166
6000.000000,1.000000,66.000000,-1.000000,0.000000,6033.000000,-25.753174,-25.045166
6000.000000,1.000000,66.000000,-1.000000,0.000000,6033.000000,-25.753174,-25.045166
6000.000000,1.000000,66.000000,-1.000000,0.000000,6033.000000,-25.753174,-25.045166
6000.000000,1.000000,66.000000,-1.000000,0.000000,6033.000000,-25.753174,-25.045166
6000.000000,1.000000,66.000000,-1.000000,0.000000,6033.000000,-25.753174,-25.045166
6000.000000,1.000000,66.000000,-1.000000,0.000000,6033.000000,-25.753174,-25.045166
6000.000000,1.000000,66.000000,-1.000000,0.000000,6033.000000,-25.753174,-25.045166
6000.000000,1.000000,66.000000,-1.000000,0.000000,6033.000000,-25.753174,-25.045166
6000.000000,1.000000,66.000000,-1.000000,0.000000,6033.000000,-25.753174,-25.045166
6000.000000,1.000000,66.000000,-1.000000,0.000000,6033.000000,-25.753174,-25.045166
6000.000000,1.000000,66.000000,-1.000000,0.000000,6033.000000,-25.753174,-25.045166
6000.000000,1.000000,66.000000,-1.000000,0.000000,6033.000000,-25.753174,-25.045166
6000.000000,1.000000,66.000000,-1.000000,0.000000,6033.000000,-25.753174,-25.045166
6000.000000,1.000000,66.000000,-1.000000,0.000000,6033.000000,-25.753174,-25.045166
6000.000000,1.000000,66.000000,-1.000000,0.000000,6033.000000,-25.753174,-25.045166
6000.000000,1.000000,66.000000,-1.000000,0.000000,6033.000000,-25.753174,-25.045166
6000.000000,1.000000,66.000000,-1.000000,0.000000,6033.000000,-25.753174,-25.045166
6000.000000,1.000000,66.000000,-1.000000,0.000000,6033.000000,-25.753174,-25.045166
6000.000000,1.000000,66.000000,-1.000000,0.000000,6033.000000,-25.753174,-25.045166
6000.000000,1.000000,66.000000,-1.000000,0.000000,6033.000000,-25.753174,-25.045166
6000.000000,1.000000,66.000000,-1.000000,0.000000,6033.000000,-25.753174,-25.045166
6000.000000,1.000000,66.000000,-1.000000,0.000000,6033.000000,-25.753174,-25.045166
6000.000000,1.000000,66.000000,-1.000000,0.000000,6033.000000,-25.753174,-25.045166
6000.000000,1.000000,66.000000,-1.000000,0.000000,6033.000000,-25.753174,-25.045166
6000.000000,1.000000,66.000000,-1.000000,0.000000,6033.000000,-25.753174,-25.045166
6000.000000,1.000000,66.000000,-1.000000,0.000000,6033.000000,-25.753174,-25.045166
6000.000000,1.000000,66.000000,-1.000000,0.000000,6033.000000,-25.753174,-25.045166
6000.000000,1.000000,66.000000,-1.000000,0.000000,6033.000000,-25.753174,-25.045166
6000.000000,1.000000,66.000000,-1.000000,0.000000,6033.000000,-25.753174,-25.045166
6000.000000,1.000000,66.000000,-1.000000,0.000000,6033.000000,-25.753174,-25.045166
6000.000000,1.000000,66.000000,-1.000000,0.000000,6033.000000,-25.753174,-25.045166
6000.000000,1.000000,66.000000,-1.000000,0.000000,6033.000000,-25.753174,-25.045166
6000.000000,1.000000,66.000000,-1.000000,0.000000,6033.000000,-25.753174,-25.045166
6000.000000,1.000000,66.000000,-1.000000,0.000000,6033.000000,-25.753174,-25.045166
6000.000000,1.000000,66.000000,-1.000000,0.000000,6033.000000,-25.753174,-25.045166
6000.000000,1.000000,66.000000,-1.000000,0.000000,6033.000000,-25.753174,-25.045166
6000.000000,1.000000,66.000000,-1.000000,0.000000,6033.000000,-25.753174,-25.045166
6000.000000,1.000000,66.000000,-1.000000,0.000000,6033.000000,-25.753174,-25.045166
6000.000000,1.000000,66.000000,-1.000000,0.000000,6033.000000,-25.753174,-25.045166
6000.000000,1.000000,66.000000,-1.000000,0.000000,6033.000000,-25.753174,-25.045166
6000.000000,1.000000,66.000000,-1.000000,0.000000,6033.000000,-25.753174,-25.045166
6000.000000,1.000000,66.000000,-1.000000,0.000000,6033.000000,-25.753174,-25.045166
6000.000000,1.000000,66.000000,-1.000000,0.000000,6033.000000,-25.753174,-25.045166
6000.000000,1.000000,66.000000,-1.000000,0.000000,6033.000000,-25.753174,-25.045166
6000.000000,1.000000,66.000000,-1.000000,0.000000,6033.000000,-25.753174,-25.045166
6000.000000,1.000000,66.000000,-1.000000,0.000000,6033.000000,-25.753174,-25.045166
6000.000000,1.000000,66.000000,-1.000000,0.000000,6033.000000,-25.753174,-25.045166
6000.000000,1.000000,66.000000,-1.000000,0.000000,6033.000000,-25.753174,-25.045166
6000.000000,1.000000,66.000000,-1.000000,0.000000,6033.000000,-25.753174,-25.045166
6000.000000,1.000000,66.000000,-1.000000,0.000000,6033.000000,-25.753174,-25.045166
6000.000000,1.000000,66.000000,-1.000000,0.000000,6033.000000,-25.753174,-25.045166
6000.000000,1.000000,66.000000,-1.000000,0.000000,6033.000000,-25.753174,-25.045166
6000.000000,1.000000,66.000000,-1.000000,0.000000,6033.000000,-25.753174,-25.045166
6000.000000,1.000000,66.000000,-1.000000,0.000000,6033.000000,-25.753174,-25.045166
6000.000000,1.000000,66.000000,-1.000000,0.000000,6033.000000,-25.753174,-25.045166
6000.000000,1.000000,66.000000,-1.000000,0.000000,6033.000000,-25.753174,-25.045166
6000.000000,1.000000,66.000000,-1.000000,0.000000,6033.000000,-25.753174,-25.045166
6000.000000,1.000000,66.000000,-1.000000,0.000000,6033.000000,-25.753174,-25.045166
6000.000000,1.000000,66.000000,-1.000000,0.000000,6033.000000,-25.753174,-25.045166
6000.000000,1.000000,66.000000,-1.000000,0.000000,6033.000000,-25.753174,-25.045166
6000.000000,1.000000,66.000000,-1.000000,0.000000,6033.000000,-25.753174,-25.045166
6000.000000,1.000000,66.000000,-1.000000,0.000000,6033.000000,-25.753174,-25.045166
6000.000000,1.000000,66.000000,-1.000000,0.000000,6033.000000,-25.753174,-25.045166
6000.000000,1.000000,66.000000,-1.000000,0.000000,6033.000000,-25.753174,-25.045166
6000.000000,1.000000,66.000000,-1.000000,0.000000,6033.000000,-25.753174,-25.045166
6000.000000,1.000000,66.000000,-1.000000,0.000000,6033.000000,-25.753174,-25.045166
6000.000000,1.000000,66.000000,-1.000000,0.000000,6033.000000,-25.753174,-25.045166
6000.000000,1.000000,66.000000,-1.000000,0.000000,6033.000000,-25.753174,-25.045166
6000.000000,1.000000,66.000000,-1.000000,0.000000,6033.000000,-25.753174,-25.045166
6000.000000,1.000000,66.000000,-1.000000,0.000000,6033.000000,-25.753174,-25.045166
6000.000000,1.000000,66.000000,-1.000000,0.000000,6033.000000,-25.753174,-25.045166
6000.000000,1.000000,66.000000,-1.000000,0.000000,6033.000000,-25.753174,-25.045166
6000.000000,1.000000,66.000000,-1.000000,0.000000,6033.000000,-25.753174,-25.045166
6000.000000,1.000000,66.000000,-1.000000,0.000000,6033.000000,-25.753174,-25.045166
6000.000000,1.000000,66.000000,-1.000000,0.000000,6033.000000,-25.753174,-25.045166
6000.000000,1.000000,66.000000,-1.000000,0.000000,6033.000000,-25.753174,-25.045166
6000.000000,1.000000,66.000000,-1.000000,0.000000,6033.000000,-25.753174,-25.045166
6000.000000,1.000000,66.000000,-1.000000,0.000000,6033.000000,-25.753174,-25.045166
6000.000000,1.000000,66.000000,-1.000000,0.000000,6033.000000,-25.753174,-25.045166
6000.000000,1.000000,66.000000,-1.000000,0.000000,6033.000000,-25.753174,-25.045166
6000.000000,1.000000,66.000000,-1.000000,0.000000,6033.000000,-25.753174,-25.045166
6000.000000,1.000000,66.000000,-1.000000,0.000000,6033.000000,-25.753174,-25.045166
6000.000000,1.000000,66.000000,-1.000000,0.000000,6033.000000,-25.753174,-25.045166
6000.000000,1.000000,66.000000,-1.000000,0.000000,6033.000000,-25.753174,-25.045166
6000.000000,1.000000,66.000000,-1.000000,0.000000,6033.000000,-25.753174,-25.045166
6000.000000,1.000000,66.000000,-1.000000,0.000000,6033.000000,-25.753174,-25.045166
6000.000000,1.000000,66.000000,-1.000000,0.000000,6033.000000,-25.753174,-25.045166
6000.000000,1.000000,66.000000,-1.000000,0.000000,6033.000000,-25.753174,-25.045166
6000.000000,1.000000,66.000000,-1.000000,0.000000,6033.000000,-25.753174,-25.045166
6000.000000,1.000000,66.000000,-1.000000,0.000000,6033.000000,-25.753174,-25.045166
6000.000000,1.000000,66.000000,-1.000000,0.000000,6033.000000,-25.753174,-25.045166
6000.000000,1.000000,66.000000,-1.000000,0.000000,6033.000000,-25.753174,-25.045166
6000.000000,1.000000,66.000000,-1.000000,0.000000,6033.000000,-25.753174,-25.045166
6000.000000,1.000000,66.000000,-1.000000,0.000000,6033.000000,-25.753174,-25.045166
6000.000000,1.000000,66.000000,-1.000000,0.000000,6033.000000,-25.753174,-25.045166
6000.000000,1.000000,66.000000,-1.000000,0.000000,6033.000000,-25.753174,-25.045166
6000.000000,1.000000,66.000000,-1.000000,0.000000,6033.000000,-25.753174,-25.045166
6000.000000,1.000000,66.000000,-1.000000,0.000000,6033.000000,-25.753174,-25.045166
6000.000000,1.000000,66.000000,-1.000000,0.000000,6033.000000,-25.753174,-25.045166
6000.000000,1.000000,66.000000,-1.000000,0.000000,6033.000000,-25.753174,-25.045166
6000.000000,1.000000,66.000000,-1.000000,0.000000,6033.000000,-25.753174,-25.045166
6000.000000,1.000000,66.000000,-1.000000,0.000000,6033.000000,-25.753174,-25.045166
6000.000000,1.000000,66.000000,-1.000000,0.000000,6033.000000,-25.753174,-25.045166
6000.000000,1.000000,66.000000,-1.000000,0.000000,6033.000000,-25.753174,-25.045166
6000.000000,1.000000,66.000000,-1.000000,0.000000,6033.000000,-25.753174,-25.045166
6000.000000,1.000000,66.000000,-1.000000,0.000000,6033.000000,-25.753174,-25.045166
6000.000000,1.000000,66.000000,-1.000000,0.000000,6033.000000,-25.753174,-25.045166
6000.000000,1.000000,66.000000,-1.000000,0.000000,6033.000000,-25.753174,-25.045166
6000.000000,1.000000,66.000000,-1.000000,0.000000,6033.000000,-25.753174,-25.045166
6000.000000,1.000000,66.000000,-1.000000,0.000000,6033.000000,-25.753174,-25.045166
6000.000000,1.000000,66.000000,-1.000000,0.000000,6033.000000,-25.753174,-25.045166
6000.000000,1.000000,66.000000,-1.000000,0.000000,6033.000000,-25.753174,-25.045166
6000.000000,1.000000,66.000000,-1.000000,0.000000,6033.000000,-25.753174,-25.045166
6000.000000,1.000000,66.000000,-1.000000,0.000000,6033.000000,-25.753174,-25.045166
6000.000000,1.000000,66.000000,-1.000000,0.000000,6033.000000,-25.753174,-25.045166
6000.000000,1.000000,66.000000,-1.000000,0.000000,6033.000000,-25.753174,-25.045166
6000.000000,1.000000,66.000000,-1.000000,0.000000,6033.000000,-25.753174,-25.045166
6000.000000,1.000000,66.000000,-1.000000,0.000000,6033.000000,-25.753174,-25.045166
6000.000000,1.000000,66.000000,-1.000000,0.000000,6033.000000,-25.753174,-25.045166
6000.000000,1.000000,66.000000,-1.000000,0.000000,6033.000000,-25.753174,-25.045166
6000.000000,1.000000,66.000000,-1.000000,0.000000,6033.000000,-25.753174,-25.045166
6000.000000,1.000000,66.000000,-1.000000,0.000000,6033.000000,-25.753174,-25.045166
6000.000000,1.000000,66.000000,-1.000000,0.000000,6033.000000,-25.753174,-25.045166
6000.000000,1.000000,66.000000,-1.000000,0.000000,6033.000000,-25.753174,-25.045166
6000.000000,1.000000,66.000000,-1.000000,0.000000,6033.000000,-25.753174,-25.045166
6000.000000,1.000000,66.000000,-1.000000,0.000000,6033.000000,-25.753174,-25.045166
6000.000000,1.000000,66.000000,-1.000000,0.000000,6033.000000,-25.753174,-25.045166
6000.000000,1.000000,66.000000,-1.000000,0.000000,6033.000000,-25.753174,-25.045166
6000.000000,1.000000,66.000000,-1.000000,0.000000,6033.000000,-25.753174,-25.045166
6000.000000,1.000000,66.000000,-1.000000,0.000000,6033.000000,-25.753174,-25.045166
6000.000000,1.000000,66.000000,-1.000000,0.000000,6033.000000,-25.753174,-25.045166
6000.000000,1.000000,66.000000,-1.000000,0.000000,6033.000000,-25.753174,-25.045166
6000.000000,1.000000,66.000000,-1.000000,0.000000,6033.000000,-25.753174,-25.045166
6000.000000,1.000000,66.000000,-1.000000,0.000000,6033.000000,-25.753174,-25.045166
6000.000000,1.000000,66.000000,-1.000000,0.000000,6033.000000,-25.753174,-25.045166
6000.000000,1.000000,66.000000,-1.000000,0.000000,6033.000000,-25.753174,-25.045166
6000.000000,1.000000,66.000000,-1.000000,0.000000,6033.000000,-25.753174,-25.045166
6000.000000,1.000000,66.000000,-1.000000,0.000000,6033.000000,-25.753174,-25.045166
6000.000000,1.000000,66.000000,-1.000000,0.000000,6033.000000,-25.753174,-25.045166
6000.000000,1.000000,66.000000,-1.000000,0.000000,6033.000000,-25.753174,-25.045166
6000.000000,1.000000,66.000000,-1.000000,0.000000,6033.000000,-25.753174,-25.045166
6000.000000,1.000000,66.000000,-1.000000,0.000000,6033.000000,-25.753174,-25.045166
6000.000000,1.000000,66.000000,-1.000000,0.000000,6033.000000,-25.753174,-25.045166
6000.000000,1.000000,66.000000,-1.000000,0.000000,6033.000000,-25.753174,-25.045166
6000.000000,1.000000,66.000000,-1.000000,0.000000,6033.000000,-25.753174,-25.045166
6000.000000,1.000000,66.000000,-1.000000,0.000000,6033.000000,-25.753174,-25.045166
6000.000000,1.000000,66.000000,-1.000000,0.000000,6033.000000,-25.753174,-25.045166
6000.000000,1.000000,66.000000,-1.000000,0.000000,6033.000000,-25.753174,-25.045166
6000.000000,1.000000,66.000000,-1.000000,0.000000,6033.000000,-25.753174,-25.045166
6000.000000,1.000000,66.000000,-1.000000,0.000000,6033.000000,-25.753174,-25.045166
6000.000000,1.000000,66.000000,-1.000000,0.000000,6033.000000,-25.753174,-25.045166
6000.000000,1.000000,66.000000,-1.000000,0.000000,6033.000000,-25.753174,-25.045166
6000.000000,1.000000,66.000000,-1.000000,0.000000,6033.000000,-25.753174,-25.045166
6000.000000,1.000000,66.000000,-1.000000,0.000000,6033.000000,-25.753174,-25.045166
6000.000000,1.000000,66.000000,-1.000000,0.000000,6033.000000,-25.753174,-25.045166
6000.000000,1.000000,66.000000,-1.000000,0.000000,6033.000000,-25.753174,-25.045166
6000.000000,1.000000,66.000000,-1.000000,0.000000,6033.000000,-25.753174,-25.045166
6000.000000,1.000000,66.000000,-1.000000,0.000000,6033.000000,-25.753174,-25.045166
6000.000000,1.000000,66.000000,-1.000000,0.000000,6033.000000,-25.753174,-25.045166
6000.000000,1.000000,66.000000,-1.000000,0.000000,6033.000000,-25.753174,-25.045166
6000.000000,1.000000,66.000000,-1.000000,0.000000,6033.000000,-25.753174,-25.045166
6000.000000,1.000000,66.000000,-1.000000,0.000000,6033.000000,-25.753174,-25.045166
6000.000000,1.000000,66.000000,-1.000000,0.000000,6033.000000,-25.753174,-25.045166
6000.000000,1.000000,66.000000,-1.000000,0.000000,6033.000000,-25.753174,-25.045166
6000.000000,1.000000,66.000000,-1.000000,0.000000,6033.000000,-25.753174,-25.045166
6000.000000,1.000000,66.000000,-1.000000,0.000000,6033.000000,-25.753174,-25.045166
6000.000000,1.000000,66.000000,-1.000000,0.000000,6033.000000,-25.753174,-25.045166
6000.000000,1.000000,66.000000,-1.000000,0.000000,6033.000000,-25.753174,-25.045166
6000.000000,1.000000,66.000000,-1.000000,0.000000,6033.000000,-25.753174,-25.045166
6000.000000,1.000000,66.000000,-1.000000,0.000000,6033.000000,-25.753174,-25.045166
6000.000000,1.000000,66.000000,-1.000000,0.000000,6033.000000,-25.753174,-25.045166
6000.000000,1.000000,66.000000,-1.000000,0.000000,6033.000000,-25.753174,-25.045166
6000.000000,1.000000,66.000000,-1.000000,0.000000,6033.000000,-25.753174,-25.045166
6000.000000,1.000000,66.000000,-1.000000,0.000000,6033.000000,-25.753174,-25.045166
6000.000000,1.000000,66.000000,-1.000000,0.000000,6033.000000,-25.753174,-25.045166
6000.000000,1.000000,66.000000,-1.000000,0.000000,6033.000000,-25.753174,-25.045166
6000.000000,1.000000,66.000000,-1.000000,0.000000,6033.000000,-25.753174,-25.045166
6000.000000,1.000000,66.000000,-1.000000,0.000000,6033.000000,-25.753174,-25.045166
6000.000000,1.000000,66.000000,-1.000000,0.000000,6033.000000,-25.753174,-25.045166
6000.000000,1.000000,66.000000,-1.000000,0.000000,6033.000000,-25.753174,-25.045166
6000.000000,1.000000,66.000000,-1.000000,0.000000,6033.000000,-25.753174,-25.045166
6000.000000,1.000000,66.000000,-1.000000,0.000000,6033.000000,-25.753174,-25.045166
6000.000000,1.000000,66.000000,-1.000000,0.000000,6033.000000,-25.753174,-25.045166
6000.000000,1.000000,66.000000,-1.000000,0.000000,6033.000000,-25.753174,-25.045166
6000.000000,1.000000,66.000000,-1.000000,0.000000,6033.000000,-25.753174,-25.045166
6000.000000,1.000000,66.000000,-1.000000,0.000000,6033.000000,-25.753174,-25.045166
6000.000000,1.000000,66.000000,-1.000000,0.000000,6033.000000,-25.753174,-25.045166
6000.000000,1.000000,66.000000,-1.000000,0.000000,6033.000000,-25.753174,-25.045166
6000.000000,1.000000,66.000000,-1.000000,0.000000,6033.000000,-25.753174,-25.045166
6000.000000,1.000000,66.000000,-1.000000,0.000000,6033.000000,-25.753174,-25.045166
6000.000000,1.000000,66.000000,-1.000000,0.000000,6033.000000,-25.753174,-25.045166
6000.000000,1.000000,66.000000,-1.000000,0.000000,6033.000000,-25.753174,-25.045166
6000.000000,1.000000,66.000000,-1.000000,0.000000,6033.000000,-25.753174,-25.045166
6000.000000,1.000000,66.000000,-1.000000,0.000000,6033.000000,-25.753174,-25.045166
6000.000000,1.000000,66.000000,-1.000000,0.000000,6033.000000,-25.753174,-25.045166
6000.000000,1.000000,66.000000,-1.000000,0.000000,6033.000000,-25.753174,-25.045166
6000.000000,1.000000,66.000000,-1.000000,0.000000,6033.000000,-25.753174,-25.045166
6000.000000,1.000000,66.000000,-1.000000,0.000000,6033.000000,-25.753174,-25.045166
6000.000000,1.000000,66.000000,-1.000000,0.000000,6033.000000,-25.753174,-25.045166
6000.000000,1.000000,66.000000,-1.000000,0.000000,6033.000000,-25.753174,-25.045166
6000.000000,1.000000,66.000000,-1.000000,0.000000,6033.000000,-25.753174,-25.045166
6000.000000,1.000000,66.000000,-1.000000,0.000000,6033.000000,-25.753174,-25.045166
6000.000000,1.000000,66.000000,-1.000000,0.000000,6033.000000,-25.753174,-25.045166
6000.000000,1.000000,66.000000,-1.000000,0.000000,6033.000000,-25.753174,-25.045166
6000.000000,1.000000,66.000000,-1.000000,0.000000,6033.000000,-25.753174,-25.045166
6000.000000,1.000000,66.000000,-1.000000,0.000000,6033.000000,-25.753174,-25.045166
6000.000000,1.000000,66.000000,-1.000000,0.000000,6033.000000,-25.753174,-25.045166
6000.000000,1.000000,66.000000,-1.000000,0.000000,6033.000000,-25.753174,-25.045166
6000.000000,1.000000,66.000000,-1.000000,0.000000,6033.000000,-25.753174,-25.045166
6000.000000,1.000000,66.000000,-1.000000,0.000000,6033.000000,-25.753174,-25.045166
6000.000000,1.000000,66.000000,-1.000000,0.000000,6033.000000,-25.753174,-25.045166
6000.000000,1.000000,66.000000,-1.000000,0.000000,6033.000000,-25.753174,-25.045166
6000.000000,1.000000,66.000000,-1.000000,0.000000,6033.000000,-25.753174,-25.045166
6000.000000,1.000000,66.000000,-1.000000,0.000000,6033.000000,-25.753174,-25.045166
6000.000000,1.000000,66.000000,-1.000000,0.000000,6033.000000,-25.753174,-25.045166
6000.000000,1.000000,66.000000,-1.000000,0.000000,6033.000000,-25.753174,-25.045166
6000.000000,1.000000,66.000000,-1.000000,0.000000,6033.000000,-25.753174,-25.045166
6000.000000,1.000000,66.000000,-1.000000,0.000000,6033.000000,-25.753174,-25.045166
6000.000000,1.000000,66.000000,-1.000000,0.000000,6033.000000,-25.753174,-25.045166
6000.000000,1.000000,66.000000,-1.000000,0.000000,6033.000000,-25.753174,-25.045166
6000.000000,1.000000,66.000000,-1.000000,0.000000,6033.000000,-25.753174,-25.045166
6000.000000,1.000000,66.000000,-1.000000,0.000000,6033.000000,-25.753174,-25.045166
6000.000000,1.000000,66.000000,-1.000000,0.000000,6033.000000,-25.753174,-25.045166
6000.000000,1.000000,66.000000,-1.000000,0.000000,6033.000000,-25.753174,-25.045166
6000.000000,1.000000,66.000000,-1.000000,0.000000,6033.000000,-25.753174,-25.045166
6000.000000,1.000000,66.000000,-1.000000,0.000000,6033.000000,-25.753174,-25.045166
6000.000000,1.000000,66.000000,-1.000000,0.000000,6033.000000,-25.753174,-25.045166
6000.000000,1.000000,66.000000,-1.000000,0.000000,6033.000000,-25.753174,-25.045166
6000.000000,1.000000,66.000000,-1.000000,0.000000,6033.000000,-25.753174,-25.045166
6000.000000,1.000000,66.000000,-1.000000,0.000000,6033.000000,-25.753174,-25.045166
6000.000000,1.000000,66.000000,-1.000000,0.000000,6033.000000,-25.753174,-25.045166
6000.000000,1.000000,66.000000,-1.000000,0.000000,6033.000000,-25.753174,-25.045166
6000.000000,1.000000,66.000000,-1.000000,0.000000,6033.000000,-25.753174,-25.045166
6000.000000,1.000000,66.000000,-1.000000,0.000000,6033.000000,-25.753174,-25.045166
6000.000000,1.000000,66.000000,-1.000000,0.000000,6033.000000,-25.753174,-25.045166
6000.000000,1.000000,66.000000,-1.000000,0.000000,6033.000000,-25.753174,-25.045166
6000.000000,1.000000,66.000000,-1.000000,0.000000,6033.000000,-25.753174,-25.045166
6000.000000,1.000000,66.000000,-1.000000,0.000000,6033.000000,-25.753174,-25.045166
6000.000000,1.000000,66.000000,-1.000000,0.000000,6033.000000,-25.753174,-25.045166
6000.000000,1.000000,66.000000,-1.000000,0.000000,6033.000000,-25.753174,-25.045166
6000.000000,1.000000,66.000000,-1.000000,0.000000,6033.000000,-25.753174,-25.045166
6000.000000,1.000000,66.000000,-1.000000,0.000000,6033.000000,-25.753174,-25.045166
6000.000000,1.000000,66.000000,-1.000000,0.000000,6033.000000,-25.753174,-25.045166
6000.000000,1.000000,66.000000,-1.000000,0.000000,6033.000000,-25.753174,-25.045166
6000.000000,1.000000,66.000000,-1.000000,0.000000,6033.000000,-25.753174,-25.045166
6000.000000,1.000000,66.000000,-1.000000,0.000000,6033.000000,-25.753174,-25.045166
6000.000000,1.000000,66.000000,-1.000000,0.000000,6033.000000,-25.753174,-25.045166
6000.000000,1.000000,66.000000,-1.000000,0.000000,6033.000000,-25.753174,-25.045166
6000.000000,1.000000,66.000000,-1.000000,0.000000,6033.000000,-25.753174,-25.045166
6000.000000,1.000000,66.000000,-1.000000,0.000000,6033.000000,-25.753174,-25.045166
6000.000000,1.000000,66.000000,-1.000000,0.000000,6033.000000,-25.753174,-25.045166
6000.000000,1.000000,66.000000,-1.000000,0.000000,6033.000000,-25.753174,-25.045166
6000.000000,1.000000,66.000000,-1.000000,0.000000,6033.000000,-25.753174,-25.045166
6000.000000,1.000000,66.000000,-1.000000,0.000000,6033.000000,-25.753174,-25.045166
6000.000000,1.000000,66.000000,-1.000000,0.000000,6033.000000,-25.753174,-25.045166
6000.000000,1.000000,66.000000,-1.000000,0.000000,6033.000000,-25.753174,-25.045166
6000.000000,1.000000,66.000000,-1.000000,0.000000,6033.000000,-25.753174,-25.045166
6000.000000,1.000000,66.000000,-1.000000,0.000000,6033.000000,-25.753174,-25.045166
6000.000000,1.000000,66.000000,-1.000000,0.000000,6033.000000,-25.753174,-25.045166
6000.000000,1.000000,66.000000,-1.000000,0.000000,6033.000000,-25.753174,-25.045166
6000.000000,1.000000,66.000000,-1.000000,0.000000,6033.000000,-25.753174,-25.045166
6000.000000,1.000000,66.000000,-1.000000,0.000000,6033.000000,-25.753174,-25.045166
6000.000000,1.000000,66.000000,-1.000000,0.000000,6033.000000,-25.753174,-25.045166
6000.000000,1.000000,66.000000,-1.000000,0.000000,6033.000000,-25.753174,-25.045166
6000.000000,1.000000,66.000000,-1.000000,0.000000,6033.000000,-25.753174,-25.045166
6000.000000,1.000000,66.000000,-1.000000,0.000000,6033.000000,-25.753174,-25.045166
6000.000000,1.000000,66.000000,-1.000000,0.000000,6033.000000,-25.753174,-25.045166
6000.000000,1.000000,66.000000,-1.000000,0.000000,6033.000000,-25.753174,-25.045166
6000.000000,1.000000,66.000000,-1.000000,0.000000,6033.000000,-25.753174,-25.045166
6000.000000,1.000000,66.000000,-1.000000,0.000000,6033.000000,-25.753174,-25.045166
6000.000000,1.000000,66.000000,-1.000000,0.000000,6033.000000,-25.753174,-25.045166
6000.000000,1.000000,66.000000,-1.000000,0.000000,6033.000000,-25.753174,-25.045166
6000.000000,1.000000,66.000000,-1.000000,0.000000,6033.000000,-25.753174,-25.045166
6000.000000,1.000000,66.000000,-1.000000,0.000000,6033.000000,-25.753174,-25.045166
6000.000000,1.000000,66.000000,-1.000000,0.000000,6033.000000,-25.753174,-25.045166
6000.000000,1.000000,66.000000,-1.000000,0.000000,6033.000000,-25.753174,-25.045166
6000.000000,1.000000,66.000000,-1.000000,0.000000,6033.000000,-25.753174,-25.045166
6000.000000,1.000000,66.000000,-1.000000,0.000000,6033.000000,-25.753174,-25.045166
6000.000000,1.000000,66.000000,-1.000000,0.000000,6033.000000,-25.753174,-25.045166
6000.000000,1.000000,66.000000,-1.000000,0.000000,6033.000000,-25.753174,-25.045166
6000.000000,1.000000,66.000000,-1.000000,0.000000,6033.000000,-25.753174,-25.045166
6000.000000,1.000000,66.000000,-1.000000,0.000000,6033.000000,-25.753174,-25.045166
6000.000000,1.000000,66.000000,-1.000000,0.000000,6033.000000,-25.753174,-25.045166
6000.000000,1.000000,66.000000,-1.000000,0.000000,6033.000000,-25.753174,-25.045166
6000.000000,1.000000,66.000000,-1.000000,0.000000,6033.000000,-25.753174,-25.045166
6000.000000,1.000000,66.000000,-1.000000,0.000000,6033.000000,-25.753174,-25.045166
6000.000000,1.000000,66.000000,-1.000000,0.000000,6033.000000,-25.753174,-25.045166
6000.000000,1.000000,66.000000,-1.000000,0.000000,6033.000000,-25.753174,-25.045166
6000.000000,1.000000,66.000000,-1.000000,0.000000,6033.000000,-25.753174,-25.045166
6000.000000,1.000000,66.000000,-1.000000,0.000000,6033.000000,-25.753174,-25.045166
6000.000000,1.000000,66.000000,-1.000000,0.000000,6033.000000,-25.753174,-25.045166
6000.000000,1.000000,66.000000,-1.000000,0.000000,6033.000000,-25.753174,-25.045166
6000.000000,1.000000,66.000000,-1.000000,0.000000,6033.000000,-25.753174,-25.045166
6000.000000,1.000000,66.000000,-1.000000,0.000000,6033.000000,-25.753174,-25.045166
6000.000000,1.000000,66.000000,-1.000000,0.000000,6033.000000,-25.753174,-25.045166
6000.000000,1.000000,66.000000,-1.000000,0.000000,6033.000000,-25.753174,-25.045166
6000.000000,1.000000,66.000000,-1.000000,0.000000,6033.000000,-25.753174,-25.045166
6000.000000,1.000000,66.000000,-1.000000,0.000000,6033.000000,-25.753174,-25.045166
6000.000000,1.000000,66.000000,-1.000000,0.000000,6033.000000,-25.753174,-25.045166
6000.000000,1.000000,66.000000,-1.000000,0.000000,6033.000000,-25.753174,-25.045166
6000.000000,1.000000,66.000000,-1.000000,0.000000,6033.000000,-25.753174,-25.045166
6000.000000,1.000000,66.000000,-1.000000,0.000000,6033.000000,-25.753174,-25.045166
6000.000000,1.000000,66.000000,-1.000000,0.000000,6033.000000,-25.753174,-25.045166
6000.000000,1.000000,66.000000,-1.000000,0.000000,6033.000000,-25.753174,-25.045166
6000.000000,1.000000,66.000000,-1.000000,0.000000,6033.000000,-25.753174,-25.045166
6000.000000,1.000000,66.000000,-1.000000,0.000000,6033.000000,-25.753174,-25.045166
6000.000000,1.000000,66.000000,-1.000000,0.000000,6033.000000,-25.753174,-25.045166
6000.000000,1.000000,66.000000,-1.000000,0.000000,6033.000000,-25.753174,-25.045166
6000.000000,1.000000,66.000000,-1.000000,0.000000,6033.000000,-25.753174,-25.045166
6000.000000,1.000000,66.000000,-1.000000,0.000000,6033.000000,-25.753174,-25.045166
6000.000000,1.000000,66.000000,-1.000000,0.000000,6033.000000,-25.753174,-25.045166
6000.000000,1.000000,66.000000,-1.000000,0.000000,6033.000000,-25.753174,-25.045166
6000.000000,1.000000,66.000000,-1.000000,0.000000,6033.000000,-25.753174,-25.045166
6000.000000,1.000000,66.000000,-1.000000,0.000000,6033.000000,-25.753174,-25.045166
6000.000000,1.000000,66.000000,-1.000000,0.000000,6033.000000,-25.753174,-25.045166
6000.000000,1.000000,66.000000,-1.000000,0.000000,6033.000000,-25.753174,-25.045166
6000.000000,1.000000,66.000000,-1.000000,0.000000,6033.000000,-25.753174,-25.045166
6000.000000,1.000000,66.000000,-1.000000,0.000000,6033.000000,-25.753174,-25.045166
6000.000000,1.000000,66.000000,-1.000000,0.000000,6033.000000,-25.753174,-25.045166
6000.000000,1.000000,66.000000,-1.000000,0.000000,6033.000000,-25.753174,-25.045166
6000.000000,1.000000,66.000000,-1.000000,0.000000,6033.000000,-25.753174,-25.045166
6000.000000,1.000000,66.000000,-1.000000,0.000000,6033.000000,-25.753174,-25.045166
6000.000000,1.000000,66.000000,-1.000000,0.000000,6033.000000,-25.753174,-25.045166
6000.000000,1.000000,66.000000,-1.000000,0.000000,6033.000000,-25.753174,-25.045166
6000.000000,1.000000,66.000000,-1.000000,0.000000,6033.000000,-25.753174,-25.045166
6000.000000,1.000000,66.000000,-1.000000,0.000000,6033.000000,-25.753174,-25.045166
6000.000000,1.000000,66.000000,-1.000000,0.000000,6033.000000,-25.753174,-25.045166
6000.000000,1.000000,66.000000,-1.000000,0.000000,6033.000000,-25.753174,-25.045166
6000.000000,1.000000,66.000000,-1.000000,0.000000,6033.000000,-25.753174,-25.045166
6000.000000,1.000000,66.000000,-1.000000,0.000000,6033.000000,-25.753174,-25.045166
6000.000000,1.000000,66.000000,-1.000000,0.000000,6033.000000,-25.753174,-25.045166
6000.000000,1.000000,66.000000,-1.000000,0.000000,6033.000000,-25.753174,-25.045166
6000.000000,1.000000,66.000000,-1.000000,0.000000,6033.000000,-25.753174,-25.045166
6000.000000,1.000000,66.000000,-1.000000,0.000000,6033.000000,-25.753174,-25.045166
6000.000000,1.000000,66.000000,-1.000000,0.000000,6033.000000,-25.753174,-25.045166
6000.000000,1.000000,66.000000,-1.000000,0.000000,6033.000000,-25.753174,-25.045166
6000.000000,1.000000,66.000000,-1.000000,0.000000,6033.000000,-25.753174,-25.045166
6000.000000,1.000000,66.000000,-1.000000,0.000000,6033.000000,-25.753174,-25.045166
6000.000000,1.000000,66.000000,-1.000000,0.000000,6033.000000,-25.753174,-25.045166
6000.000000,1.000000,66.000000,-1.000000,0.000000,6033.000000,-25.753174,-25.045166
6000.000000,1.000000,66.000000,-1.000000,0.000000,6033.000000,-25.753174,-25.045166
6000.000000,1.000000,66.000000,-1.000000,0.000000,6033.000000,-25.753174,-25.045166
6000.000000,1.000000,66.000000,-1.000000,0.000000,6033.000000,-25.753174,-25.045166
6000.000000,1.000000,66.000000,-1.000000,0.000000,6033.000000,-25.753174,-25.045166
6000.000000,1.000000,66.000000,-1.000000,0.000000,6033.000000,-25.753174,-25.045166
6000.000000,1.000000,66.000000,-1.000000,0.000000,6033.000000,-25.753174,-25.045166
6000.000000,1.000000,66.000000,-1.000000,0.000000,6033.000000,-25.753174,-25.045166
6000.000000,1.000000,66.000000,-1.000000,0.000000,6033.000000,-25.753174,-25.045166
6000.000000,1.000000,66.000000,-1.000000,0.000000,6033.000000,-25.753174,-25.045166
6000.000000,1.000000,66.000000,-1.000000,0.000000,6033.000000,-25.753174,-25.045166
6000.000000,1.000000,66.000000,-1.000000,0.000000,6033.000000,-25.753174,-25.045166
6000.000000,1.000000,66.000000,-1.000000,0.000000,6033.000000,-25.753174,-25.045166
6000.000000,1.000000,66.000000,-1.000000,0.000000,6033.000000,-25.753174,-25.045166
6000.000000,1.000000,66.000000,-1.000000,0.000000,6033.000000,-25.753174,-25.045166
6000.000000,1.000000,66.000000,-1.000000,0.000000,6033.000000,-25.753174,-25.045166
6000.000000,1.000000,66.000000,-1.000000,0.000000,6033.000000,-25.753174,-25.045166
6000.000000,1.000000,66.000000,-1.000000,0.000000,6033.000000,-25.753174,-25.045166
6000.000000,1.000000,66.000000,-1.000000,0.000000,6033.000000,-25.753174,-25.045166
6000.000000,1.000000,66.000000,-1.000000,0.000000,6033.000000,-25.753174,-25.045166
6000.000000,1.000000,66.000000,-1.000000,0.000000,6033.000000,-25.753174,-25.045166
6000.000000,1.000000,66.000000,-1.000000,0.000000,6033.000000,-25.753174,-25.045166
6000.000000,1.000000,66.000000,-1.000000,0.000000,6033.000000,-25.753174,-25.045166
6000.000000,1.000000,66.000000,-1.000000,0.000000,6033.000000,-25.753174,-25.045166
6000.000000,1.000000,66.000000,-1.000000,0.000000,6033.000000,-25.753174,-25.045166
6000.000000,1.000000,66.000000,-1.000000,0.000000,6033.000000,-25.753174,-25.045166
6000.000000,1.000000,66.000000,-1.000000,0.000000,6033.000000,-25.753174,-25.045166
6000.000000,1.000000,66.000000,-1.000000,0.000000,6033.000000,-25.753174,-25.045166
6000.000000,1.000000,66.000000,-1.000000,0.000000,6033.000000,-25.753174,-25.045166
6000.000000,1.000000,66.000000,-1.000000,0.000000,6033.000000,-25.753174,-25.045166
6000.000000,1.000000,66.000000,-1.000000,0.000000,6033.000000,-25.753174,-25.045166
6000.000000,1.000000,66.000000,-1.000000,0.000000,6033.000000,-25.753174,-25.045166
6000.000000,1.000000,66.000000,-1.000000,0.000000,6033.000000,-25.753174,-25.045166
6000.000000,1.000000,66.000000,-1.000000,0.000000,6033.000000,-25.753174,-25.045166
6000.000000,1.000000,66.000000,-1.000000,0.000000,6033.000000,-25.753174,-25.045166
6000.000000,1.000000,66.000000,-1.000000,0.000000,6033.000000,-25.753174,-25.045166
6000.000000,1.000000,66.000000,-1.000000,0.000000,6033.000000,-25.753174,-25.045166
6000.000000,1.000000,66.000000,-1.000000,0.000000,6033.000000,-25.753174,-25.045166
6000.000000,1.000000,66.000000,-1.000000,0.000000,6033.000000,-25.753174,-25.045166
6000.000000,1.000000,66.000000,-1.000000,0.000000,6033.000000,-25.753174,-25.045166
6000.000000,1.000000,66.000000,-1.000000,0.000000,6033.000000,-25.753174,-25.045166
6000.000000,1.000000,66.000000,-1.000000,0.000000,6033.000000,-25.753174,-25.045166
6000.000000,1.000000,66.000000,-1.000000,0.000000,6033.000000,-25.753174,-25.045166
6000.000000,1.000000,66.000000,-1.000000,0.000000,6033.000000,-25.753174,-25.045166
6000.000000,1.000000,66.000000,-1.000000,0.000000,6033.000000,-25.753174,-25.045166
6000.000000,1.000000,66.000000,-1.000000,0.000000,6033.000000,-25.753174,-25.045166
6000.000000,1.000000,66.000000,-1.000000,0.000000,6033.000000,-25.753174,-25.045166
6000.000000,1.000000,66.000000,-1.000000,0.000000,6033.000000,-25.753174,-25.045166
6000.000000,1.000000,66.000000,-1.000000,0.000000,6033.000000,-25.753174,-25.045166
6000.000000,1.000000,66.000000,-1.000000,0.000000,6033.000000,-25.753174,-25.045166
6000.000000,1.000000,66.000000,-1.000000,0.000000,6033.000000,-25.753174,-25.045166
6000.000000,1.000000,66.000000,-1.000000,0.000000,6033.000000,-25.753174,-25.045166
6000.000000,1.000000,66.000000,-1.000000,0.000000,6033.000000,-25.753174,-25.045166
6000.000000,1.000000,66.000000,-1.000000,0.000000,6033.000000,-25.753174,-25.045166
6000.000000,1.000000,66.000000,-1.000000,0.000000,6033.000000,-25.753174,-25.045166
6000.000000,1.000000,66.000000,-1.000000,0.000000,6033.000000,-25.753174,-25.045166
6000.000000,1.000000,66.000000,-1.000000,0.000000,6033.000000,-25.753174,-25.045166
6000.000000,1.000000,66.000000,-1.000000,0.000000,6033.000000,-25.753174,-25.045166
6000.000000,1.000000,66.000000,-1.000000,0.000000,6033.000000,-25.753174,-25.045166
6000.000000,1.000000,66.000000,-1.000000,0.000000,6033.000000,-25.753174,-25.045166
6000.000000,1.000000,66.000000,-1.000000,0.000000,6033.000000,-25.753174,-25.045166
6000.000000,1.000000,66.000000,-1.000000,0.000000,6033.000000,-25.753174,-25.045166
6000.000000,1.000000,66.000000,-1.000000,0.000000,6033.000000,-25.753174,-25.045166
6000.000000,1.000000,66.000000,-1.000000,0.000000,6033.000000,-25.753174,-25.045166
6000.000000,1.000000,66.000000,-1.000000,0.000000,6033.000000,-25.753174,-25.045166
6000.000000,1.000000,66.000000,-1.000000,0.000000,6033.000000,-25.753174,-25.045166
6000.000000,1.000000,66.000000,-1.000000,0.000000,6033.000000,-25.753174,-25.045166
6000.000000,1.000000,66.000000,-1.000000,0.000000,6033.000000,-25.753174,-25.045166
6000.000000,1.000000,66.000000,-1.000000,0.000000,6033.000000,-25.753174,-25.045166
6000.000000,1.000000,66.000000,-1.000000,0.000000,6033.000000,-25.753174,-25.045166
6000.000000,1.000000,66.000000,-1.000000,0.000000,6033.000000,-25.753174,-25.045166
6000.000000,1.000000,66.000000,-1.000000,0.000000,6033.000000,-25.753174,-25.045166
6000.000000,1.000000,66.000000,-1.000000,0.000000,6033.000000,-25.753174,-25.045166
6000.000000,1.000000,66.000000,-1.000000,0.000000,6033.000000,-25.753174,-25.045166
6000.000000,1.000000,66.000000,-1.000000,0.000000,6033.000000,-25.753174,-25.045166
6000.000000,1.000000,66.000000,-1.000000,0.000000,6033.000000,-25.753174,-25.045166
6000.000000,1.000000,66.000000,-1.000000,0.000000,6033.000000,-25.753174,-25.045166
6000.000000,1.000000,66.000000,-1.000000,0.000000,6033.000000,-25.753174,-25.045166
6000.000000,1.000000,66.000000,-1.000000,0.000000,6033.000000,-25.753174,-25.045166
6000.000000,1.000000,66.000000,-1.000000,0.000000,6033.000000,-25.753174,-25.045166
6000.000000,1.000000,66.000000,-1.000000,0.000000,6033.000000,-25.753174,-25.045166
6000.000000,1.000000,66.000000,-1.000000,0.000000,6033.000000,-25.753174,-25.045166
6000.000000,1.000000,66.000000,-1.000000,0.000000,6033.000000,-25.753174,-25.045166
6000.000000,1.000000,66.000000,-1.000000,0.000000,6033.000000,-25.753174,-25.045166
6000.000000,1.000000,66.000000,-1.000000,0.000000,6033.000000,-25.753174,-25.045166
6000.000000,1.000000,66.000000,-1.000000,0.000000,6033.000000,-25.753174,-25.045166
6000.000000,1.000000,66.000000,-1.000000,0.000000,6033.000000,-25.753174,-25.045166
6000.000000,1.000000,66.000000,-1.000000,0.000000,6033.000000,-25.753174,-25.045166
6000.000000,1.000000,66.000000,-1.000000,0.000000,6033.000000,-25.753174,-25.045166
6000.000000,1.000000,66.000000,-1.000000,0.000000,6033.000000,-25.753174,-25.045166
6000.000000,1.000000,66.000000,-1.000000,0.000000,6033.000000,-25.753174,-25.045166
6000.000000,1.000000,66.000000,-1.000000,0.000000,6033.000000,-25.753174,-25.045166
6000.000000,1.000000,66.000000,-1.000000,0.000000,6033.000000,-25.753174,-25.045166
6000.000000,1.000000,66.000000,-1.000000,0.000000,6033.000000,-25.753174,-25.045166
6000.000000,1.000000,66.000000,-1.000000,0.000000,6033.000000,-25.753174,-25.045166
6000.000000,1.000000,66.000000,-1.000000,0.000000,6033.000000,-25.753174,-25.045166
6000.000000,1.000000,66.000000,-1.000000,0.000000,6033.000000,-25.753174,-25.045166
6000.000000,1.000000,66.000000,-1.000000,0.000000,6033.000000,-25.753174,-25.045166
6000.000000,1.000000,66.000000,-1.000000,0.000000,6033.000000,-25.753174,-25.045166
6000.000000,1.000000,66.000000,-1.000000,0.000000,6033.000000,-25.753174,-25.045166
6000.000000,1.000000,66.000000,-1.000000,0.000000,6033.000000,-25.753174,-25.045166
6000.000000,1.000000,66.000000,-1.000000,0.000000,6033.000000,-25.753174,-25.045166
6000.000000,1.000000,66.000000,-1.000000,0.000000,6033.000000,-25.753174,-25.045166
6000.000000,1.000000,66.000000,-1.000000,0.000000,6033.000000,-25.753174,-25.045166
6000.000000,1.000000,66.000000,-1.000000,0.000000,6033.000000,-25.753174,-25.045166
6000.000000,1.000000,66.000000,-1.000000,0.000000,6033.000000,-25.753174,-25.045166
6000.000000,1.000000,66.000000,-1.000000,0.000000,6033.000000,-25.753174,-25.045166
6000.000000,1.000000,66.000000,-1.000000,0.000000,6033.000000,-25.753174,-25.045166
6000.000000,1.000000,66.000000,-1.000000,0.000000,6033.000000,-25.753174,-25.045166
6000.000000,1.000000,66.000000,-1.000000,0.000000,6033.000000,-25.753174,-25.045166
6000.000000,1.000000,66.000000,-1.000000,0.000000,6033.000000,-25.753174,-25.045166
6000.000000,1.000000,66.000000,-1.000000,0.000000,6033.000000,-25.753174,-25.045166
6000.000000,1.000000,66.000000,-1.000000,0.000000,6033.000000,-25.753174,-25.045166
6000.000000,1.000000,66.000000,-1.000000,0.000000,6033.000000,-25.753174,-25.045166
6000.000000,1.000000,66.000000,-1.000000,0.000000,6033.000000,-25.753174,-25.045166
6000.000000,1.000000,66.000000,-1.000000,0.000000,6033.000000,-25.753174,-25.045166
6000.000000,1.000000,66.000000,-1.000000,0.000000,6033.000000,-25.753174,-25.045166
6000.000000,1.000000,66.000000,-1.000000,0.000000,6033.000000,-25.753174,-25.045166
6000.000000,1.000000,66.000000,-1.000000,0.000000,6033.000000,-25.753174,-25.045166
6000.000000,1.000000,66.000000,-1.000000,0.000000,6033.000000,-25.753174,-25.045166
6000.000000,1.000000,66.000000,-1.000000,0.000000,6033.000000,-25.753174,-25.045166
6000.000000,1.000000,66.000000,-1.000000,0.000000,6033.000000,-25.753174,-25.045166
6000.000000,1.000000,66.000000,-1.000000,0.000000,6033.000000,-25.753174,-25.045166
6000.000000,1.000000,66.000000,-1.000000,0.000000,6033.000000,-25.753174,-25.045166
6000.000000,1.000000,66.000000,-1.000000,0.000000,6033.000000,-25.753174,-25.045166
6000.000000,1.000000,66.000000,-1.000000,0.000000,6033.000000,-25.753174,-25.045166
6000.000000,1.000000,66.000000,-1.000000,0.000000,6033.000000,-25.753174,-25.045166
6000.000000,1.000000,66.000000,-1.000000,0.000000,6033.000000,-25.753174,-25.045166
6000.000000,1.000000,66.000000,-1.000000,0.000000,6033.000000,-25.753174,-25.045166
6000.000000,1.000000,66.000000,-1.000000,0.000000,6033.000000,-25.753174,-25.045166
6000.000000,1.000000,66.000000,-1.000000,0.000000,6033.000000,-25.753174,-25.045166
6000.000000,1.000000,66.000000,-1.000000,0.000000,6033.000000,-25.753174,-25.045166
6000.000000,1.000000,66.000000,-1.000000,0.000000,6033.000000,-25.753174,-25.045166
6000.000000,1.000000,66.000000,-1.000000,0.000000,6033.000000,-25.753174,-25.045166
6000.000000,1.000000,66.000000,-1.000000,0.000000,6033.000000,-25.753174,-25.045166
6000.000000,1.000000,66.000000,-1.000000,0.000000,6033.000000,-25.753174,-25.045166
6000.000000,1.000000,66.000000,-1.000000,0.000000,6033.000000,-25.753174,-25.045166
6000.000000,1.000000,66.000000,-1.000000,0.000000,6033.000000,-25.753174,-25.045166
6000.000000,1.000000,66.000000,-1.000000,0.000000,6033.000000,-25.753174,-25.045166
6000.000000,1.000000,66.000000,-1.000000,0.000000,6033.000000,-25.753174,-25.045166
6000.000000,1.000000,66.000000,-1.000000,0.000000,6033.000000,-25.753174,-25.045166
6000.000000,1.000000,66.000000,-1.000000,0.000000,6033.000000,-25.753174,-25.045166
6000.000000,1.000000,66.000000,-1.000000,0.000000,6033.000000,-25.753174,-25.045166
6000.000000,1.000000,66.000000,-1.000000,0.000000,6033.000000,-25.753174,-25.045166
6000.000000,1.000000,66.000000,-1.000000,0.000000,6033.000000,-25.753174,-25.045166
6000.000000,1.000000,66.000000,-1.000000,0.000000,6033.000000,-25.753174,-25.045166
6000.000000,1.000000,66.000000,-1.000000,0.000000,6033.000000,-25.753174,-25.045166
6000.000000,1.000000,66.000000,-1.000000,0.000000,6033.000000,-25.753174,-25.045166
6000.000000,1.000000,66.000000,-1.000000,0.000000,6033.000000,-25.753174,-25.045166
6000.000000,1.000000,66.000000,-1.000000,0.000000,6033.000000,-25.753174,-25.045166
6000.000000,1.000000,66.000000,-1.000000,0.000000,6033.000000,-25.753174,-25.045166
6000.000000,1.000000,66.000000,-1.000000,0.000000,6033.000000,-25.753174,-25.045166
6000.000000,1.000000,66.000000,-1.000000,0.000000,6033.000000,-25.753174,-25.045166
6000.000000,1.000000,66.000000,-1.000000,0.000000,6033.000000,-25.753174,-25.045166
6000.000000,1.000000,66.000000,-1.000000,0.000000,6033.000000,-25.753174,-25.045166
6000.000000,1.000000,66.000000,-1.000000,0.000000,6033.000000,-25.753174,-25.045166
6000.000000,1.000000,66.000000,-1.000000,0.000000,6033.000000,-25.753174,-25.045166
6000.000000,1.000000,66.000000,-1.000000,0.000000,6033.000000,-25.753174,-25.045166
6000.000000,1.000000,66.000000,-1.000000,0.000000,6033.000000,-25.753174,-25.045166
6000.000000,1.000000,66.000000,-1.000000,0.000000,6033.000000,-25.753174,-25.045166
6000.000000,1.000000,66.000000,-1.000000,0.000000,6033.000000,-25.753174,-25.045166
6000.000000,1.000000,66.000000,-1.000000,0.000000,6033.000000,-25.753174,-25.045166
6000.000000,1.000000,66.000000,-1.000000,0.000000,6033.000000,-25.753174,-25.045166
6000.000000,1.000000,66.000000,-1.000000,0.000000,6033.000000,-25.753174,-25.045166
6000.000000,1.000000,66.000000,-1.000000,0.000000,6033.000000,-25.753174,-25.045166
6000.000000,1.000000,66.000000,-1.000000,0.000000,6033.000000,-25.753174,-25.045166
6000.000000,1.000000,66.000000,-1.000000,0.000000,6033.000000,-25.753174,-25.045166
6000.000000,1.000000,66.000000,-1.000000,0.000000,6033.000000,-25.753174,-25.045166
6000.000000,1.000000,66.000000,-1.000000,0.000000,6033.000000,-25.753174,-25.045166
6000.000000,1.000000,66.000000,-1.000000,0.000000,6033.000000,-25.753174,-25.045166
6000.000000,1.000000,66.000000,-1.000000,0.000000,6033.000000,-25.753174,-25.045166
6000.000000,1.000000,66.000000,-1.000000,0.000000,6033.000000,-25.753174,-25.045166
6000.000000,1.000000,66.000000,-1.000000,0.000000,6033.000000,-25.753174,-25.045166
6000.000000,1.000000,66.000000,-1.000000,0.000000,6033.000000,-25.753174,-25.045166
6000.000000,1.000000,66.000000,-1.000000,0.000000,6033.000000,-25.753174,-25.045166
6000.000000,1.000000,66.000000,-1.000000,0.000000,6033.000000,-25.753174,-25.045166
6000.000000,1.000000,66.000000,-1.000000,0.000000,6033.000000,-25.753174,-25.045166
6000.000000,1.000000,66.000000,-1.000000,0.000000,6033.000000,-25.753174,-25.045166
6000.000000,1.000000,66.000000,-1.000000,0.000000,6033.000000,-25.753174,-25.045166
6000.000000,1.000000,66.000000,-1.000000,0.000000,6033.000000,-25.753174,-25.045166
6000.000000,1.000000,66.000000,-1.000000,0.000000,6033.000000,-25.753174,-25.045166
6000.000000,1.000000,66.000000,-1.000000,0.000000,6033.000000,-25.753174,-25.045166
6000.000000,1.000000,66.000000,-1.000000,0.000000,6033.000000,-25.753174,-25.045166
6000.000000,1.000000,66.000000,-1.000000,0.000000,6033.000000,-25.753174,-25.045166
6000.000000,1.000000,66.000000,-1.000000,0.000000,6033.000000,-25.753174,-25.045166
6000.000000,1.000000,66.000000,-1.000000,0.000000,6033.000000,-25.753174,-25.045166
6000.000000,1.000000,66.000000,-1.000000,0.000000,6033.000000,-25.753174,-25.045166
6000.000000,1.000000,66.000000,-1.000000,0.000000,6033.000000,-25.753174,-25.045166
6000.000000,1.000000,66.000000,-1.000000,0.000000,6033.000000,-25.753174,-25.045166
6000.000000,1.000000,66.000000,-1.000000,0.000000,6033.000000,-25.753174,-25.045166
6000.000000,1.000000,66.000000,-1.000000,0.000000,6033.000000,-25.753174,-25.045166
6000.000000,1.000000,66.000000,-1.000000,0.000000,6033.000000,-25.753174,-25.045166
6000.000000,1.000000,66.000000,-1.000000,0.000000,6033.000000,-25.753174,-25.045166
6000.000000,1.000000,66.000000,-1.000000,0.000000,6033.000000,-25.753174,-25.045166
6000.000000,1.000000,66.000000,-1.000000,0.000000,6033.000000,-25.753174,-25.045166
6000.000000,1.000000,66.000000,-1.000000,0.000000,6033.000000,-25.753174,-25.045166
6000.000000,1.000000,66.000000,-1.000000,0.000000,6033.000000,-25.753174,-25.045166
6000.000000,1.000000,66.000000,-1.000000,0.000000,6033.000000,-25.753174,-25.045166
6000.000000,1.000000,66.000000,-1.000000,0.000000,6033.000000,-25.753174,-25.045166
6000.000000,1.000000,66.000000,-1.000000,0.000000,6033.000000,-25.753174,-25.045166
6000.000000,1.000000,66.000000,-1.000000,0.000000,6033.000000,-25.753174,-25.045166
6000.000000,1.000000,66.000000,-1.000000,0.000000,6033.000000,-25.753174,-25.045166
6000.000000,1.000000,66.000000,-1.000000,0.000000,6033.000000,-25.753174,-25.045166
6000.000000,1.000000,66.000000,-1.000000,0.000000,6033.000000,-25.753174,-25.045166
6000.000000,1.000000,66.000000,-1.000000,0.000000,6033.000000,-25.753174,-25.045166
6000.000000,1.000000,66.000000,-1.000000,0.000000,6033.000000,-25.753174,-25.045166
6000.000000,1.000000,66.000000,-1.000000,0.000000,6033.000000,-25.753174,-25.045166
6000.000000,1.000000,66.000000,-1.000000,0.000000,6033.000000,-25.753174,-25.045166
6000.000000,1.000000,66.000000,-1.000000,0.000000,6033.000000,-25.753174,-25.045166
6000.000000,1.000000,66.000000,-1.000000,0.000000,6033.000000,-25.753174,-25.045166
6000.000000,1.000000,66.000000,-1.000000,0.000000,6033.000000,-25.753174,-25.045166
6000.000000,1.000000,66.000000,-1.000000,0.000000,6033.000000,-25.753174,-25.045166
6000.000000,1.000000,66.000000,-1.000000,0.000000,6033.000000,-25.753174,-25.045166
6000.000000,1.000000,66.000000,-1.000000,0.000000,6033.000000,-25.753174,-25.045166
6000.000000,1.000000,66.000000,-1.000000,0.000000,6033.000000,-25.753174,-25.045166
6000.000000,1.000000,66.000000,-1.000000,0.000000,6033.000000,-25.753174,-25.045166
6000.000000,1.000000,66.000000,-1.000000,0.000000,6033.000000,-25.753174,-25.045166
6000.000000,1.000000,66.000000,-1.000000,0.000000,6033.000000,-25.753174,-25.045166
6000.000000,1.000000,66.000000,-1.000000,0.000000,6033.000000,-25.753174,-25.045166
6000.000000,1.000000,66.000000,-1.000000,0.000000,6033.000000,-25.753174,-25.045166
6000.000000,1.000000,66.000000,-1.000000,0.000000,6033.000000,-25.753174,-25.045166
6000.000000,1.000000,66.000000,-1.000000,0.000000,6033.000000,-25.753174,-25.045166
6000.000000,1.000000,66.000000,-1.000000,0.000000,6033.000000,-25.753174,-25.045166
6000.000000,1.000000,66.000000,-1.000000,0.000000,6033.000000,-25.753174,-25.045166
6000.000000,1.000000,66.000000,-1.000000,0.000000,6033.000000,-25.753174,-25.045166
6000.000000,1.000000,66.000000,-1.000000,0.000000,6033.000000,-25.753174,-25.045166
6000.000000,1.000000,66.000000,-1.000000,0.000000,6033.000000,-25.753174,-25.045166
6000.000000,1.000000,66.000000,-1.000000,0.000000,6033.000000,-25.753174,-25.045166
6000.000000,1.000000,66.000000,-1.000000,0.000000,6033.000000,-25.753174,-25.045166
6000.000000,1.000000,66.000000,-1.000000,0.000000,6033.000000,-25.753174,-25.045166
6000.000000,1.000000,66.000000,-1.000000,0.000000,6033.000000,-25.753174,-25.045166
6000.000000,1.000000,66.000000,-1.000000,0.000000,6033.000000,-25.753174,-25.045166
6000.000000,1.000000,66.000000,-1.000000,0.000000,6033.000000,-25.753174,-25.045166
6000.000000,1.000000,66.000000,-1.000000,0.000000,6033.000000,-25.753174,-25.045166
6000.000000,1.000000,66.000000,-1.000000,0.000000,6033.000000,-25.753174,-25.045166
6000.000000,1.000000,66.000000,-1.000000,0.000000,6033.000000,-25.753174,-25.045166
6000.000000,1.000000,66.000000,-1.000000,0.000000,6033.000000,-25.753174,-25.045166
6000.000000,1.000000,66.000000,-1.000000,0.000000,6033.000000,-25.753174,-25.045166
6000.000000,1.000000,66.000000,-1.000000,0.000000,6033.000000,-25.753174,-25.045166
6000.000000,1.000000,66.000000,-1.000000,0.000000,6033.000000,-25.753174,-25.045166
6000.000000,1.000000,66.000000,-1.000000,0.000000,6033.000000,-25.753174,-25.045166
6000.000000,1.000000,66.000000,-1.000000,0.000000,6033.000000,-25.753174,-25.045166
6000.000000,1.000000,66.000000,-1.000000,0.000000,6033.000000,-25.753174,-25.045166
6000.000000,1.000000,66.000000,-1.000000,0.000000,6033.000000,-25.753174,-25.045166
6000.000000,1.000000,66.000000,-1.000000,0.000000,6033.000000,-25.753174,-25.045166
6000.000000,1.000000,66.000000,-1.000000,0.000000,6033.000000,-25.753174,-25.045166
6000.000000,1.000000,66.000000,-1.000000,0.000000,6033.000000,-25.753174,-25.045166
6000.000000,1.000000,66.000000,-1.000000,0.000000,6033.000000,-25.753174,-25.045166
6000.000000,1.000000,66.000000,-1.000000,0.000000,6033.000000,-25.753174,-25.045166
6000.000000,1.000000,66.000000,-1.000000,0.000000,6033.000000,-25.753174,-25.045166
6000.000000,1.000000,66.000000,-1.000000,0.000000,6033.000000,-25.753174,-25.045166
6000.000000,1.000000,66.000000,-1.000000,0.000000,6033.000000,-25.753174,-25.045166
6000.000000,1.000000,66.000000,-1.000000,0.000000,6033.000000,-25.753174,-25.045166
6000.000000,1.000000,66.000000,-1.000000,0.000000,6033.000000,-25.753174,-25.045166
6000.000000,1.000000,66.000000,-1.000000,0.000000,6033.000000,-25.753174,-25.045166
6000.000000,1.000000,66.000000,-1.000000,0.000000,6033.000000,-25.753174,-25.045166
6000.000000,1.000000,66.000000,-1.000000,0.000000,6033.000000,-25.753174,-25.045166
6000.000000,1.000000,66.000000,-1.000000,0.000000,6033.000000,-25.753174,-25.045166
6000.000000,1.000000,66.000000,-1.000000,0.000000,6033.000000,-25.753174,-25.045166
6000.000000,1.000000,66.000000,-1.000000,0.000000,6033.000000,-25.753174,-25.045166
6000.000000,1.000000,66.000000,-1.000000,0.000000,6033.000000,-25.753174,-25.045166
6000.000000,1.000000,66.000000,-1.000000,0.000000,6033.000000,-25.753174,-25.045166
6000.000000,1.000000,66.000000,-1.000000,0.000000,6033.000000,-25.753174,-25.045166
6000.000000,1.000000,66.000000,-1.000000,0.000000,6033.000000,-25.753174,-25.045166
6000.000000,1.000000,66.000000,-1.000000,0.000000,6033.000000,-25.753174,-25.045166
6000.000000,1.000000,66.000000,-1.000000,0.000000,6033.000000,-25.753174,-25.045166
6000.000000,1.000000,66.000000,-1.000000,0.000000,6033.000000,-25.753174,-25.045166
6000.000000,1.000000,66.000000,-1.000000,0.000000,6033.000000,-25.753174,-25.045166
6000.000000,1.000000,66.000000,-1.000000,0.000000,6033.000000,-25.753174,-25.045166
6000.000000,1.000000,66.000000,-1.000000,0.000000,6033.000000,-25.753174,-25.045166
6000.000000,1.000000,66.000000,-1.000000,0.000000,6033.000000,-25.753174,-25.045166
6000.000000,1.000000,66.000000,-1.000000,0.000000,6033.000000,-25.753174,-25.045166
6000.000000,1.000000,66.000000,-1.000000,0.000000,6033.000000,-25.753174,-25.045166
6000.000000,1.000000,66.000000,-1.000000,0.000000,6033.000000,-25.753174,-25.045166
6000.000000,1.000000,66.000000,-1.000000,0.000000,6033.000000,-25.753174,-25.045166
6000.000000,1.000000,66.000000,-1.000000,0.000000,6033.000000,-25.753174,-25.045166
6000.000000,1.000000,66.000000,-1.000000,0.000000,6033.000000,-25.753174,-25.045166
6000.000000,1.000000,66.000000,-1.000000,0.000000,6033.000000,-25.753174,-25.045166
6000.000000,1.000000,66.000000,-1.000000,0.000000,6033.000000,-25.753174,-25.045166
6000.000000,1.000000,66.000000,-1.000000,0.000000,6033.000000,-25.753174,-25.045166
6000.000000,1.000000,66.000000,-1.000000,0.000000,6033.000000,-25.753174,-25.045166
6000.000000,1.000000,66.000000,-1.000000,0.000000,6033.000000,-25.753174,-25.045166
6000.000000,1.000000,66.000000,-1.000000,0.000000,6033.000000,-25.753174,-25.045166
6000.000000,1.000000,66.000000,-1.000000,0.000000,6033.000000,-25.753174,-25.045166
6000.000000,1.000000,66.000000,-1.000000,0.000000,6033.000000,-25.753174,-25.045166
6000.000000,1.000000,66.000000,-1.000000,0.000000,6033.000000,-25.753174,-25.045166
6000.000000,1.000000,66.000000,-1.000000,0.000000,6033.000000,-25.753174,-25.045166
6000.000000,1.000000,66.000000,-1.000000,0.000000,6033.000000,-25.753174,-25.045166
6000.000000,1.000000,66.000000,-1.000000,0.000000,6033.000000,-25.753174,-25.045166
6000.000000,1.000000,66.000000,-1.000000,0.000000,6033.000000,-25.753174,-25.045166
6000.000000,1.000000,66.000000,-1.000000,0.000000,6033.000000,-25.753174,-25.045166
6000.000000,1.000000,66.000000,-1.000000,0.000000,6033.000000,-25.753174,-25.045166
6000.000000,1.000000,66.000000,-1.000000,0.000000,6033.000000,-25.753174,-25.045166
6000.000000,1.000000,66.000000,-1.000000,0.000000,6033.000000,-25.753174,-25.045166
6000.000000,1.000000,66.000000,-1.000000,0.000000,6033.000000,-25.753174,-25.045166
6000.000000,1.000000,66.000000,-1.000000,0.000000,6033.000000,-25.753174,-25.045166
6000.000000,1.000000,66.000000,-1.000000,0.000000,6033.000000,-25.753174,-25.045166
6000.000000,1.000000,66.000000,-1.000000,0.000000,6033.000000,-25.753174,-25.045166
6000.000000,1.000000,66.000000,-1.000000,0.000000,6033.000000,-25.753174,-25.045166
6000.000000,1.000000,66.000000,-1.000000,0.000000,6033.000000,-25.753174,-25.045166
6000.000000,1.000000,66.000000,-1.000000,0.000000,6033.000000,-25.753174,-25.045166
6000.000000,1.000000,66.000000,-1.000000,0.000000,6033.000000,-25.753174,-25.045166
6000.000000,1.000000,66.000000,-1.000000,0.000000,6033.000000,-25.753174,-25.045166
6000.000000,1.000000,66.000000,-1.000000,0.000000,6033.000000,-25.753174,-25.045166
6000.000000,1.000000,66.000000,-1.000000,0.000000,6033.000000,-25.753174,-25.045166
6000.000000,1.000000,66.000000,-1.000000,0.000000,6033.000000,-25.753174,-25.045166
6000.000000,1.000000,66.000000,-1.000000,0.000000,6033.000000,-25.753174,-25.045166
6000.000000,1.000000,66.000000,-1.000000,0.000000,6033.000000,-25.753174,-25.045166
6000.000000,1.000000,66.000000,-1.000000,0.000000,6033.000000,-25.753174,-25.045166
6000.000000,1.000000,66.000000,-1.000000,0.000000,6033.000000,-25.753174,-25.045166
6000.000000,1.000000,66.000000,-1.000000,0.000000,6033.000000,-25.753174,-25.045166
6000.000000,1.000000,66.000000,-1.000000,0.000000,6033.000000,-25.753174,-25.045166
6000.000000,1.000000,66.000000,-1.000000,0.000000,6033.000000,-25.753174,-25.045166
6000.000000,1.000000,66.000000,-1.000000,0.000000,6033.000000,-25.753174,-25.045166
6000.000000,1.000000,66.000000,-1.000000,0.000000,6033.000000,-25.753174,-25.045166
6000.000000,1.000000,66.000000,-1.000000,0.000000,6033.000000,-25.753174,-25.045166
6000.000000,1.000000,66.000000,-1.000000,0.000000,6033.000000,-25.753174,-25.045166
6000.000000,1.000000,66.000000,-1.000000,0.000000,6033.000000,-25.753174,-25.045166
6000.000000,1.000000,66.000000,-1.000000,0.000000,6033.000000,-25.753174,-25.045166
6000.000000,1.000000,66.000000,-1.000000,0.000000,6033.000000,-25.753174,-25.045166
6000.000000,1.000000,66.000000,-1.000000,0.000000,6033.000000,-25.753174,-25.045166
6000.000000,1.000000,66.000000,-1.000000,0.000000,6033.000000,-25.753174,-25.045166
6000.000000,1.000000,66.000000,-1.000000,0.000000,6033.000000,-25.753174,-25.045166
6000.000000,1.000000,66.000000,-1.000000,0.000000,6033.000000,-25.753174,-25.045166
6000.000000,1.000000,66.000000,-1.000000,0.000000,6033.000000,-25.753174,-25.045166
6000.000000,1.000000,66.000000,-1.000000,0.000000,6033.000000,-25.753174,-25.045166
6000.000000,1.000000,66.000000,-1.000000,0.000000,6033.000000,-25.753174,-25.045166
6000.000000,1.000000,66.000000,-1.000000,0.000000,6033.000000,-25.753174,-25.045166
6000.000000,1.000000,66.000000,-1.000000,0.000000,6033.000000,-25.753174,-25.045166
6000.000000,1.000000,66.000000,0.000000,0.000000,0.000000,0.000000,0.000000
6000.000000,1.000000,66.000000,0.000000,0.000000,0.000000,0.000000,0.000000
6000.000000,1.000000,66.000000,0.000000,0.000000,0.000000,0.000000,0.000000
6000.000000,1.000000,66.000000,0.000000,0.000000,0.000000,0.000000,0.000000
6000.000000,1.000000,66.000000,0.000000,0.000000,0.000000,0.000000,0.000000
6000.000000,1.000000,66.000000,0.000000,0.000000,0.000000,0.000000,0.000000
6000.000000,1.000000,66.000000,0.000000,0.000000,0.000000,0.000000,0.000000
6000.000000,1.000000,66.000000,0.000000,0.000000,0.000000,0.000000,0.000000
6000.000000,1.000000,66.000000,0.000000,0.000000,0.000000,0.000000,0.000000
6000.000000,1.000000,66.000000,0.000000,0.000000,0.000000,0.000000,0.000000
6000.000000,1.000000,66.000000,0.000000,0.000000,0.000000,0.000000,0.000000
6000.000000,1.000000,66.000000,0.000000,0.000000,0.000000,0.000000,0.000000
6000.000000,1.000000,66.000000,0.000000,0.000000,0.000000,0.000000,0.000000
6000.000000,1.000000,66.000000,0.000000,0.000000,0.000000,0.000000,0.000000
6000.000000,1.000000,66.000000,0.000000,0.000000,0.000000,0.000000,0.000000
6000.000000,1.000000,66.000000,0.000000,0.000000,0.000000,0.000000,0.000000
6000.000000,1.000000,66.000000,0.000000,0.000000,0.000000,0.000000,0.000000
6000.000000,1.000000,66.000000,0.000000,0.000000,0.000000,0.000000,0.000000
6000.000000,1.000000,66.000000,0.000000,0.000000,0.000000,0.000000,0.000000
6000.000000,1.000000,66.000000,0.000000,0.000000,0.000000,0.000000,0.000000
6000.000000,1.000000,66.000000,0.000000,0.000000,0.000000,0.000000,0.000000
6000.000000,1.000000,66.000000,0.000000,0.000000,0.000000,0.000000,0.000000
6000.000000,1.000000,66.000000,0.000000,0.000000,0.000000,0.000000,0.000000
6000.000000,1.000000,66.000000,0.000000,0.000000,0.000000,0.000000,0.000000
6000.000000,1.000000,66.000000,0.000000,0.000000,0.000000,0.000000,0.000000
6000.000000,1.000000,66.000000,0.000000,0.000000,0.000000,0.000000,0.000000
6000.000000,1.000000,66.000000,0.000000,0.000000,0.000000,0.000000,0.000000
6000.000000,1.000000,66.000000,0.000000,0.000000,0.000000,0.000000,0.000000
6000.000000,1.000000,66.000000,0.000000,0.000000,0.000000,0.000000,0.000000
6000.000000,1.000000,66.000000,0.000000,0.000000,0.000000,0.000000,0.000000
6000.000000,1.000000,66.000000,0.000000,0.000000,0.000000,0.000000,0.000000
6000.000000,1.000000,66.000000,0.000000,0.000000,0.000000,0.000000,0.000000
6000.000000,1.000000,66.000000,0.000000,0.000000,0.000000,0.000000,0.000000
6000.000000,1.000000,66.000000,0.000000,0.000000,0.000000,0.000000,0.000000
6000.000000,1.000000,66.000000,0.000000,0.000000,0.000000,0.000000,0.000000
6000.000000,1.000000,66.000000,0.000000,0.000000,0.000000,0.000000,0.000000
6000.000000,1.000000,66.000000,0.000000,0.000000,0.000000,0.000000,0.000000
6000.000000,1.000000,66.000000,0.000000,0.000000,0.000000,0.000000,0.000000
6000.000000,1.000000,66.000000,0.000000,0.000000,0.000000,0.000000,0.000000
6000.000000,1.000000,66.000000,0.000000,0.000000,0.000000,0.000000,0.000000
6000.000000,1.000000,66.000000,0.000000,0.000000,0.000000,0.000000,0.000000
6000.000000,1.000000,66.000000,0.000000,0.000000,0.000000,0.000000,0.000000
6000.000000,1.000000,66.000000,0.000000,0.000000,0.000000,0.000000,0.000000
6000.000000,1.000000,66.000000,0.000000,0.000000,0.000000,0.000000,0.000000
6000.000000,1.000000,66.000000,0.000000,0.000000,0.000000,0.000000,0.000000
6000.000000,1.000000,66.000000,0.000000,0.000000,0.000000,0.000000,0.000000
6000.000000,1.000000,66.000000,0.000000,0.000000,0.000000,0.000000,0.000000
6000.000000,1.000000,66.000000,0.000000,0.000000,0.000000,0.000000,0.000000
6000.000000,1.000000,66.000000,0.000000,0.000000,0.000000,0.000000,0.000000
6000.000000,1.000000,66.000000,0.000000,0.000000,0.000000,0.000000,0.000000
6000.000000,1.000000,66.000000,0.000000,0.000000,0.000000,0.000000,0.000000
6000.000000,1.000000,66.000000,0.000000,0.000000,0.000000,0.000000,0.000000
6000.000000,1.000000,66.000000,0.000000,0.000000,0.000000,0.000000,0.000000
6000.000000,1.000000,66.000000,0.000000,0.000000,0.000000,0.000000,0.000000
6000.000000,1.000000,66.000000,0.000000,0.000000,0.000000,0.000000,0.000000
6000.000000,1.000000,66.000000,0.000000,0.000000,0.000000,0.000000,0.000000
6000.000000,1.000000,66.000000,0.000000,0.000000,0.000000,0.000000,0.000000
6000.000000,1.000000,66.000000,0.000000,0.000000,0.000000,0.000000,0.000000
6000.000000,1.000000,66.000000,0.000000,0.000000,0.000000,0.000000,0.000000
6000.000000,1.000000,66.000000,0.000000,0.000000,0.000000,0.000000,0.000000
6000.000000,1.000000,66.000000,0.000000,0.000000,0.000000,0.000000,0.000000
6000.000000,1.000000,66.000000,0.000000,0.000000,0.000000,0.000000,0.000000
6000.000000,1.000000,66.000000,0.000000,0.000000,0.000000,0.000000,0.000000
6000.000000,1.000000,66.000000,0.000000,0.000000,0.000000,0.000000,0.000000
6000.000000,1.000000,66.000000,0.000000,0.000000,0.000000,0.000000,0.000000
6000.000000,1.000000,66.000000,0.000000,0.000000,0.000000,0.000000,0.000000
6000.000000,1.000000,66.000000,0.000000,0.000000,0.000000,0.000000,0.000000
6000.000000,1.000000,66.000000,0.000000,0.000000,0.000000,0.000000,0.000000
6000.000000,1.000000,66.000000,0.000000,0.000000,0.000000,0.000000,0.000000
6000.000000,1.000000,66.000000,0.000000,0.000000,0.000000,0.000000,0.000000
6000.000000,1.000000,66.000000,0.000000,0.000000,0.000000,0.000000,0.000000
6000.000000,1.000000,66.000000,0.000000,0.000000,0.000000,0.000000,0.000000
6000.000000,1.000000,66.000000,0.000000,0.000000,0.000000,0.000000,0.000000
6000.000000,1.000000,66.000000,0.000000,0.000000,0.000000,0.000000,0.000000
6000.000000,1.000000,66.000000,0.000000,0.000000,0.000000,0.000000,0.000000
6000.000000,1.000000,66.000000,0.000000,0.000000,0.000000,0.000000,0.000000
6000.000000,1.000000,66.000000,0.000000,0.000000,0.000000,0.000000,0.000000
6000.000000,1.000000,66.000000,0.000000,0.000000,0.000000,0.000000,0.000000
6000.000000,1.000000,66.000000,0.000000,0.000000,0.000000,0.000000,0.000000
6000.000000,1.000000,66.000000,0.000000,0.000000,0.000000,0.000000,0.000000
6000.000000,1.000000,66.000000,0.000000,0.000000,0.000000,0.000000,0.000000
6000.000000,1.000000,66.000000,0.000000,0.000000,0.000000,0.000000,0.000000
6000.000000,1.000000,66.000000,0.000000,0.000000,0.000000,0.000000,0.000000
6000.000000,1.000000,66.000000,0.000000,0.000000,0.000000,0.000000,0.000000
6000.000000,1.000000,66.000000,0.000000,0.000000,0.000000,0.000000,0.000000
6000.000000,1.000000,66.000000,0.000000,0.000000,0.000000,0.000000,0.000000
6000.000000,1.000000,66.000000,0.000000,0.000000,0.000000,0.000000,0.000000
6000.000000,1.000000,66.000000,0.000000,0.000000,0.000000,0.000000,0.000000
6000.000000,1.000000,66.000000,0.000000,0.000000,0.000000,0.000000,0.000000
6000.000000,1.000000,66.000000,0.000000,0.000000,0.000000,0.000000,0.000000
6000.000000,1.000000,66.000000,0.000000,0.000000,0.000000,0.000000,0.000000
6000.000000,1.000000,66.000000,0.000000,0.000000,0.000000,0.000000,0.000000
6000.000000,1.000000,66.000000,0.000000,0.000000,0.000000,0.000000,0.000000
6000.000000,1.000000,66.000000,0.000000,0.000000,0.000000,0.000000,0.000000
6000.000000,1.000000,66.000000,0.000000,0.000000,0.000000,0.000000,0.000000
6000.000000,1.000000,66.000000,0.000000,0.000000,0.000000,0.000000,0.000000
6000.000000,1.000000,66.000000,0.000000,0.000000,0.000000,0.000000,0.000000
6000.000000,1.000000,66.000000,0.000000,0.000000,0.000000,0.000000,0.000000
6000.000000,1.000000,66.000000,0.000000,0.000000,0.000000,0.000000,0.000000
6000.000000,1.000000,66.000000,0.000000,0.000000,0.000000,0.000000,0.000000
6000.000000,1.000000,66.000000,0.000000,0.000000,0.000000,0.000000,0.000000
6000.000000,1.000000,66.000000,0.000000,0.000000,0.000000,0.000000,0.000000
6000.000000,1.000000,66.000000,0.000000,0.000000,0.000000,0.000000,0.000000
6000.000000,1.000000,66.000000,0.000000,0.000000,0.000000,0.000000,0.000000
6000.000000,1.000000,66.000000,0.000000,0.000000,0.000000,0.000000,0.000000
6000.000000,1.000000,66.000000,0.000000,0.000000,0.000000,0.000000,0.000000
6000.000000,1.000000,66.000000,0.000000,0.000000,0.000000,0.000000,0.000000
6000.000000,1.000000,66.000000,0.000000,0.000000,0.000000,0.000000,0.000000
6000.000000,1.000000,66.000000,0.000000,0.000000,0.000000,0.000000,0.000000
6000.000000,1.000000,66.000000,0.000000,0.000000,0.000000,0.000000,0.000000
6000.000000,1.000000,66.000000,0.000000,0.000000,0.000000,0.000000,0.000000
6000.000000,1.000000,66.000000,0.000000,0.000000,0.000000,0.000000,0.000000
6000.000000,1.000000,66.000000,0.000000,0.000000,0.000000,0.000000,0.000000
6000.000000,1.000000,66.000000,0.000000,0.000000,0.000000,0.000000,0.000000
6000.000000,1.000000,66.000000,0.000000,0.000000,0.000000,0.000000,0.000000
6000.000000,1.000000,66.000000,0.000000,0.000000,0.000000,0.000000,0.000000
6000.000000,1.000000,66.000000,0.000000,0.000000,0.000000,0.000000,0.000000
6000.000000,1.000000,66.000000,0.000000,0.000000,0.000000,0.000000,0.000000
6000.000000,1.000000,66.000000,0.000000,0.000000,0.000000,0.000000,0.000000
6000.000000,1.000000,66.000000,0.000000,0.000000,0.000000,0.000000,0.000000
6000.000000,1.000000,66.000000,0.000000,0.000000,0.000000,0.000000,0.000000
6000.000000,1.000000,66.000000,0.000000,0.000000,0.000000,0.000000,0.000000
6000.000000,1.000000,66.000000,0.000000,0.000000,0.000000,0.000000,0.000000
6000.000000,1.000000,66.000000,0.000000,0.000000,0.000000,0.000000,0.000000
6000.000000,1.000000,66.000000,0.000000,0.000000,0.000000,0.000000,0.000000
6000.000000,1.000000,66.000000,0.000000,0.000000,0.000000,0.000000,0.000000
6000.000000,1.000000,66.000000,0.000000,0.000000,0.000000,0.000000,0.000000
6000.000000,1.000000,66.000000,0.000000,0.000000,0.000000,0.000000,0.000000
6000.000000,1.000000,66.000000,0.000000,0.000000,0.000000,0.000000,0.000000
6000.000000,1.000000,66.000000,0.000000,0.000000,0.000000,0.000000,0.000000
6000.000000,1.000000,66.000000,0.000000,0.000000,0.000000,0.000000,0.000000
6000.000000,1.000000,66.000000,0.000000,0.000000,0.000000,0.000000,0.000000
6000.000000,1.000000,66.000000,0.000000,0.000000,0.000000,0.000000,0.000000
6000.000000,1.000000,66.000000,0.000000,0.000000,0.000000,0.000000,0.000000
6000.000000,1.000000,66.000000,0.000000,0.000000,0.000000,0.000000,0.000000
6000.000000,1.000000,66.000000,0.000000,0.000000,0.000000,0.000000,0.000000
6000.000000,1.000000,66.000000,0.000000,0.000000,0.000000,0.000000,0.000000
6000.000000,1.000000,66.000000,0.000000,0.000000,0.000000,0.000000,0.000000
6000.000000,1.000000,66.000000,0.000000,0.000000,0.000000,0.000000,0.000000
6000.000000,1.000000,66.000000,0.000000,0.000000,0.000000,0.000000,0.000000
6000.000000,1.000000,66.000000,0.000000,0.000000,0.000000,0.000000,0.000000
6000.000000,1.000000,66.000000,0.000000,0.000000,0.000000,0.000000,0.000000
6000.000000,1.000000,66.000000,0.000000,0.000000,0.000000,0.000000,0.000000
6000.000000,1.000000,66.000000,0.000000,0.000000,0.000000,0.000000,0.000000
6000.000000,1.000000,66.000000,0.000000,0.000000,0.000000,0.000000,0.000000
6000.000000,1.000000,66.000000,0.000000,0.000000,0.000000,0.000000,0.000000
6000.000000,1.000000,66.000000,0.000000,0.000000,0.000000,0.000000,0.000000
6000.000000,1.000000,66.000000,0.000000,0.000000,0.000000,0.000000,0.000000
6000.000000,1.000000,66.000000,0.000000,0.000000,0.000000,0.000000,0.000000
6000.000000,1.000000,66.000000,0.000000,0.000000,0.000000,0.000000,0.000000
6000.000000,1.000000,66.000000,0.000000,0.000000,0.000000,0.000000,0.000000
6000.000000,1.000000,66.000000,0.000000,0.000000,0.000000,0.000000,0.000000
6000.000000,1.000000,66.000000,0.000000,0.000000,0.000000,0.000000,0.000000
6000.000000,1.000000,66.000000,0.000000,0.000000,0.000000,0.000000,0.000000
6000.000000,1.000000,66.000000,0.000000,0.000000,0.000000,0.000000,0.000000
6000.000000,1.000000,66.000000,0.000000,0.000000,0.000000,0.000000,0.000000
6000.000000,1.000000,66.000000,0.000000,0.000000,0.000000,0.000000,0.000000
6000.000000,1.000000,66.000000,0.000000,0.000000,0.000000,0.000000,0.000000
6000.000000,1.000000,66.000000,0.000000,0.000000,0.000000,0.000000,0.000000
6000.000000,1.000000,66.000000,0.000000,0.000000,0.000000,0.000000,0.000000
6000.000000,1.000000,66.000000,0.000000,0.000000,0.000000,0.000000,0.000000
6000.000000,1.000000,66.000000,0.000000,0.000000,0.000000,0.000000,0.000000
6000.000000,1.000000,66.000000,0.000000,0.000000,0.000000,0.000000,0.000000
6000.000000,1.000000,66.000000,0.000000,0.000000,0.000000,0.000000,0.000000
6000.000000,1.000000,66.000000,0.000000,0.000000,0.000000,0.000000,0.000000
6000.000000,1.000000,66.000000,0.000000,0.000000,0.000000,0.000000,0.000000
6000.000000,1.000000,66.000000,0.000000,0.000000,0.000000,0.000000,0.000000
6000.000000,1.000000,66.000000,0.000000,0.000000,0.000000,0.000000,0.000000
6000.000000,1.000000,66.000000,0.000000,0.000000,0.000000,0.000000,0.000000
6000.000000,1.000000,66.000000,0.000000,0.000000,0.000000,0.000000,0.000000
6000.000000,1.000000,66.000000,0.000000,0.000000,0.000000,0.000000,0.000000
6000.000000,1.000000,66.000000,0.000000,0.000000,0.000000,0.000000,0.000000
6000.000000,1.000000,66.000000,0.000000,0.000000,0.000000,0.000000,0.000000
6000.000000,1.000000,66.000000,0.000000,0.000000,0.000000,0.000000,0.000000
6000.000000,1.000000,66.000000,0.000000,0.000000,0.000000,0.000000,0.000000
6000.000000,1.000000,66.000000,0.000000,0.000000,0.000000,0.000000,0.000000
6000.000000,1.000000,66.000000,0.000000,0.000000,0.000000,0.000000,0.000000
6000.000000,1.000000,66.000000,0.000000,0.000000,0.000000,0.000000,0.000000
6000.000000,1.000000,66.000000,0.000000,0.000000,0.000000,0.000000,0.000000
6000.000000,1.000000,66.000000,0.000000,0.000000,0.000000,0.000000,0.000000
6000.000000,1.000000,66.000000,0.000000,0.000000,0.000000,0.000000,0.000000
6000.000000,1.000000,66.000000,0.000000,0.000000,0.000000,0.000000,0.000000
6000.000000,1.000000,66.000000,0.000000,0.000000,0.000000,0.000000,0.000000
6000.000000,1.000000,66.000000,0.000000,0.000000,0.000000,0.000000,0.000000
6000.000000,1.000000,66.000000,0.000000,0.000000,0.000000,0.000000,0.000000
6000.000000,1.000000,66.000000,0.000000,0.000000,0.000000,0.000000,0.000000
6000.000000,1.000000,66.000000,0.000000,0.000000,0.000000,0.000000,0.000000
6000.000000,1.000000,66.000000,0.000000,0.000000,0.000000,0.000000,0.000000
6000.000000,1.000000,66.000000,0.000000,0.000000,0.000000,0.000000,0.000000
6000.000000,1.000000,66.000000,0.000000,0.000000,0.000000,0.000000,0.000000
6000.000000,1.000000,66.000000,0.000000,0.000000,0.000000,0.000000,0.000000
6000.000000,1.000000,66.000000,0.000000,0.000000,0.000000,0.000000,0.000000
6000.000000,1.000000,66.000000,0.000000,0.000000,0.000000,0.000000,0.000000
6000.000000,1.000000,66.000000,0.000000,0.000000,0.000000,0.000000,0.000000
6000.000000,1.000000,66.000000,0.000000,0.000000,0.000000,0.000000,0.000000
6000.000000,1.000000,66.000000,0.000000,0.000000,0.000000,0.000000,0.000000
6000.000000,1.000000,66.000000,0.000000,0.000000,0.000000,0.000000,0.000000
6000.000000,1.000000,66.000000,0.000000,0.000000,0.000000,0.000000,0.000000
6000.000000,1.000000,66.000000,0.000000,0.000000,0.000000,0.000000,0.000000
6000.000000,1.000000,66.000000,0.000000,0.000000,0.000000,0.000000,0.000000
6000.000000,1.000000,66.000000,0.000000,0.000000,0.000000,0.000000,0.000000
6000.000000,1.000000,66.000000,0.000000,0.000000,0.000000,0.000000,0.000000
6000.000000,1.000000,66.000000,0.000000,0.000000,0.000000,0.000000,0.000000
6000.000000,1.000000,66.000000,0.000000,0.000000,0.000000,0.000000,0.000000
6000.000000,1.000000,66.000000,0.000000,0.000000,0.000000,0.000000,0.000000
6000.000000,1.000000,66.000000,0.000000,0.000000,0.000000,0.000000,0.000000
6000.000000,1.000000,66.000000,0.000000,0.000000,0.000000,0.000000,0.000000
6000.000000,1.000000,66.000000,0.000000,0.000000,0.000000,0.000000,0.000000
6000.000000,1.000000,66.000000,0.000000,0.000000,0.000000,0.000000,0.000000
6000.000000,1.000000,66.000000,0.000000,0.000000,0.000000,0.000000,0.000000
6000.000000,1.000000,66.000000,0.000000,0.000000,0.000000,0.000000,0.000000
6000.000000,1.000000,66.000000,0.000000,0.000000,0.000000,0.000000,0.000000
6000.000000,1.000000,66.000000,0.000000,0.000000,0.000000,0.000000,0.000000
6000.000000,1.000000,66.000000,0.000000,0.000000,0.000000,0.000000,0.000000
6000.000000,1.000000,66.000000,0.000000,0.000000,0.000000,0.000000,0.000000
6000.000000,1.000000,66.000000,0.000000,0.000000,0.000000,0.000000,0.000000
6000.000000,1.000000,66.000000,0.000000,0.000000,0.000000,0.000000,0.000000
6000.000000,1.000000,66.000000,0.000000,0.000000,0.000000,0.000000,0.000000
6000.000000,1.000000,66.000000,0.000000,0.000000,0.000000,0.000000,0.000000
6000.000000,1.000000,66.000000,0.000000,0.000000,0.000000,0.000000,0.000000
6000.000000,1.000000,66.000000,0.000000,0.000000,0.000000,0.000000,0.000000
6000.000000,1.000000,66.000000,0.000000,0.000000,0.000000,0.000000,0.000000
6000.000000,1.000000,66.000000,0.000000,0.000000,0.000000,0.000000,0.000000
6000.000000,1.000000,66.000000,0.000000,0.000000,0.000000,0.000000,0.000000
6000.000000,1.000000,66.000000,0.000000,0.000000,0.000000,0.000000,0.000000
6000.000000,1.000000,66.000000,0.000000,0.000000,0.000000,0.000000,0.000000
6000.000000,1.000000,66.000000,0.000000,0.000000,0.000000,0.000000,0.000000
6000.000000,1.000000,66.000000,0.000000,0.000000,0.000000,0.000000,0.000000
6000.000000,1.000000,66.000000,0.000000,0.000000,0.000000,0.000000,0.000000
6000.000000,1.000000,66.000000,0.000000,0.000000,0.000000,0.000000,0.000000
6000.000000,1.000000,66.000000,0.000000,0.000000,0.000000,0.000000,0.000000
6000.000000,1.000000,66.000000,0.000000,0.000000,0.000000,0.000000,0.000000
6000.000000,1.000000,66.000000,0.000000,0.000000,0.000000,0.000000,0.000000
6000.000000,1.000000,66.000000,0.000000,0.000000,0.000000,0.000000,0.000000
6000.000000,1.000000,66.000000,0.000000,0.000000,0.000000,0.000000,0.000000
6000.000000,1.000000,66.000000,0.000000,0.000000,0.000000,0.000000,0.000000
6000.000000,1.000000,66.000000,0.000000,0.000000,0.000000,0.000000,0.000000
6000.000000,1.000000,66.000000,0.000000,0.000000,0.000000,0.000000,0.000000
6000.000000,1.000000,66.000000,0.000000,0.000000,0.000000,0.000000,0.000000
6000.000000,1.000000,66.000000,0.000000,0.000000,0.000000,0.000000,0.000000
6000.000000,1.000000,66.000000,0.000000,0.000000,0.000000,0.000000,0.000000
6000.000000,1.000000,66.000000,0.000000,0.000000,0.000000,0.000000,0.000000
6000.000000,1.000000,66.000000,0.000000,0.000000,0.000000,0.000000,0.000000
6000.000000,1.000000,66.000000,0.000000,0.000000,0.000000,0.000000,0.000000
6000.000000,1.000000,66.000000,0.000000,0.000000,0.000000,0.000000,0.000000
6000.000000,1.000000,66.000000,0.000000,0.000000,0.000000,0.000000,0.000000
6000.000000,1.000000,66.000000,0.000000,0.000000,0.000000,0.000000,0.000000
6000.000000,1.000000,66.000000,0.000000,0.000000,0.000000,0.000000,0.000000
6000.000000,1.000000,66.000000,0.000000,0.000000,0.000000,0.000000,0.000000
6000.000000,1.000000,66.000000,0.000000,0.000000,0.000000,0.000000,0.000000
6000.000000,1.000000,66.000000,0.000000,0.000000,0.000000,0.000000,0.000000
6000.000000,1.000000,66.000000,0.000000,0.000000,0.000000,0.000000,0.000000
6000.000000,1.000000,66.000000,0.000000,0.000000,0.000000,0.000000,0.000000
6000.000000,1.000000,66.000000,0.000000,0.000000,0.000000,0.000000,0.000000
6000.000000,1.000000,66.000000,0.000000,0.000000,0.000000,0.000000,0.000000
6000.000000,1.000000,66.000000,0.000000,0.000000,0.000000,0.000000,0.000000
6000.000000,1.000000,66.000000,0.000000,0.000000,0.000000,0.000000,0.000000
6000.000000,1.000000,66.000000,0.000000,0.000000,0.000000,0.000000,0.000000
6000.000000,1.000000,66.000000,0.000000,0.000000,0.000000,0.000000,0.000000
6000.000000,1.000000,66.000000,0.000000,0.000000,0.000000,0.000000,0.000000
6000.000000,1.000000,66.000000,0.000000,0.000000,0.000000,0.000000,0.000000
6000.000000,1.000000,66.000000,0.000000,0.000000,0.000000,0.000000,0.000000
6000.000000,1.000000,66.000000,0.000000,0.000000,0.000000,0.000000,0.000000
6000.000000,1.000000,66.000000,0.000000,0.000000,0.000000,0.000000,0.000000
6000.000000,1.000000,66.000000,0.000000,0.000000,0.000000,0.000000,0.000000
6000.000000,1.000000,66.000000,0.000000,0.000000,0.000000,0.000000,0.000000
6000.000000,1.000000,66.000000,0.000000,0.000000,0.000000,0.000000,0.000000
6000.000000,1.000000,66.000000,0.000000,0.000000,0.000000,0.000000,0.000000
6000.000000,1.000000,66.000000,0.000000,0.000000,0.000000,0.000000,0.000000
6000.000000,1.000000,66.000000,0.000000,0.000000,0.000000,0.000000,0.000000
6000.000000,1.000000,66.000000,0.000000,0.000000,0.000000,0.000000,0.000000
6000.000000,1.000000,66.000000,0.000000,0.000000,0.000000,0.000000,0.000000
6000.000000,1.000000,66.000000,0.000000,0.000000,0.000000,0.000000,0.000000
6000.000000,1.000000,66.000000,0.000000,0.000000,0.000000,0.000000,0.000000
6000.000000,1.000000,66.000000,0.000000,0.000000,0.000000,0.000000,0.000000
6000.000000,1.000000,66.000000,0.000000,0.000000,0.000000,0.000000,0.000000
6000.000000,1.000000,66.000000,0.000000,0.000000,0.000000,0.000000,0.000000
6000.000000,1.000000,66.000000,0.000000,0.000000,0.000000,0.000000,0.000000
6000.000000,1.000000,66.000000,0.000000,0.000000,0.000000,0.000000,0.000000
6000.000000,1.000000,66.000000,0.000000,0.000000,0.000000,0.000000,0.000000
6000.000000,1.000000,66.000000,0.000000,0.000000,0.000000,0.000000,0.000000
6000.000000,1.000000,66.000000,0.000000,0.000000,0.000000,0.000000,0.000000
6000.000000,1.000000,66.000000,0.000000,0.000000,0.000000,0.000000,0.000000
6000.000000,1.000000,66.000000,0.000000,0.000000,0.000000,0.000000,0.000000
6000.000000,1.000000,66.000000,1.000000,0.000000,1077.000000,0.000000,0.000000
6000.000000,1.000000,66.000000,1.000000,0.000000,2527.000000,0.000000,0.000000
6000.000000,1.000000,66.000000,1.000000,0.000000,4174.000000,0.000000,0.000000
6000.000000,1.000000,66.000000,1.000000,0.000000,5604.000000,0.000000,0.000000
6000.000000,1.000000,66.000000,1.000000,0.000000,5909.000000,0.000000,0.000000
6000.000000,1.000000,66.000000,1.000000,0.000000,5997.000000,0.000000,0.000000
6000.000000,1.000000,66.000000,1.000000,0.000000,6010.000000,0.000000,0.000000
6000.000000,1.000000,66.000000,1.000000,0.000000,6018.000000,0.000000,0.000000
6000.000000,1.000000,66.000000,1.000000,0.000000,6026.000000,0.000000,0.000000
6000.000000,1.000000,66.000000,1.000000,0.000000,6028.000000,0.000000,0.000000
6000.000000,1.000000,66.000000,1.000000,0.000000,6033.000000,0.000000,0.000000
6000.000000,1.000000,66.000000,1.000000,0.000000,6037.000000,0.000000,0.000000
6000.000000,1.000000,66.000000,1.000000,0.000000,6039.000000,0.000000,0.000000
6000.000000,1.000000,66.000000,1.000000,0.000000,6039.000000,0.000000,0.000000
6000.000000,1.000000,66.000000,1.000000,0.000000,6035.000000,0.000000,0.000000
6000.000000,1.000000,66.000000,1.000000,0.000000,6028.000000,0.000000,0.000000
6000.000000,1.000000,66.000000,1.000000,0.000000,6018.000000,0.000000,0.000000
6000.000000,1.000000,66.000000,1.000000,0.000000,6010.000000,0.000000,0.000000
6000.000000,1.000000,66.000000,1.000000,0.000000,6007.000000,0.000000,0.000000
6000.000000,1.000000,66.000000,1.000000,0.000000,6014.000000,0.000000,0.000000
6000.000000,1.000000,66.000000,1.000000,0.000000,6014.000000,0.000000,0.000000
6000.000000,1.000000,66.000000,1.000000,0.000000,6020.000000,0.000000,0.000000
6000.000000,1.000000,66.000000,1.000000,0.000000,6022.000000,0.000000,0.000000
6000.000000,1.000000,66.000000,1.000000,0.000000,6041.000000,0.000000,0.000000
6000.000000,1.000000,66.000000,1.000000,0.000000,6024.000000,0.000000,0.000000
6000.000000,1.000000,66.000000,1.000000,0.000000,6051.000000,0.000000,-0.002441
6000.000000,1.000000,66.000000,1.000000,0.000000,6047.000000,0.000000,0.000000
6000.000000,1.000000,66.000000,1.000000,0.000000,6045.000000,0.000000,-0.003662
6000.000000,1.000000,66.000000,1.000000,0.000000,6039.000000,40.000000,1.103516
6000.000000,1.000000,66.000000,1.000000,0.000000,6039.000000,40.000000,4.581299
6000.000000,1.000000,66.000000,1.000000,0.000000,6041.000000,40.000000,8.275146
6000.000000,1.000000,66.000000,1.000000,0.000000,6041.000000,40.000000,12.084961
6000.000000,1.000000,66.000000,1.000000,0.000000,6043.000000,40.000000,16.043701
6000.000000,1.000000,66.000000,1.000000,0.000000,6045.000000,40.000000,19.974365
6000.000000,1.000000,66.000000,1.000000,0.000000,6020.000000,40.000000,24.007568
6000.000000,1.000000,66.000000,1.000000,0.000000,6016.000000,40.000000,27.587891
6000.000000,1.000000,66.000000,1.000000,0.000000,6022.000000,40.000000,31.347656
6000.000000,1.000000,66.000000,1.000000,0.000000,6022.000000,40.000000,35.035400
6000.000000,1.000000,66.000000,1.000000,0.000000,6026.000000,40.000000,38.592529
6000.000000,1.000000,66.000000,1.000000,0.000000,6020.000000,40.000000,38.983154
6000.000000,1.000000,66.000000,0.000000,1.000000,5955.000000,40.000000,39.218750
6000.000000,1.000000,66.000000,0.000000,1.000000,5955.000000,40.000000,39.218750
6000.000000,1.000000,66.000000,0.000000,1.000000,5955.000000,40.000000,39.218750
6000.000000,1.000000,66.000000,0.000000,1.000000,5955.000000,40.000000,39.218750
6000.000000,1.000000,66.000000,0.000000,1.000000,5955.000000,40.000000,39.218750
6000.000000,1.000000,66.000000,0.000000,1.000000,5955.000000,40.000000,39.218750
6000.000000,1.000000,66.000000,0.000000,1.000000,5955.000000,40.000000,39.218750
6000.000000,1.000000,66.000000,0.000000,1.000000,5955.000000,40.000000,39.218750
6000.000000,1.000000,66.000000,0.000000,1.000000,5955.000000,40.000000,39.218750
6000.000000,1.000000,66.000000,0.000000,1.000000,5955.000000,40.000000,39.218750
6000.000000,1.000000,66.000000,0.000000,1.000000,5955.000000,40.000000,39.218750
6000.000000,1.000000,66.000000,0.000000,1.000000,5955.000000,40.000000,39.218750
6000.000000,1.000000,66.000000,0.000000,1.000000,5955.000000,40.000000,39.218750
6000.000000,1.000000,66.000000,0.000000,1.000000,5955.000000,40.000000,39.218750
6000.000000,1.000000,66.000000,0.000000,1.000000,5955.000000,40.000000,39.218750
6000.000000,1.000000,66.000000,0.000000,1.000000,5955.000000,40.000000,39.218750
6000.000000,1.000000,66.000000,0.000000,1.000000,5955.000000,40.000000,39.218750
6000.000000,1.000000,66.000000,0.000000,1.000000,5955.000000,40.000000,39.218750
6000.000000,1.000000,66.000000,0.000000,1.000000,5955.000000,40.000000,39.218750
6000.000000,1.000000,66.000000,0.000000,1.000000,5955.000000,40.000000,39.218750
6000.000000,1.000000,66.000000,0.000000,1.000000,5955.000000,40.000000,39.218750
6000.000000,1.000000,66.000000,0.000000,1.000000,5955.000000,40.000000,39.218750
6000.000000,1.000000,66.000000,0.000000,1.000000,5955.000000,40.000000,39.218750
6000.000000,1.000000,66.000000,0.000000,1.000000,5955.000000,40.000000,39.218750
6000.000000,1.000000,66.000000,0.000000,1.000000,5955.000000,40.000000,39.218750
6000.000000,1.000000,66.000000,0.000000,1.000000,5955.000000,40.000000,39.218750
6000.000000,1.000000,66.000000,0.000000,1.000000,5955.000000,40.000000,39.218750
6000.000000,1.000000,66.000000,0.000000,1.000000,5955.000000,40.000000,39.218750
6000.000000,1.000000,66.000000,0.000000,1.000000,5955.000000,40.000000,39.218750
6000.000000,1.000000,66.000000,0.000000,1.000000,5955.000000,40.000000,39.218750
6000.000000,1.000000,66.000000,0.000000,1.000000,5955.000000,40.000000,39.218750
6000.000000,1.000000,66.000000,0.000000,1.000000,5955.000000,40.000000,39.218750
6000.000000,1.000000,66.000000,0.000000,1.000000,5955.000000,40.000000,39.218750
6000.000000,1.000000,66.000000,0.000000,1.000000,5955.000000,40.000000,39.218750
6000.000000,1.000000,66.000000,0.000000,1.000000,5955.000000,40.000000,39.218750
6000.000000,1.000000,66.000000,0.000000,1.000000,5955.000000,40.000000,39.218750
6000.000000,1.000000,66.000000,0.000000,1.000000,5955.000000,40.000000,39.218750
6000.000000,1.000000,66.000000,0.000000,1.000000,5955.000000,40.000000,39.218750
6000.000000,1.000000,66.000000,0.000000,1.000000,5955.000000,40.000000,39.218750
6000.000000,1.000000,66.000000,0.000000,1.000000,5955.000000,40.000000,39.218750
6000.000000,1.000000,66.000000,0.000000,1.000000,5955.000000,40.000000,39.218750
6000.000000,1.000000,66.000000,0.000000,1.000000,5955.000000,40.000000,39.218750
6000.000000,1.000000,66.000000,0.000000,1.000000,5955.000000,40.000000,39.218750
6000.000000,1.000000,66.000000,0.000000,1.000000,5955.000000,40.000000,39.218750
6000.000000,1.000000,66.000000,0.000000,1.000000,5955.000000,40.000000,39.218750
6000.000000,1.000000,66.000000,0.000000,1.000000,5955.000000,40.000000,39.218750
6000.000000,1.000000,66.000000,0.000000,1.000000,5955.000000,40.000000,39.218750
6000.000000,1.000000,66.000000,0.000000,1.000000,5955.000000,40.000000,39.218750
6000.000000,1.000000,66.000000,0.000000,1.000000,5955.000000,40.000000,39.218750
6000.000000,1.000000,66.000000,0.000000,1.000000,5955.000000,40.000000,39.218750
6000.000000,1.000000,66.000000,0.000000,1.000000,5955.000000,40.000000,39.218750
6000.000000,1.000000,66.000000,0.000000,1.000000,5955.000000,40.000000,39.218750
6000.000000,1.000000,66.000000,0.000000,1.000000,5955.000000,40.000000,39.218750
6000.000000,1.000000,66.000000,0.000000,1.000000,5955.000000,40.000000,39.218750
6000.000000,1.000000,66.000000,0.000000,1.000000,5955.000000,40.000000,39.218750
6000.000000,1.000000,66.000000,0.000000,1.000000,5955.000000,40.000000,39.218750
6000.000000,1.000000,66.000000,0.000000,1.000000,5955.000000,40.000000,39.218750
6000.000000,1.000000,66.000000,0.000000,1.000000,5955.000000,40.000000,39.218750
6000.000000,1.000000,66.000000,0.000000,1.000000,5955.000000,40.000000,39.218750
6000.000000,1.000000,66.000000,0.000000,1.000000,5955.000000,40.000000,39.218750
6000.000000,1.000000,66.000000,0.000000,1.000000,5955.000000,40.000000,39.218750
6000.000000,1.000000,66.000000,0.000000,1.000000,5955.000000,40.000000,39.218750
6000.000000,1.000000,66.000000,0.000000,1.000000,5955.000000,40.000000,39.218750
6000.000000,1.000000,66.000000,0.000000,1.000000,5955.000000,40.000000,39.218750
6000.000000,1.000000,66.000000,0.000000,1.000000,5955.000000,40.000000,39.218750
6000.000000,1.000000,66.000000,0.000000,1.000000,5955.000000,40.000000,39.218750
6000.000000,1.000000,66.000000,0.000000,1.000000,5955.000000,40.000000,39.218750
6000.000000,1.000000,66.000000,0.000000,1.000000,5955.000000,40.000000,39.218750
6000.000000,1.000000,66.000000,0.000000,1.000000,5955.000000,40.000000,39.218750
6000.000000,1.000000,66.000000,0.000000,1.000000,5955.000000,40.000000,39.218750
6000.000000,1.000000,66.000000,0.000000,1.000000,5955.000000,40.000000,39.218750
6000.000000,1.000000,66.000000,0.000000,1.000000,5955.000000,40.000000,39.218750
6000.000000,1.000000,66.000000,0.000000,1.000000,5955.000000,40.000000,39.218750
6000.000000,1.000000,66.000000,0.000000,1.000000,5955.000000,40.000000,39.218750
6000.000000,1.000000,66.000000,0.000000,1.000000,5955.000000,40.000000,39.218750
6000.000000,1.000000,66.000000,0.000000,1.000000,5955.000000,40.000000,39.218750
6000.000000,1.000000,66.000000,0.000000,1.000000,5955.000000,40.000000,39.218750
6000.000000,1.000000,66.000000,0.000000,1.000000,5955.000000,40.000000,39.218750
6000.000000,1.000000,66.000000,0.000000,1.000000,5955.000000,40.000000,39.218750
6000.000000,1.000000,66.000000,0.000000,1.000000,5955.000000,40.000000,39.218750
6000.000000,1.000000,66.000000,0.000000,1.000000,5955.000000,40.000000,39.218750
6000.000000,1.000000,66.000000,0.000000,1.000000,5955.000000,40.000000,39.218750
6000.000000,1.000000,66.000000,0.000000,1.000000,5955.000000,40.000000,39.218750
6000.000000,1.000000,66.000000,0.000000,1.000000,5955.000000,40.000000,39.218750
6000.000000,1.000000,66.000000,0.000000,1.000000,5955.000000,40.000000,39.218750
6000.000000,1.000000,66.000000,0.000000,1.000000,5955.000000,40.000000,39.218750
6000.000000,1.000000,66.000000,0.000000,1.000000,5955.000000,40.000000,39.218750
6000.000000,1.000000,66.000000,0.000000,1.000000,5955.000000,40.000000,39.218750
6000.000000,1.000000,66.000000,0.000000,1.000000,5955.000000,40.000000,39.218750
6000.000000,1.000000,66.000000,0.000000,1.000000,5955.000000,40.000000,39.218750
6000.000000,1.000000,66.000000,0.000000,1.000000,5955.000000,40.000000,39.218750
6000.000000,1.000000,66.000000,0.000000,1.000000,5955.000000,40.000000,39.218750
6000.000000,1.000000,66.000000,0.000000,1.000000,5955.000000,40.000000,39.218750
6000.000000,1.000000,66.000000,0.000000,1.000000,5955.000000,40.000000,39.218750
6000.000000,1.000000,66.000000,0.000000,1.000000,5955.000000,40.000000,39.218750
6000.000000,1.000000,66.000000,0.000000,1.000000,5955.000000,40.000000,39.218750
6000.000000,1.000000,66.000000,0.000000,1.000000,5955.000000,40.000000,39.218750
6000.000000,1.000000,66.000000,0.000000,1.000000,5955.000000,40.000000,39.218750
6000.000000,1.000000,66.000000,0.000000,1.000000,5955.000000,40.000000,39.218750
6000.000000,1.000000,66.000000,0.000000,1.000000,5955.000000,40.000000,39.218750
6000.000000,1.000000,66.000000,0.000000,1.000000,5955.000000,40.000000,39.218750
6000.000000,1.000000,66.000000,0.000000,1.000000,5955.000000,40.000000,39.218750
6000.000000,1.000000,66.000000,0.000000,1.000000,5955.000000,40.000000,39.218750
6000.000000,1.000000,66.000000,0.000000,1.000000,5955.000000,40.000000,39.218750
6000.000000,1.000000,66.000000,0.000000,1.000000,5955.000000,40.000000,39.218750
6000.000000,1.000000,66.000000,0.000000,1.000000,5955.000000,40.000000,39.218750
6000.000000,1.000000,66.000000,0.000000,1.000000,5955.000000,40.000000,39.218750
6000.000000,1.000000,66.000000,0.000000,1.000000,5955.000000,40.000000,39.218750
6000.000000,1.000000,66.000000,0.000000,1.000000,5955.000000,40.000000,39.218750
6000.000000,1.000000,66.000000,0.000000,1.000000,5955.000000,40.000000,39.218750
6000.000000,1.000000,66.000000,0.000000,1.000000,5955.000000,40.000000,39.218750
6000.000000,1.000000,66.000000,0.000000,1.000000,5955.000000,40.000000,39.218750
6000.000000,1.000000,66.000000,0.000000,1.000000,5955.000000,40.000000,39.218750
6000.000000,1.000000,66.000000,0.000000,1.000000,5955.000000,40.000000,39.218750
6000.000000,1.000000,66.000000,0.000000,1.000000,5955.000000,40.000000,39.218750
6000.000000,1.000000,66.000000,0.000000,1.000000,5955.000000,40.000000,39.218750
6000.000000,1.000000,66.000000,0.000000,1.000000,5955.000000,40.000000,39.218750
6000.000000,1.000000,66.000000,0.000000,1.000000,5955.000000,40.000000,39.218750
6000.000000,1.000000,66.000000,0.000000,1.000000,5955.000000,40.000000,39.218750
6000.000000,1.000000,66.000000,0.000000,1.000000,5955.000000,40.000000,39.218750
6000.000000,1.000000,66.000000,0.000000,1.000000,5955.000000,40.000000,39.218750
6000.000000,1.000000,66.000000,0.000000,1.000000,5955.000000,40.000000,39.218750
6000.000000,1.000000,66.000000,0.000000,1.000000,5955.000000,40.000000,39.218750
6000.000000,1.000000,66.000000,0.000000,1.000000,5955.000000,40.000000,39.218750
6000.000000,1.000000,66.000000,0.000000,1.000000,5955.000000,40.000000,39.218750
6000.000000,1.000000,66.000000,0.000000,1.000000,5955.000000,40.000000,39.218750
6000.000000,1.000000,66.000000,0.000000,1.000000,5955.000000,40.000000,39.218750
6000.000000,1.000000,66.000000,0.000000,1.000000,5955.000000,40.000000,39.218750
6000.000000,1.000000,66.000000,0.000000,1.000000,5955.000000,40.000000,39.218750
6000.000000,1.000000,66.000000,0.000000,1.000000,5955.000000,40.000000,39.218750
6000.000000,1.000000,66.000000,0.000000,1.000000,5955.000000,40.000000,39.218750
6000.000000,1.000000,66.000000,0.000000,1.000000,5955.000000,40.000000,39.218750
6000.000000,1.000000,66.000000,0.000000,1.000000,5955.000000,40.000000,39.218750
6000.000000,1.000000,66.000000,0.000000,1.000000,5955.000000,40.000000,39.218750
6000.000000,1.000000,66.000000,0.000000,1.000000,5955.000000,40.000000,39.218750
6000.000000,1.000000,66.000000,0.000000,1.000000,5955.000000,40.000000,39.218750
6000.000000,1.000000,66.000000,0.000000,1.000000,5955.000000,40.000000,39.218750
6000.000000,1.000000,66.000000,0.000000,1.000000,5955.000000,40.000000,39.218750
6000.000000,1.000000,66.000000,0.000000,1.000000,5955.000000,40.000000,39.218750
6000.000000,1.000000,66.000000,0.000000,1.000000,5955.000000,40.000000,39.218750
6000.000000,1.000000,66.000000,0.000000,1.000000,5955.000000,40.000000,39.218750
6000.000000,1.000000,66.000000,0.000000,1.000000,5955.000000,40.000000,39.218750
6000.000000,1.000000,66.000000,0.000000,1.000000,5955.000000,40.000000,39.218750
6000.000000,1.000000,66.000000,0.000000,1.000000,5955.000000,40.000000,39.218750
6000.000000,1.000000,66.000000,0.000000,1.000000,5955.000000,40.000000,39.218750
6000.000000,1.000000,66.000000,0.000000,1.000000,5955.000000,40.000000,39.218750
6000.000000,1.000000,66.000000,0.000000,1.000000,5955.000000,40.000000,39.218750
6000.000000,1.000000,66.000000,0.000000,1.000000,5955.000000,40.000000,39.218750
6000.000000,1.000000,66.000000,0.000000,1.000000,5955.000000,40.000000,39.218750
6000.000000,1.000000,66.000000,0.000000,1.000000,5955.000000,40.000000,39.218750
6000.000000,1.000000,66.000000,0.000000,1.000000,5955.000000,40.000000,39.218750
6000.000000,1.000000,66.000000,0.000000,1.000000,5955.000000,40.000000,39.218750
6000.000000,1.000000,66.000000,0.000000,1.000000,5955.000000,40.000000,39.218750
6000.000000,1.000000,66.000000,0.000000,1.000000,5955.000000,40.000000,39.218750
6000.000000,1.000000,66.000000,0.000000,1.000000,5955.000000,40.000000,39.218750
6000.000000,1.000000,66.000000,0.000000,1.000000,5955.000000,40.000000,39.218750
6000.000000,1.000000,66.000000,0.000000,1.000000,5955.000000,40.000000,39.218750
6000.000000,1.000000,66.000000,0.000000,1.000000,5955.000000,40.000000,39.218750
6000.000000,1.000000,66.000000,0.000000,1.000000,5955.000000,40.000000,39.218750
6000.000000,1.000000,66.000000,0.000000,1.000000,5955.000000,40.000000,39.218750
6000.000000,1.000000,66.000000,0.000000,1.000000,5955.000000,40.000000,39.218750
6000.000000,1.000000,66.000000,0.000000,1.000000,5955.000000,40.000000,39.218750
6000.000000,1.000000,66.000000,0.000000,1.000000,5955.000000,40.000000,39.218750
6000.000000,1.000000,66.000000,0.000000,1.000000,5955.000000,40.000000,39.218750
6000.000000,1.000000,66.000000,0.000000,1.000000,5955.000000,40.000000,39.218750
6000.000000,1.000000,66.000000,0.000000,1.000000,5955.000000,40.000000,39.218750
6000.000000,1.000000,66.000000,0.000000,1.000000,5955.000000,40.000000,39.218750
6000.000000,1.000000,66.000000,0.000000,1.000000,5955.000000,40.000000,39.218750
6000.000000,1.000000,66.000000,0.000000,1.000000,5955.000000,40.000000,39.218750
6000.000000,1.000000,66.000000,0.000000,1.000000,5955.000000,40.000000,39.218750
6000.000000,1.000000,66.000000,0.000000,1.000000,5955.000000,40.000000,39.218750
6000.000000,1.000000,66.000000,0.000000,1.000000,5955.000000,40.000000,39.218750
6000.000000,1.000000,66.000000,0.000000,1.000000,5955.000000,40.000000,39.218750
6000.000000,1.000000,66.000000,0.000000,1.000000,5955.000000,40.000000,39.218750
6000.000000,1.000000,66.000000,0.000000,1.000000,5955.000000,40.000000,39.218750
6000.000000,1.000000,66.000000,0.000000,1.000000,5955.000000,40.000000,39.218750
6000.000000,1.000000,66.000000,0.000000,1.000000,5955.000000,40.000000,39.218750
6000.000000,1.000000,66.000000,0.000000,1.000000,5955.000000,40.000000,39.218750
6000.000000,1.000000,66.000000,0.000000,1.000000,5955.000000,40.000000,39.218750
6000.000000,1.000000,66.000000,0.000000,1.000000,5955.000000,40.000000,39.218750
6000.000000,1.000000,66.000000,0.000000,1.000000,5955.000000,40.000000,39.218750
6000.000000,1.000000,66.000000,0.000000,1.000000,5955.000000,40.000000,39.218750
6000.000000,1.000000,66.000000,0.000000,1.000000,5955.000000,40.000000,39.218750
6000.000000,1.000000,66.000000,0.000000,1.000000,5955.000000,40.000000,39.218750
6000.000000,1.000000,66.000000,0.000000,1.000000,5955.000000,40.000000,39.218750
6000.000000,1.000000,66.000000,0.000000,1.000000,5955.000000,40.000000,39.218750
6000.000000,1.000000,66.000000,0.000000,1.000000,5955.000000,40.000000,39.218750
6000.000000,1.000000,66.000000,0.000000,1.000000,5955.000000,40.000000,39.218750
6000.000000,1.000000,66.000000,0.000000,1.000000,5955.000000,40.000000,39.218750
6000.000000,1.000000,66.000000,0.000000,1.000000,5955.000000,40.000000,39.218750
6000.000000,1.000000,66.000000,0.000000,1.000000,5955.000000,40.000000,39.218750
6000.000000,1.000000,66.000000,0.000000,1.000000,5955.000000,40.000000,39.218750
6000.000000,1.000000,66.000000,0.000000,1.000000,5955.000000,40.000000,39.218750
6000.000000,1.000000,66.000000,0.000000,1.000000,5955.000000,40.000000,39.218750
6000.000000,1.000000,66.000000,0.000000,1.000000,5955.000000,40.000000,39.218750
6000.000000,1.000000,66.000000,0.000000,1.000000,5955.000000,40.000000,39.218750
6000.000000,1.000000,66.000000,0.000000,1.000000,5955.000000,40.000000,39.218750
6000.000000,1.000000,66.000000,0.000000,1.000000,5955.000000,40.000000,39.218750
6000.000000,1.000000,66.000000,0.000000,1.000000,5955.000000,40.000000,39.218750
6000.000000,1.000000,66.000000,0.000000,1.000000,5955.000000,40.000000,39.218750
6000.000000,1.000000,66.000000,0.000000,1.000000,5955.000000,40.000000,39.218750
6000.000000,1.000000,66.000000,0.000000,1.000000,5955.000000,40.000000,39.218750
6000.000000,1.000000,66.000000,0.000000,1.000000,5955.000000,40.000000,39.218750
6000.000000,1.000000,66.000000,0.000000,1.000000,5955.000000,40.000000,39.218750
6000.000000,1.000000,66.000000,0.000000,1.000000,5955.000000,40.000000,39.218750
6000.000000,1.000000,66.000000,0.000000,1.000000,5955.000000,40.000000,39.218750
6000.000000,1.000000,66.000000,0.000000,1.000000,5955.000000,40.000000,39.218750
6000.000000,1.000000,66.000000,0.000000,1.000000,5955.000000,40.000000,39.218750
6000.000000,1.000000,66.000000,0.000000,1.000000,5955.000000,40.000000,39.218750
6000.000000,1.000000,66.000000,0.000000,1.000000,5955.000000,40.000000,39.218750
6000.000000,1.000000,66.000000,0.000000,1.000000,5955.000000,40.000000,39.218750
6000.000000,1.000000,66.000000,0.000000,1.000000,5955.000000,40.000000,39.218750
6000.000000,1.000000,66.000000,0.000000,1.000000,5955.000000,40.000000,39.218750
6000.000000,1.000000,66.000000,0.000000,1.000000,5955.000000,40.000000,39.218750
6000.000000,1.000000,66.000000,0.000000,1.000000,5955.000000,40.000000,39.218750
6000.000000,1.000000,66.000000,0.000000,1.000000,5955.000000,40.000000,39.218750
6000.000000,1.000000,66.000000,0.000000,1.000000,5955.000000,40.000000,39.218750
6000.000000,1.000000,66.000000,0.000000,1.000000,5955.000000,40.000000,39.218750
6000.000000,1.000000,66.000000,0.000000,1.000000,5955.000000,40.000000,39.218750
6000.000000,1.000000,66.000000,0.000000,1.000000,5955.000000,40.000000,39.218750
6000.000000,1.000000,66.000000,0.000000,1.000000,5955.000000,40.000000,39.218750
6000.000000,1.000000,66.000000,0.000000,1.000000,5955.000000,40.000000,39.218750
6000.000000,1.000000,66.000000,0.000000,1.000000,5955.000000,40.000000,39.218750
6000.000000,1.000000,66.000000,0.000000,1.000000,5955.000000,40.000000,39.218750
6000.000000,1.000000,66.000000,0.000000,1.000000,5955.000000,40.000000,39.218750
6000.000000,1.000000,66.000000,0.000000,1.000000,5955.000000,40.000000,39.218750
6000.000000,1.000000,66.000000,0.000000,1.000000,5955.000000,40.000000,39.218750
6000.000000,1.000000,66.000000,0.000000,1.000000,5955.000000,40.000000,39.218750
6000.000000,1.000000,66.000000,0.000000,1.000000,5955.000000,40.000000,39.218750
6000.000000,1.000000,66.000000,0.000000,1.000000,5955.000000,40.000000,39.218750
6000.000000,1.000000,66.000000,0.000000,1.000000,5955.000000,40.000000,39.218750
6000.000000,1.000000,66.000000,0.000000,1.000000,5955.000000,40.000000,39.218750
6000.000000,1.000000,66.000000,0.000000,1.000000,5955.000000,40.000000,39.218750
6000.000000,1.000000,66.000000,0.000000,1.000000,5955.000000,40.000000,39.218750
6000.000000,1.000000,66.000000,0.000000,1.000000,5955.000000,40.000000,39.218750
6000.000000,1.000000,66.000000,0.000000,1.000000,5955.000000,40.000000,39.218750
6000.000000,1.000000,66.000000,0.000000,1.000000,5955.000000,40.000000,39.218750
6000.000000,1.000000,66.000000,0.000000,1.000000,5955.000000,40.000000,39.218750
6000.000000,1.000000,66.000000,0.000000,1.000000,5955.000000,40.000000,39.218750
6000.000000,1.000000,66.000000,0.000000,1.000000,5955.000000,40.000000,39.218750
6000.000000,1.000000,66.000000,0.000000,1.000000,5955.000000,40.000000,39.218750
6000.000000,1.000000,66.000000,0.000000,1.000000,5955.000000,40.000000,39.218750
6000.000000,1.000000,66.000000,0.000000,1.000000,5955.000000,40.000000,39.218750
6000.000000,1.000000,66.000000,0.000000,1.000000,5955.000000,40.000000,39.218750
6000.000000,1.000000,66.000000,0.000000,1.000000,5955.000000,40.000000,39.218750
6000.000000,1.000000,66.000000,0.000000,1.000000,5955.000000,40.000000,39.218750
6000.000000,1.000000,66.000000,0.000000,1.000000,5955.000000,40.000000,39.218750
6000.000000,1.000000,66.000000,0.000000,1.000000,5955.000000,40.000000,39.218750
6000.000000,1.000000,66.000000,0.000000,1.000000,5955.000000,40.000000,39.218750
6000.000000,1.000000,66.000000,0.000000,1.000000,5955.000000,40.000000,39.218750
6000.000000,1.000000,66.000000,0.000000,1.000000,5955.000000,40.000000,39.218750
6000.000000,1.000000,66.000000,0.000000,1.000000,5955.000000,40.000000,39.218750
6000.000000,1.000000,66.000000,0.000000,1.000000,5955.000000,40.000000,39.218750
6000.000000,1.000000,66.000000,0.000000,1.000000,5955.000000,40.000000,39.218750
6000.000000,1.000000,66.000000,0.000000,1.000000,5955.000000,40.000000,39.218750
6000.000000,1.000000,66.000000,0.000000,1.000000,5955.000000,40.000000,39.218750
6000.000000,1.000000,66.000000,0.000000,1.000000,5955.000000,40.000000,39.218750
6000.000000,1.000000,66.000000,0.000000,1.000000,5955.000000,40.000000,39.218750
6000.000000,1.000000,66.000000,0.000000,1.000000,5955.000000,40.000000,39.218750
6000.000000,1.000000,66.000000,0.000000,1.000000,5955.000000,40.000000,39.218750
6000.000000,1.000000,66.000000,0.000000,1.000000,5955.000000,40.000000,39.218750
6000.000000,1.000000,66.000000,0.000000,1.000000,5955.000000,40.000000,39.218750
6000.000000,1.000000,66.000000,0.000000,1.000000,5955.000000,40.000000,39.218750
6000.000000,1.000000,66.000000,0.000000,1.000000,5955.000000,40.000000,39.218750
6000.000000,1.000000,66.000000,0.000000,1.000000,5955.000000,40.000000,39.218750
6000.000000,1.000000,66.000000,0.000000,1.000000,5955.000000,40.000000,39.218750
6000.000000,1.000000,66.000000,0.000000,1.000000,5955.000000,40.000000,39.218750
6000.000000,1.000000,66.000000,0.000000,1.000000,5955.000000,40.000000,39.218750
6000.000000,1.000000,66.000000,0.000000,1.000000,5955.000000,40.000000,39.218750
6000.000000,1.000000,66.000000,0.000000,1.000000,5955.000000,40.000000,39.218750
6000.000000,1.000000,66.000000,0.000000,1.000000,5955.000000,40.000000,39.218750
6000.000000,1.000000,66.000000,0.000000,1.000000,5955.000000,40.000000,39.218750
6000.000000,1.000000,66.000000,0.000000,1.000000,5955.000000,40.000000,39.218750
6000.000000,1.000000,66.000000,0.000000,1.000000,5955.000000,40.000000,39.218750
6000.000000,1.000000,66.000000,0.000000,1.000000,5955.000000,40.000000,39.218750
6000.000000,1.000000,66.000000,0.000000,1.000000,5955.000000,40.000000,39.218750
6000.000000,1.000000,66.000000,0.000000,1.000000,5955.000000,40.000000,39.218750
6000.000000,1.000000,66.000000,0.000000,1.000000,5955.000000,40.000000,39.218750
6000.000000,1.000000,66.000000,0.000000,1.000000,5955.000000,40.000000,39.218750
6000.000000,1.000000,66.000000,0.000000,1.000000,5955.000000,40.000000,39.218750
6000.000000,1.000000,66.000000,0.000000,1.000000,5955.000000,40.000000,39.218750
6000.000000,1.000000,66.000000,0.000000,1.000000,5955.000000,40.000000,39.218750
6000.000000,1.000000,66.000000,0.000000,1.000000,5955.000000,40.000000,39.218750
6000.000000,1.000000,66.000000,0.000000,1.000000,5955.000000,40.000000,39.218750
6000.000000,1.000000,66.000000,0.000000,1.000000,5955.000000,40.000000,39.218750
6000.000000,1.000000,66.000000,0.000000,1.000000,5955.000000,40.000000,39.218750
6000.000000,1.000000,66.000000,0.000000,1.000000,5955.000000,40.000000,39.218750
6000.000000,1.000000,66.000000,0.000000,1.000000,5955.000000,40.000000,39.218750
6000.000000,1.000000,66.000000,0.000000,1.000000,5955.000000,40.000000,39.218750
6000.000000,1.000000,66.000000,0.000000,1.000000,5955.000000,40.000000,39.218750
6000.000000,1.000000,66.000000,0.000000,1.000000,5955.000000,40.000000,39.218750
6000.000000,1.000000,66.000000,0.000000,1.000000,5955.000000,40.000000,39.218750
6000.000000,1.000000,66.000000,0.000000,1.000000,5955.000000,40.000000,39.218750
6000.000000,1.000000,66.000000,0.000000,1.000000,5955.000000,40.000000,39.218750
6000.000000,1.000000,66.000000,0.000000,1.000000,5955.000000,40.000000,39.218750
6000.000000,1.000000,66.000000,0.000000,1.000000,5955.000000,40.000000,39.218750
6000.000000,1.000000,66.000000,0.000000,1.000000,5955.000000,40.000000,39.218750
6000.000000,1.000000,66.000000,0.000000,1.000000,5955.000000,40.000000,39.218750
6000.000000,1.000000,66.000000,0.000000,1.000000,5955.000000,40.000000,39.218750
6000.000000,1.000000,66.000000,0.000000,1.000000,5955.000000,40.000000,39.218750
6000.000000,1.000000,66.000000,0.000000,1.000000,5955.000000,40.000000,39.218750
6000.000000,1.000000,66.000000,0.000000,1.000000,5955.000000,40.000000,39.218750
6000.000000,1.000000,66.000000,0.000000,1.000000,5955.000000,40.000000,39.218750
6000.000000,1.000000,66.000000,0.000000,1.000000,5955.000000,40.000000,39.218750
6000.000000,1.000000,66.000000,0.000000,1.000000,5955.000000,40.000000,39.218750
6000.000000,1.000000,66.000000,0.000000,1.000000,5955.000000,40.000000,39.218750
6000.000000,1.000000,66.000000,0.000000,1.000000,5955.000000,40.000000,39.218750
6000.000000,1.000000,66.000000,0.000000,1.000000,5955.000000,40.000000,39.218750
6000.000000,1.000000,66.000000,0.000000,1.000000,5955.000000,40.000000,39.218750
6000.000000,1.000000,66.000000,0.000000,1.000000,5955.000000,40.000000,39.218750
6000.000000,1.000000,66.000000,0.000000,1.000000,5955.000000,40.000000,39.218750
6000.000000,1.000000,66.000000,0.000000,1.000000,5955.000000,40.000000,39.218750
6000.000000,1.000000,66.000000,0.000000,1.000000,5955.000000,40.000000,39.218750
6000.000000,1.000000,66.000000,0.000000,1.000000,5955.000000,40.000000,39.218750
6000.000000,1.000000,66.000000,0.000000,1.000000,5955.000000,40.000000,39.218750
6000.000000,1.000000,66.000000,0.000000,1.000000,5955.000000,40.000000,39.218750
6000.000000,1.000000,66.000000,0.000000,1.000000,5955.000000,40.000000,39.218750
6000.000000,1.000000,66.000000,0.000000,1.000000,5955.000000,40.000000,39.218750
6000.000000,1.000000,66.000000,0.000000,1.000000,5955.000000,40.000000,39.218750
6000.000000,1.000000,66.000000,0.000000,1.000000,5955.000000,40.000000,39.218750
6000.000000,1.000000,66.000000,0.000000,1.000000,5955.000000,40.000000,39.218750
6000.000000,1.000000,66.000000,0.000000,1.000000,5955.000000,40.000000,39.218750
6000.000000,1.000000,66.000000,0.000000,1.000000,5955.000000,40.000000,39.218750
6000.000000,1.000000,66.000000,0.000000,1.000000,5955.000000,40.000000,39.218750
6000.000000,1.000000,66.000000,0.000000,1.000000,5955.000000,40.000000,39.218750
6000.000000,1.000000,66.000000,0.000000,1.000000,5955.000000,40.000000,39.218750
6000.000000,1.000000,66.000000,0.000000,1.000000,5955.000000,40.000000,39.218750
6000.000000,1.000000,66.000000,0.000000,1.000000,5955.000000,40.000000,39.218750
6000.000000,1.000000,66.000000,0.000000,1.000000,5955.000000,40.000000,39.218750
6000.000000,1.000000,66.000000,0.000000,1.000000,5955.000000,40.000000,39.218750
6000.000000,1.000000,66.000000,0.000000,1.000000,5955.000000,40.000000,39.218750
6000.000000,1.000000,66.000000,0.000000,1.000000,5955.000000,40.000000,39.218750
6000.000000,1.000000,66.000000,0.000000,1.000000,5955.000000,40.000000,39.218750
6000.000000,1.000000,66.000000,0.000000,1.000000,5955.000000,40.000000,39.218750
6000.000000,1.000000,66.000000,0.000000,1.000000,5955.000000,40.000000,39.218750
6000.000000,1.000000,66.000000,0.000000,1.000000,5955.000000,40.000000,39.218750
6000.000000,1.000000,66.000000,0.000000,1.000000,5955.000000,40.000000,39.218750
6000.000000,1.000000,66.000000,0.000000,1.000000,5955.000000,40.000000,39.218750
6000.000000,1.000000,66.000000,0.000000,1.000000,5955.000000,40.000000,39.218750
6000.000000,1.000000,66.000000,0.000000,1.000000,5955.000000,40.000000,39.218750
6000.000000,1.000000,66.000000,0.000000,1.000000,5955.000000,40.000000,39.218750
6000.000000,1.000000,66.000000,0.000000,1.000000,5955.000000,40.000000,39.218750
6000.000000,1.000000,66.000000,0.000000,1.000000,5955.000000,40.000000,39.218750
6000.000000,1.000000,66.000000,0.000000,1.000000,5955.000000,40.000000,39.218750
6000.000000,1.000000,66.000000,0.000000,1.000000,5955.000000,40.000000,39.218750
6000.000000,1.000000,66.000000,0.000000,1.000000,5955.000000,40.000000,39.218750
6000.000000,1.000000,66.000000,0.000000,1.000000,5955.000000,40.000000,39.218750
6000.000000,1.000000,66.000000,0.000000,1.000000,5955.000000,40.000000,39.218750
6000.000000,1.000000,66.000000,0.000000,1.000000,5955.000000,40.000000,39.218750
6000.000000,1.000000,66.000000,0.000000,1.000000,5955.000000,40.000000,39.218750
6000.000000,1.000000,66.000000,0.000000,1.000000,5955.000000,40.000000,39.218750
6000.000000,1.000000,66.000000,0.000000,1.000000,5955.000000,40.000000,39.218750
6000.000000,1.000000,66.000000,0.000000,1.000000,5955.000000,40.000000,39.218750
6000.000000,1.000000,66.000000,0.000000,1.000000,5955.000000,40.000000,39.218750
6000.000000,1.000000,66.000000,0.000000,1.000000,5955.000000,40.000000,39.218750
6000.000000,1.000000,66.000000,0.000000,1.000000,5955.000000,40.000000,39.218750
6000.000000,1.000000,66.000000,0.000000,1.000000,5955.000000,40.000000,39.218750
6000.000000,1.000000,66.000000,0.000000,1.000000,5955.000000,40.000000,39.218750
6000.000000,1.000000,66.000000,0.000000,1.000000,5955.000000,40.000000,39.218750
6000.000000,1.000000,66.000000,0.000000,1.000000,5955.000000,40.000000,39.218750
6000.000000,1.000000,66.000000,0.000000,1.000000,5955.000000,40.000000,39.218750
6000.000000,1.000000,66.000000,0.000000,1.000000,5955.000000,40.000000,39.218750
6000.000000,1.000000,66.000000,0.000000,1.000000,5955.000000,40.000000,39.218750
6000.000000,1.000000,66.000000,0.000000,1.000000,5955.000000,40.000000,39.218750
6000.000000,1.000000,66.000000,0.000000,1.000000,5955.000000,40.000000,39.218750
6000.000000,1.000000,66.000000,0.000000,1.000000,5955.000000,40.000000,39.218750
6000.000000,1.000000,66.000000,0.000000,1.000000,5955.000000,40.000000,39.218750
6000.000000,1.000000,66.000000,0.000000,1.000000,5955.000000,40.000000,39.218750
6000.000000,1.000000,66.000000,0.000000,1.000000,5955.000000,40.000000,39.218750
6000.000000,1.000000,66.000000,0.000000,1.000000,5955.000000,40.000000,39.218750
6000.000000,1.000000,66.000000,0.000000,1.000000,5955.000000,40.000000,39.218750
6000.000000,1.000000,66.000000,0.000000,1.000000,5955.000000,40.000000,39.218750
6000.000000,1.000000,66.000000,0.000000,1.000000,5955.000000,40.000000,39.218750
6000.000000,1.000000,66.000000,0.000000,1.000000,5955.000000,40.000000,39.218750
6000.000000,1.000000,66.000000,0.000000,1.000000,5955.000000,40.000000,39.218750
6000.000000,1.000000,66.000000,0.000000,1.000000,5955.000000,40.000000,39.218750
6000.000000,1.000000,66.000000,0.000000,1.000000,5955.000000,40.000000,39.218750
6000.000000,1.000000,66.000000,1.000000,0.000000,613.000000,0.000000,0.000000
6000.000000,1.000000,66.000000,1.000000,0.000000,2138.000000,0.000000,0.000000
6000.000000,1.000000,66.000000,1.000000,0.000000,3735.000000,0.000000,0.000000
6000.000000,1.000000,66.000000,1.000000,0.000000,5447.000000,0.000000,0.000000
6000.000000,1.000000,66.000000,1.000000,0.000000,5894.000000,0.000000,0.000000
6000.000000,1.000000,66.000000,1.000000,0.000000,5993.000000,0.000000,0.000000
6000.000000,1.000000,66.000000,1.000000,0.000000,6022.000000,0.000000,0.000000
6000.000000,1.000000,66.000000,1.000000,0.000000,6024.000000,0.000000,0.000000
6000.000000,1.000000,66.000000,1.000000,0.000000,6037.000000,0.000000,0.000000
6000.000000,1.000000,66.000000,1.000000,0.000000,6035.000000,0.000000,0.000000
6000.000000,1.000000,66.000000,1.000000,0.000000,6039.000000,0.000000,0.000000
6000.000000,1.000000,66.000000,1.000000,0.000000,6033.000000,0.000000,0.000000
6000.000000,1.000000,66.000000,1.000000,0.000000,6028.000000,0.000000,0.000000
6000.000000,1.000000,66.000000,1.000000,0.000000,6022.000000,0.000000,0.000000
6000.000000,1.000000,66.000000,1.000000,0.000000,6020.000000,0.000000,0.000000
6000.000000,1.000000,66.000000,1.000000,0.000000,6020.000000,0.000000,0.000000
6000.000000,1.000000,66.000000,1.000000,0.000000,6020.000000,0.000000,0.000000
6000.000000,1.000000,66.000000,1.000000,0.000000,6012.000000,0.000000,0.000000
6000.000000,1.000000,66.000000,1.000000,0.000000,6020.000000,0.000000,0.000000
6000.000000,1.000000,66.000000,1.000000,0.000000,6030.000000,0.000000,0.000000
6000.000000,1.000000,66.000000,1.000000,0.000000,6035.000000,0.000000,0.000000
6000.000000,1.000000,66.000000,1.000000,0.000000,6039.000000,0.000000,0.000000
6000.000000,1.000000,66.000000,1.000000,0.000000,6039.000000,0.000000,0.000000
6000.000000,1.000000,66.000000,1.000000,0.000000,5972.000000,0.000000,0.000000
6000.000000,1.000000,66.000000,1.000000,0.000000,5966.000000,0.000000,0.000000
6000.000000,1.000000,66.000000,1.000000,0.000000,5970.000000,0.000000,0.020752
6000.000000,1.000000,66.000000,1.000000,0.000000,6001.000000,0.000000,0.000000
6000.000000,1.000000,66.000000,1.000000,0.000000,5999.000000,0.000000,0.000000
6000.000000,1.000000,66.000000,1.000000,0.000000,6005.000000,0.000000,0.000000
6000.000000,1.000000,66.000000,1.000000,0.000000,6012.000000,0.000000,0.000000
6000.000000,1.000000,66.000000,1.000000,0.000000,6012.000000,0.000000,0.000000
6000.000000,1.000000,66.000000,1.000000,0.000000,6014.000000,0.000000,-0.001221
6000.000000,1.000000,66.000000,1.000000,0.000000,6012.000000,0.000000,0.002441
6000.000000,1.000000,66.000000,1.000000,0.000000,6007.000000,0.000000,0.002441
6000.000000,1.000000,66.000000,1.000000,0.000000,6003.000000,40.000000,0.002441
6000.000000,1.000000,66.000000,1.000000,0.000000,5999.000000,40.000000,2.812500
6000.000000,1.000000,66.000000,1.000000,0.000000,5961.000000,40.000000,6.434326
6000.000000,1.000000,66.000000,1.000000,0.000000,5957.000000,40.000000,10.205078
6000.000000,1.000000,66.000000,1.000000,0.000000,5961.000000,40.000000,13.956299
6000.000000,1.000000,66.000000,1.000000,0.000000,5968.000000,40.000000,17.873535
6000.000000,1.000000,66.000000,1.000000,0.000000,5978.000000,40.000000,21.726074
6000.000000,1.000000,66.000000,1.000000,0.000000,5982.000000,40.000000,25.445557
6000.000000,1.000000,66.000000,1.000000,0.000000,5984.000000,40.000000,29.379883
6000.000000,1.000000,66.000000,1.000000,0.000000,5980.000000,40.000000,32.938232
6000.000000,1.000000,66.000000,1.000000,0.000000,5991.000000,40.000000,36.632080
6000.000000,1.000000,66.000000,1.000000,0.000000,5993.000000,40.000000,39.067383
6000.000000,1.000000,66.000000,0.000000,1.000000,5999.000000,40.000000,39.204102
6000.000000,1.000000,66.000000,0.000000,1.000000,5999.000000,40.000000,39.204102
6000.000000,1.000000,66.000000,0.000000,1.000000,5999.000000,40.000000,39.204102
6000.000000,1.000000,66.000000,0.000000,1.000000,5999.000000,40.000000,39.204102
6000.000000,1.000000,66.000000,0.000000,1.000000,5999.000000,40.000000,39.204102
6000.000000,1.000000,66.000000,0.000000,1.000000,5999.000000,40.000000,39.204102
6000.000000,1.000000,66.000000,0.000000,1.000000,5999.000000,40.000000,39.204102
6000.000000,1.000000,66.000000,0.000000,1.000000,5999.000000,40.000000,39.204102
6000.000000,1.000000,66.000000,0.000000,1.000000,5999.000000,40.000000,39.204102
6000.000000,1.000000,66.000000,0.000000,1.000000,5999.000000,40.000000,39.204102
6000.000000,1.000000,66.000000,0.000000,1.000000,5999.000000,40.000000,39.204102
6000.000000,1.000000,66.000000,0.000000,1.000000,5999.000000,40.000000,39.204102
6000.000000,1.000000,66.000000,0.000000,1.000000,5999.000000,40.000000,39.204102
6000.000000,1.000000,66.000000,0.000000,1.000000,5999.000000,40.000000,39.204102
6000.000000,1.000000,66.000000,0.000000,1.000000,5999.000000,40.000000,39.204102
6000.000000,1.000000,66.000000,0.000000,1.000000,5999.000000,40.000000,39.204102
6000.000000,1.000000,66.000000,0.000000,1.000000,5999.000000,40.000000,39.204102
6000.000000,1.000000,66.000000,0.000000,1.000000,5999.000000,40.000000,39.204102
6000.000000,1.000000,66.000000,0.000000,1.000000,5999.000000,40.000000,39.204102
6000.000000,1.000000,66.000000,0.000000,1.000000,5999.000000,40.000000,39.204102
6000.000000,1.000000,66.000000,0.000000,1.000000,5999.000000,40.000000,39.204102
6000.000000,1.000000,66.000000,0.000000,1.000000,5999.000000,40.000000,39.204102
6000.000000,1.000000,66.000000,0.000000,1.000000,5999.000000,40.000000,39.204102
6000.000000,1.000000,66.000000,0.000000,1.000000,5999.000000,40.000000,39.204102
6000.000000,1.000000,66.000000,0.000000,1.000000,5999.000000,40.000000,39.204102
6000.000000,1.000000,66.000000,0.000000,1.000000,5999.000000,40.000000,39.204102
6000.000000,1.000000,66.000000,0.000000,1.000000,5999.000000,40.000000,39.204102
6000.000000,1.000000,66.000000,0.000000,1.000000,5999.000000,40.000000,39.204102
6000.000000,1.000000,66.000000,0.000000,1.000000,5999.000000,40.000000,39.204102
6000.000000,1.000000,66.000000,0.000000,1.000000,5999.000000,40.000000,39.204102
6000.000000,1.000000,66.000000,0.000000,1.000000,5999.000000,40.000000,39.204102
6000.000000,1.000000,66.000000,0.000000,1.000000,5999.000000,40.000000,39.204102
6000.000000,1.000000,66.000000,0.000000,1.000000,5999.000000,40.000000,39.204102
6000.000000,1.000000,66.000000,0.000000,1.000000,5999.000000,40.000000,39.204102
6000.000000,1.000000,66.000000,0.000000,1.000000,5999.000000,40.000000,39.204102
6000.000000,1.000000,66.000000,0.000000,1.000000,5999.000000,40.000000,39.204102
6000.000000,1.000000,66.000000,0.000000,1.000000,5999.000000,40.000000,39.204102
6000.000000,1.000000,66.000000,0.000000,1.000000,5999.000000,40.000000,39.204102
6000.000000,1.000000,66.000000,0.000000,1.000000,5999.000000,40.000000,39.204102
6000.000000,1.000000,66.000000,0.000000,1.000000,5999.000000,40.000000,39.204102
6000.000000,1.000000,66.000000,0.000000,1.000000,5999.000000,40.000000,39.204102
6000.000000,1.000000,66.000000,0.000000,1.000000,5999.000000,40.000000,39.204102
6000.000000,1.000000,66.000000,0.000000,1.000000,5999.000000,40.000000,39.204102
6000.000000,1.000000,66.000000,0.000000,1.000000,5999.000000,40.000000,39.204102
6000.000000,1.000000,66.000000,0.000000,1.000000,5999.000000,40.000000,39.204102
6000.000000,1.000000,66.000000,0.000000,1.000000,5999.000000,40.000000,39.204102
6000.000000,1.000000,66.000000,0.000000,1.000000,5999.000000,40.000000,39.204102
6000.000000,1.000000,66.000000,0.000000,1.000000,5999.000000,40.000000,39.204102
6000.000000,1.000000,66.000000,0.000000,1.000000,5999.000000,40.000000,39.204102
6000.000000,1.000000,66.000000,0.000000,1.000000,5999.000000,40.000000,39.204102
6000.000000,1.000000,66.000000,0.000000,1.000000,5999.000000,40.000000,39.204102
6000.000000,1.000000,66.000000,0.000000,1.000000,5999.000000,40.000000,39.204102
6000.000000,1.000000,66.000000,0.000000,1.000000,5999.000000,40.000000,39.204102
6000.000000,1.000000,66.000000,0.000000,1.000000,5999.000000,40.000000,39.204102
6000.000000,1.000000,66.000000,0.000000,1.000000,5999.000000,40.000000,39.204102
6000.000000,1.000000,66.000000,0.000000,1.000000,5999.000000,40.000000,39.204102
6000.000000,1.000000,66.000000,0.000000,1.000000,5999.000000,40.000000,39.204102
6000.000000,1.000000,66.000000,0.000000,1.000000,5999.000000,40.000000,39.204102
6000.000000,1.000000,66.000000,0.000000,1.000000,5999.000000,40.000000,39.204102
6000.000000,1.000000,66.000000,0.000000,1.000000,5999.000000,40.000000,39.204102
6000.000000,1.000000,66.000000,0.000000,1.000000,5999.000000,40.000000,39.204102
6000.000000,1.000000,66.000000,0.000000,1.000000,5999.000000,40.000000,39.204102
6000.000000,1.000000,66.000000,0.000000,1.000000,5999.000000,40.000000,39.204102
6000.000000,1.000000,66.000000,0.000000,1.000000,5999.000000,40.000000,39.204102
6000.000000,1.000000,66.000000,0.000000,1.000000,5999.000000,40.000000,39.204102
6000.000000,1.000000,66.000000,0.000000,1.000000,5999.000000,40.000000,39.204102
6000.000000,1.000000,66.000000,0.000000,1.000000,5999.000000,40.000000,39.204102
6000.000000,1.000000,66.000000,0.000000,1.000000,5999.000000,40.000000,39.204102
6000.000000,1.000000,66.000000,0.000000,1.000000,5999.000000,40.000000,39.204102
6000.000000,1.000000,66.000000,0.000000,1.000000,5999.000000,40.000000,39.204102
6000.000000,1.000000,66.000000,0.000000,1.000000,5999.000000,40.000000,39.204102
6000.000000,1.000000,66.000000,0.000000,1.000000,5999.000000,40.000000,39.204102
6000.000000,1.000000,66.000000,0.000000,1.000000,5999.000000,40.000000,39.204102
6000.000000,1.000000,66.000000,0.000000,1.000000,5999.000000,40.000000,39.204102
6000.000000,1.000000,66.000000,0.000000,1.000000,5999.000000,40.000000,39.204102
6000.000000,1.000000,66.000000,0.000000,1.000000,5999.000000,40.000000,39.204102
6000.000000,1.000000,66.000000,0.000000,1.000000,5999.000000,40.000000,39.204102
6000.000000,1.000000,66.000000,0.000000,1.000000,5999.000000,40.000000,39.204102
6000.000000,1.000000,66.000000,0.000000,1.000000,5999.000000,40.000000,39.204102
6000.000000,1.000000,66.000000,0.000000,1.000000,5999.000000,40.000000,39.204102
6000.000000,1.000000,66.000000,0.000000,1.000000,5999.000000,40.000000,39.204102
6000.000000,1.000000,66.000000,0.000000,1.000000,5999.000000,40.000000,39.204102
6000.000000,1.000000,66.000000,0.000000,1.000000,5999.000000,40.000000,39.204102
6000.000000,1.000000,66.000000,0.000000,1.000000,5999.000000,40.000000,39.204102
6000.000000,1.000000,66.000000,0.000000,1.000000,5999.000000,40.000000,39.204102
6000.000000,1.000000,66.000000,0.000000,1.000000,5999.000000,40.000000,39.204102
6000.000000,1.000000,66.000000,0.000000,1.000000,5999.000000,40.000000,39.204102
6000.000000,1.000000,66.000000,0.000000,1.000000,5999.000000,40.000000,39.204102
6000.000000,1.000000,66.000000,0.000000,1.000000,5999.000000,40.000000,39.204102
6000.000000,1.000000,66.000000,0.000000,1.000000,5999.000000,40.000000,39.204102
6000.000000,1.000000,66.000000,0.000000,1.000000,5999.000000,40.000000,39.204102
6000.000000,1.000000,66.000000,0.000000,1.000000,5999.000000,40.000000,39.204102
6000.000000,1.000000,66.000000,0.000000,1.000000,5999.000000,40.000000,39.204102
6000.000000,1.000000,66.000000,0.000000,1.000000,5999.000000,40.000000,39.204102
6000.000000,1.000000,66.000000,0.000000,1.000000,5999.000000,40.000000,39.204102
6000.000000,1.000000,66.000000,0.000000,1.000000,5999.000000,40.000000,39.204102
6000.000000,1.000000,66.000000,0.000000,1.000000,5999.000000,40.000000,39.204102
6000.000000,1.000000,66.000000,0.000000,1.000000,5999.000000,40.000000,39.204102
6000.000000,1.000000,66.000000,0.000000,1.000000,5999.000000,40.000000,39.204102
6000.000000,1.000000,66.000000,0.000000,1.000000,5999.000000,40.000000,39.204102
6000.000000,1.000000,66.000000,0.000000,1.000000,5999.000000,40.000000,39.204102
6000.000000,1.000000,66.000000,0.000000,1.000000,5999.000000,40.000000,39.204102
6000.000000,1.000000,66.000000,0.000000,1.000000,5999.000000,40.000000,39.204102
6000.000000,1.000000,66.000000,0.000000,1.000000,5999.000000,40.000000,39.204102
6000.000000,1.000000,66.000000,0.000000,1.000000,5999.000000,40.000000,39.204102
6000.000000,1.000000,66.000000,0.000000,1.000000,5999.000000,40.000000,39.204102
6000.000000,1.000000,66.000000,0.000000,1.000000,5999.000000,40.000000,39.204102
6000.000000,1.000000,66.000000,0.000000,1.000000,5999.000000,40.000000,39.204102
6000.000000,1.000000,66.000000,0.000000,1.000000,5999.000000,40.000000,39.204102
6000.000000,1.000000,66.000000,0.000000,1.000000,5999.000000,40.000000,39.204102
6000.000000,1.000000,66.000000,0.000000,1.000000,5999.000000,40.000000,39.204102
6000.000000,1.000000,66.000000,0.000000,1.000000,5999.000000,40.000000,39.204102
6000.000000,1.000000,66.000000,0.000000,1.000000,5999.000000,40.000000,39.204102
6000.000000,1.000000,66.000000,0.000000,1.000000,5999.000000,40.000000,39.204102
6000.000000,1.000000,66.000000,0.000000,1.000000,5999.000000,40.000000,39.204102
6000.000000,1.000000,66.000000,0.000000,1.000000,5999.000000,40.000000,39.204102
6000.000000,1.000000,66.000000,0.000000,1.000000,5999.000000,40.000000,39.204102
6000.000000,1.000000,66.000000,0.000000,1.000000,5999.000000,40.000000,39.204102
6000.000000,1.000000,66.000000,0.000000,1.000000,5999.000000,40.000000,39.204102
6000.000000,1.000000,66.000000,0.000000,1.000000,5999.000000,40.000000,39.204102
6000.000000,1.000000,66.000000,0.000000,1.000000,5999.000000,40.000000,39.204102
6000.000000,1.000000,66.000000,0.000000,1.000000,5999.000000,40.000000,39.204102
6000.000000,1.000000,66.000000,0.000000,1.000000,5999.000000,40.000000,39.204102
6000.000000,1.000000,66.000000,0.000000,1.000000,5999.000000,40.000000,39.204102
6000.000000,1.000000,66.000000,0.000000,1.000000,5999.000000,40.000000,39.204102
6000.000000,1.000000,66.000000,0.000000,1.000000,5999.000000,40.000000,39.204102
6000.000000,1.000000,66.000000,0.000000,1.000000,5999.000000,40.000000,39.204102
6000.000000,1.000000,66.000000,0.000000,1.000000,5999.000000,40.000000,39.204102
6000.000000,1.000000,66.000000,0.000000,1.000000,5999.000000,40.000000,39.204102
6000.000000,1.000000,66.000000,0.000000,1.000000,5999.000000,40.000000,39.204102
6000.000000,1.000000,66.000000,0.000000,1.000000,5999.000000,40.000000,39.204102
6000.000000,1.000000,66.000000,0.000000,1.000000,5999.000000,40.000000,39.204102
6000.000000,1.000000,66.000000,0.000000,1.000000,5999.000000,40.000000,39.204102
6000.000000,1.000000,66.000000,0.000000,1.000000,5999.000000,40.000000,39.204102
6000.000000,1.000000,66.000000,0.000000,1.000000,5999.000000,40.000000,39.204102
6000.000000,1.000000,66.000000,0.000000,1.000000,5999.000000,40.000000,39.204102
6000.000000,1.000000,66.000000,0.000000,1.000000,5999.000000,40.000000,39.204102
6000.000000,1.000000,66.000000,0.000000,1.000000,5999.000000,40.000000,39.204102
6000.000000,1.000000,66.000000,0.000000,1.000000,5999.000000,40.000000,39.204102
6000.000000,1.000000,66.000000,0.000000,1.000000,5999.000000,40.000000,39.204102
6000.000000,1.000000,66.000000,0.000000,1.000000,5999.000000,40.000000,39.204102
6000.000000,1.000000,66.000000,0.000000,1.000000,5999.000000,40.000000,39.204102
6000.000000,1.000000,66.000000,0.000000,1.000000,5999.000000,40.000000,39.204102
6000.000000,1.000000,66.000000,0.000000,1.000000,5999.000000,40.000000,39.204102
6000.000000,1.000000,66.000000,0.000000,1.000000,5999.000000,40.000000,39.204102
6000.000000,1.000000,66.000000,0.000000,1.000000,5999.000000,40.000000,39.204102
6000.000000,1.000000,66.000000,0.000000,1.000000,5999.000000,40.000000,39.204102
6000.000000,1.000000,66.000000,0.000000,1.000000,5999.000000,40.000000,39.204102
6000.000000,1.000000,66.000000,0.000000,1.000000,5999.000000,40.000000,39.204102
6000.000000,1.000000,66.000000,0.000000,1.000000,5999.000000,40.000000,39.204102
6000.000000,1.000000,66.000000,0.000000,1.000000,5999.000000,40.000000,39.204102
6000.000000,1.000000,66.000000,0.000000,1.000000,5999.000000,40.000000,39.204102
6000.000000,1.000000,66.000000,0.000000,1.000000,5999.000000,40.000000,39.204102
6000.000000,1.000000,66.000000,0.000000,1.000000,5999.000000,40.000000,39.204102
6000.000000,1.000000,66.000000,0.000000,1.000000,5999.000000,40.000000,39.204102
6000.000000,1.000000,66.000000,0.000000,1.000000,5999.000000,40.000000,39.204102
6000.000000,1.000000,66.000000,0.000000,1.000000,5999.000000,40.000000,39.204102
6000.000000,1.000000,66.000000,0.000000,1.000000,5999.000000,40.000000,39.204102
6000.000000,1.000000,66.000000,0.000000,1.000000,5999.000000,40.000000,39.204102
6000.000000,1.000000,66.000000,0.000000,1.000000,5999.000000,40.000000,39.204102
6000.000000,1.000000,66.000000,0.000000,1.000000,5999.000000,40.000000,39.204102
6000.000000,1.000000,66.000000,0.000000,1.000000,5999.000000,40.000000,39.204102
6000.000000,1.000000,66.000000,0.000000,1.000000,5999.000000,40.000000,39.204102
6000.000000,1.000000,66.000000,0.000000,1.000000,5999.000000,40.000000,39.204102
6000.000000,1.000000,66.000000,0.000000,1.000000,5999.000000,40.000000,39.204102
6000.000000,1.000000,66.000000,0.000000,1.000000,5999.000000,40.000000,39.204102
6000.000000,1.000000,66.000000,0.000000,1.000000,5999.000000,40.000000,39.204102
6000.000000,1.000000,66.000000,0.000000,1.000000,5999.000000,40.000000,39.204102
6000.000000,1.000000,66.000000,0.000000,1.000000,5999.000000,40.000000,39.204102
6000.000000,1.000000,66.000000,0.000000,1.000000,5999.000000,40.000000,39.204102
6000.000000,1.000000,66.000000,0.000000,1.000000,5999.000000,40.000000,39.204102
6000.000000,1.000000,66.000000,0.000000,1.000000,5999.000000,40.000000,39.204102
6000.000000,1.000000,66.000000,0.000000,1.000000,5999.000000,40.000000,39.204102
6000.000000,1.000000,66.000000,0.000000,1.000000,5999.000000,40.000000,39.204102
6000.000000,1.000000,66.000000,0.000000,1.000000,5999.000000,40.000000,39.204102
6000.000000,1.000000,66.000000,0.000000,1.000000,5999.000000,40.000000,39.204102
6000.000000,1.000000,66.000000,0.000000,1.000000,5999.000000,40.000000,39.204102
6000.000000,1.000000,66.000000,0.000000,1.000000,5999.000000,40.000000,39.204102
6000.000000,1.000000,66.000000,0.000000,1.000000,5999.000000,40.000000,39.204102
6000.000000,1.000000,66.000000,0.000000,1.000000,5999.000000,40.000000,39.204102
6000.000000,1.000000,66.000000,0.000000,1.000000,5999.000000,40.000000,39.204102
6000.000000,1.000000,66.000000,0.000000,1.000000,5999.000000,40.000000,39.204102
6000.000000,1.000000,66.000000,0.000000,1.000000,5999.000000,40.000000,39.204102
6000.000000,1.000000,66.000000,0.000000,1.000000,5999.000000,40.000000,39.204102
6000.000000,1.000000,66.000000,0.000000,1.000000,5999.000000,40.000000,39.204102
6000.000000,1.000000,66.000000,0.000000,1.000000,5999.000000,40.000000,39.204102
6000.000000,1.000000,66.000000,0.000000,1.000000,5999.000000,40.000000,39.204102
6000.000000,1.000000,66.000000,0.000000,1.000000,5999.000000,40.000000,39.204102
6000.000000,1.000000,66.000000,0.000000,1.000000,5999.000000,40.000000,39.204102
6000.000000,1.000000,66.000000,0.000000,1.000000,5999.000000,40.000000,39.204102
6000.000000,1.000000,66.000000,0.000000,1.000000,5999.000000,40.000000,39.204102
6000.000000,1.000000,66.000000,0.000000,1.000000,5999.000000,40.000000,39.204102
6000.000000,1.000000,66.000000,0.000000,1.000000,5999.000000,40.000000,39.204102
6000.000000,1.000000,66.000000,0.000000,1.000000,5999.000000,40.000000,39.204102
6000.000000,1.000000,66.000000,0.000000,1.000000,5999.000000,40.000000,39.204102
6000.000000,1.000000,66.000000,0.000000,1.000000,5999.000000,40.000000,39.204102
6000.000000,1.000000,66.000000,0.000000,1.000000,5999.000000,40.000000,39.204102
6000.000000,1.000000,66.000000,0.000000,1.000000,5999.000000,40.000000,39.204102
6000.000000,1.000000,66.000000,0.000000,1.000000,5999.000000,40.000000,39.204102
6000.000000,1.000000,66.000000,0.000000,1.000000,5999.000000,40.000000,39.204102
6000.000000,1.000000,66.000000,0.000000,1.000000,5999.000000,40.000000,39.204102
6000.000000,1.000000,66.000000,0.000000,1.000000,5999.000000,40.000000,39.204102
6000.000000,1.000000,66.000000,0.000000,1.000000,5999.000000,40.000000,39.204102
6000.000000,1.000000,66.000000,0.000000,1.000000,5999.000000,40.000000,39.204102
6000.000000,1.000000,66.000000,0.000000,1.000000,5999.000000,40.000000,39.204102
6000.000000,1.000000,66.000000,0.000000,1.000000,5999.000000,40.000000,39.204102
6000.000000,1.000000,66.000000,0.000000,1.000000,5999.000000,40.000000,39.204102
6000.000000,1.000000,66.000000,0.000000,1.000000,5999.000000,40.000000,39.204102
6000.000000,1.000000,66.000000,0.000000,1.000000,5999.000000,40.000000,39.204102
6000.000000,1.000000,66.000000,0.000000,1.000000,5999.000000,40.000000,39.204102
6000.000000,1.000000,66.000000,0.000000,1.000000,5999.000000,40.000000,39.204102
6000.000000,1.000000,66.000000,0.000000,1.000000,5999.000000,40.000000,39.204102
6000.000000,1.000000,66.000000,0.000000,1.000000,5999.000000,40.000000,39.204102
6000.000000,1.000000,66.000000,0.000000,1.000000,5999.000000,40.000000,39.204102
6000.000000,1.000000,66.000000,0.000000,1.000000,5999.000000,40.000000,39.204102
6000.000000,1.000000,66.000000,0.000000,1.000000,5999.000000,40.000000,39.204102
6000.000000,1.000000,66.000000,0.000000,1.000000,5999.000000,40.000000,39.204102
6000.000000,1.000000,66.000000,0.000000,1.000000,5999.000000,40.000000,39.204102
6000.000000,1.000000,66.000000,0.000000,1.000000,5999.000000,40.000000,39.204102
6000.000000,1.000000,66.000000,0.000000,1.000000,5999.000000,40.000000,39.204102
6000.000000,1.000000,66.000000,0.000000,1.000000,5999.000000,40.000000,39.204102
6000.000000,1.000000,66.000000,0.000000,1.000000,5999.000000,40.000000,39.204102
6000.000000,1.000000,66.000000,0.000000,1.000000,5999.000000,40.000000,39.204102
6000.000000,1.000000,66.000000,0.000000,1.000000,5999.000000,40.000000,39.204102
6000.000000,1.000000,66.000000,0.000000,1.000000,5999.000000,40.000000,39.204102
6000.000000,1.000000,66.000000,0.000000,1.000000,5999.000000,40.000000,39.204102
6000.000000,1.000000,66.000000,0.000000,1.000000,5999.000000,40.000000,39.204102
6000.000000,1.000000,66.000000,0.000000,1.000000,5999.000000,40.000000,39.204102
6000.000000,1.000000,66.000000,0.000000,1.000000,5999.000000,40.000000,39.204102
6000.000000,1.000000,66.000000,0.000000,1.000000,5999.000000,40.000000,39.204102
6000.000000,1.000000,66.000000,0.000000,1.000000,5999.000000,40.000000,39.204102
6000.000000,1.000000,66.000000,0.000000,1.000000,5999.000000,40.000000,39.204102
6000.000000,1.000000,66.000000,0.000000,1.000000,5999.000000,40.000000,39.204102
6000.000000,1.000000,66.000000,0.000000,1.000000,5999.000000,40.000000,39.204102
6000.000000,1.000000,66.000000,0.000000,1.000000,5999.000000,40.000000,39.204102
6000.000000,1.000000,66.000000,0.000000,1.000000,5999.000000,40.000000,39.204102
6000.000000,1.000000,66.000000,0.000000,1.000000,5999.000000,40.000000,39.204102
6000.000000,1.000000,66.000000,0.000000,1.000000,5999.000000,40.000000,39.204102
6000.000000,1.000000,66.000000,0.000000,1.000000,5999.000000,40.000000,39.204102
6000.000000,1.000000,66.000000,0.000000,1.000000,5999.000000,40.000000,39.204102
6000.000000,1.000000,66.000000,0.000000,1.000000,5999.000000,40.000000,39.204102
6000.000000,1.000000,66.000000,0.000000,1.000000,5999.000000,40.000000,39.204102
6000.000000,1.000000,66.000000,0.000000,1.000000,5999.000000,40.000000,39.204102
6000.000000,1.000000,66.000000,0.000000,1.000000,5999.000000,40.000000,39.204102
6000.000000,1.000000,66.000000,0.000000,1.000000,5999.000000,40.000000,39.204102
6000.000000,1.000000,66.000000,0.000000,1.000000,5999.000000,40.000000,39.204102
6000.000000,1.000000,66.000000,0.000000,1.000000,5999.000000,40.000000,39.204102
6000.000000,1.000000,66.000000,0.000000,1.000000,5999.000000,40.000000,39.204102
6000.000000,1.000000,66.000000,0.000000,1.000000,5999.000000,40.000000,39.204102
6000.000000,1.000000,66.000000,0.000000,1.000000,5999.000000,40.000000,39.204102
6000.000000,1.000000,66.000000,0.000000,1.000000,5999.000000,40.000000,39.204102
6000.000000,1.000000,66.000000,0.000000,1.000000,5999.000000,40.000000,39.204102
6000.000000,1.000000,66.000000,0.000000,1.000000,5999.000000,40.000000,39.204102
6000.000000,1.000000,66.000000,0.000000,1.000000,5999.000000,40.000000,39.204102
6000.000000,1.000000,66.000000,0.000000,1.000000,5999.000000,40.000000,39.204102
6000.000000,1.000000,66.000000,0.000000,1.000000,5999.000000,40.000000,39.204102
6000.000000,1.000000,66.000000,0.000000,1.000000,5999.000000,40.000000,39.204102
6000.000000,1.000000,66.000000,0.000000,1.000000,5999.000000,40.000000,39.204102
6000.000000,1.000000,66.000000,0.000000,1.000000,5999.000000,40.000000,39.204102
6000.000000,1.000000,66.000000,0.000000,1.000000,5999.000000,40.000000,39.204102
6000.000000,1.000000,66.000000,0.000000,1.000000,5999.000000,40.000000,39.204102
6000.000000,1.000000,66.000000,0.000000,1.000000,5999.000000,40.000000,39.204102
6000.000000,1.000000,66.000000,0.000000,1.000000,5999.000000,40.000000,39.204102
6000.000000,1.000000,66.000000,0.000000,1.000000,5999.000000,40.000000,39.204102
6000.000000,1.000000,66.000000,0.000000,1.000000,5999.000000,40.000000,39.204102
6000.000000,1.000000,66.000000,0.000000,1.000000,5999.000000,40.000000,39.204102
6000.000000,1.000000,66.000000,0.000000,1.000000,5999.000000,40.000000,39.204102
6000.000000,1.000000,66.000000,0.000000,1.000000,5999.000000,40.000000,39.204102
6000.000000,1.000000,66.000000,0.000000,1.000000,5999.000000,40.000000,39.204102
6000.000000,1.000000,66.000000,0.000000,1.000000,5999.000000,40.000000,39.204102
6000.000000,1.000000,66.000000,0.000000,1.000000,5999.000000,40.000000,39.204102
6000.000000,1.000000,66.000000,0.000000,1.000000,5999.000000,40.000000,39.204102
6000.000000,1.000000,66.000000,0.000000,1.000000,5999.000000,40.000000,39.204102
6000.000000,1.000000,66.000000,0.000000,1.000000,5999.000000,40.000000,39.204102
6000.000000,1.000000,66.000000,0.000000,1.000000,5999.000000,40.000000,39.204102
6000.000000,1.000000,66.000000,0.000000,1.000000,5999.000000,40.000000,39.204102
6000.000000,1.000000,66.000000,0.000000,1.000000,5999.000000,40.000000,39.204102
6000.000000,1.000000,66.000000,0.000000,1.000000,5999.000000,40.000000,39.204102
6000.000000,1.000000,66.000000,0.000000,1.000000,5999.000000,40.000000,39.204102
6000.000000,1.000000,66.000000,0.000000,1.000000,5999.000000,40.000000,39.204102
6000.000000,1.000000,66.000000,0.000000,1.000000,5999.000000,40.000000,39.204102
6000.000000,1.000000,66.000000,0.000000,1.000000,5999.000000,40.000000,39.204102
6000.000000,1.000000,66.000000,0.000000,1.000000,5999.000000,40.000000,39.204102
6000.000000,1.000000,66.000000,0.000000,1.000000,5999.000000,40.000000,39.204102
6000.000000,1.000000,66.000000,0.000000,1.000000,5999.000000,40.000000,39.204102
6000.000000,1.000000,66.000000,0.000000,1.000000,5999.000000,40.000000,39.204102
6000.000000,1.000000,66.000000,0.000000,1.000000,5999.000000,40.000000,39.204102
6000.000000,1.000000,66.000000,0.000000,1.000000,5999.000000,40.000000,39.204102
6000.000000,1.000000,66.000000,0.000000,1.000000,5999.000000,40.000000,39.204102
6000.000000,1.000000,66.000000,0.000000,1.000000,5999.000000,40.000000,39.204102
6000.000000,1.000000,66.000000,0.000000,1.000000,5999.000000,40.000000,39.204102
6000.000000,1.000000,66.000000,0.000000,1.000000,5999.000000,40.000000,39.204102
6000.000000,1.000000,66.000000,0.000000,1.000000,5999.000000,40.000000,39.204102
6000.000000,1.000000,66.000000,0.000000,1.000000,5999.000000,40.000000,39.204102
6000.000000,1.000000,66.000000,0.000000,1.000000,5999.000000,40.000000,39.204102
6000.000000,1.000000,66.000000,0.000000,1.000000,5999.000000,40.000000,39.204102
6000.000000,1.000000,66.000000,0.000000,1.000000,5999.000000,40.000000,39.204102
6000.000000,1.000000,66.000000,0.000000,1.000000,5999.000000,40.000000,39.204102
6000.000000,1.000000,66.000000,0.000000,1.000000,5999.000000,40.000000,39.204102
6000.000000,1.000000,66.000000,0.000000,1.000000,5999.000000,40.000000,39.204102
6000.000000,1.000000,66.000000,0.000000,1.000000,5999.000000,40.000000,39.204102
6000.000000,1.000000,66.000000,0.000000,1.000000,5999.000000,40.000000,39.204102
6000.000000,1.000000,66.000000,0.000000,1.000000,5999.000000,40.000000,39.204102
6000.000000,1.000000,66.000000,0.000000,1.000000,5999.000000,40.000000,39.204102
6000.000000,1.000000,66.000000,0.000000,1.000000,5999.000000,40.000000,39.204102
6000.000000,1.000000,66.000000,0.000000,1.000000,5999.000000,40.000000,39.204102
6000.000000,1.000000,66.000000,0.000000,1.000000,5999.000000,40.000000,39.204102
6000.000000,1.000000,66.000000,0.000000,1.000000,5999.000000,40.000000,39.204102
6000.000000,1.000000,66.000000,0.000000,1.000000,5999.000000,40.000000,39.204102
6000.000000,1.000000,66.000000,0.000000,1.000000,5999.000000,40.000000,39.204102
6000.000000,1.000000,66.000000,0.000000,1.000000,5999.000000,40.000000,39.204102
6000.000000,1.000000,66.000000,0.000000,1.000000,5999.000000,40.000000,39.204102
6000.000000,1.000000,66.000000,0.000000,1.000000,5999.000000,40.000000,39.204102
6000.000000,1.000000,66.000000,0.000000,1.000000,5999.000000,40.000000,39.204102
6000.000000,1.000000,66.000000,1.000000,0.000000,2205.000000,0.000000,0.000000
6000.000000,1.000000,66.000000,1.000000,0.000000,3812.000000,0.000000,0.000000
6000.000000,1.000000,66.000000,1.000000,0.000000,5470.000000,0.000000,0.000000
6000.000000,1.000000,66.000000,1.000000,0.000000,5838.000000,0.000000,0.000000
6000.000000,1.000000,66.000000,1.000000,0.000000,5974.000000,0.000000,0.000000
6000.000000,1.000000,66.000000,1.000000,0.000000,6001.000000,0.000000,0.000000
6000.000000,1.000000,66.000000,1.000000,0.000000,6001.000000,0.000000,0.000000
6000.000000,1.000000,66.000000,1.000000,0.000000,5999.000000,0.000000,0.000000
6000.000000,1.000000,66.000000,1.000000,0.000000,5995.000000,0.000000,0.000000
6000.000000,1.000000,66.000000,1.000000,0.000000,5989.000000,0.000000,0.000000
6000.000000,1.000000,66.000000,1.000000,0.000000,5984.000000,0.000000,0.000000
6000.000000,1.000000,66.000000,1.000000,0.000000,5978.000000,0.000000,0.000000
6000.000000,1.000000,66.000000,1.000000,0.000000,5978.000000,0.000000,0.000000
6000.000000,1.000000,66.000000,1.000000,0.000000,5976.000000,0.000000,0.000000
6000.000000,1.000000,66.000000,1.000000,0.000000,5991.000000,0.000000,0.000000
6000.000000,1.000000,66.000000,1.000000,0.000000,6001.000000,0.000000,0.000000
6000.000000,1.000000,66.000000,1.000000,0.000000,6012.000000,0.000000,0.000000
6000.000000,1.000000,66.000000,1.000000,0.000000,6014.000000,0.000000,0.000000
6000.000000,1.000000,66.000000,1.000000,0.000000,6014.000000,0.000000,0.000000
6000.000000,1.000000,66.000000,1.000000,0.000000,6022.000000,0.000000,0.000000
6000.000000,1.000000,66.000000,1.000000,0.000000,6016.000000,0.000000,0.000000
6000.000000,1.000000,66.000000,1.000000,0.000000,6010.000000,0.000000,0.000000
6000.000000,1.000000,66.000000,1.000000,0.000000,6001.000000,0.000000,0.000000
6000.000000,1.000000,66.000000,1.000000,0.000000,6003.000000,0.000000,0.000000
6000.000000,1.000000,66.000000,1.000000,0.000000,6026.000000,0.000000,0.000000
6000.000000,1.000000,66.000000,1.000000,0.000000,6028.000000,0.000000,-0.003662
6000.000000,1.000000,66.000000,1.000000,0.000000,6028.000000,0.000000,0.000000
6000.000000,1.000000,66.000000,1.000000,0.000000,6026.000000,0.000000,0.000000
6000.000000,1.000000,66.000000,1.000000,0.000000,6026.000000,40.000000,0.008545
6000.000000,1.000000,66.000000,1.000000,0.000000,6026.000000,40.000000,1.809082
6000.000000,1.000000,66.000000,1.000000,0.000000,6026.000000,40.000000,4.172363
6000.000000,1.000000,66.000000,1.000000,0.000000,6010.000000,40.000000,5.899658
6000.000000,1.000000,66.000000,1.000000,0.000000,5917.000000,0.000000,0.000000
6000.000000,1.000000,66.000000,1.000000,0.000000,6018.000000,0.000000,0.000000
6000.000000,1.000000,66.000000,1.000000,0.000000,6039.000000,0.000000,0.000000
6000.000000,1.000000,66.000000,1.000000,0.000000,6045.000000,0.000000,0.000000
6000.000000,1.000000,66.000000,1.000000,0.000000,6041.000000,0.000000,0.000000
6000.000000,1.000000,66.000000,1.000000,0.000000,6045.000000,0.000000,0.002441
6000.000000,1.000000,66.000000,1.000000,0.000000,6047.000000,0.000000,0.001221
6000.000000,1.000000,66.000000,1.000000,0.000000,6047.000000,0.000000,0.007324
6000.000000,1.000000,66.000000,1.000000,0.000000,6047.000000,40.000000,0.002441
6000.000000,1.000000,66.000000,1.000000,0.000000,6041.000000,40.000000,3.094482
6000.000000,1.000000,66.000000,1.000000,0.000000,6035.000000,40.000000,6.865234
6000.000000,1.000000,66.000000,1.000000,0.000000,6028.000000,40.000000,10.759277
6000.000000,1.000000,66.000000,1.000000,0.000000,6026.000000,40.000000,14.578857
6000.000000,1.000000,66.000000,1.000000,0.000000,6026.000000,40.000000,18.381348
6000.000000,1.000000,66.000000,1.000000,0.000000,6026.000000,40.000000,22.370605
6000.000000,1.000000,66.000000,1.000000,0.000000,6041.000000,40.000000,26.040039
6000.000000,1.000000,66.000000,1.000000,0.000000,6053.000000,40.000000,29.864502
6000.000000,1.000000,66.000000,1.000000,0.000000,6058.000000,40.000000,33.304443
6000.000000,1.000000,66.000000,1.000000,0.000000,5892.000000,40.000000,36.534424
6000.000000,1.000000,66.000000,0.000000,1.000000,5997.000000,40.000000,39.251709
6000.000000,1.000000,66.000000,0.000000,1.000000,5997.000000,40.000000,39.251709
6000.000000,1.000000,66.000000,0.000000,1.000000,5997.000000,40.000000,39.251709
6000.000000,1.000000,66.000000,0.000000,1.000000,5997.000000,40.000000,39.251709
6000.000000,1.000000,66.000000,0.000000,1.000000,5997.000000,40.000000,39.251709
6000.000000,1.000000,66.000000,0.000000,1.000000,5997.000000,40.000000,39.251709
6000.000000,1.000000,66.000000,0.000000,1.000000,5997.000000,40.000000,39.251709
6000.000000,1.000000,66.000000,0.000000,1.000000,5997.000000,40.000000,39.251709
6000.000000,1.000000,66.000000,0.000000,1.000000,5997.000000,40.000000,39.251709
6000.000000,1.000000,66.000000,0.000000,1.000000,5997.000000,40.000000,39.251709
6000.000000,1.000000,66.000000,0.000000,1.000000,5997.000000,40.000000,39.251709
6000.000000,1.000000,66.000000,0.000000,1.000000,5997.000000,40.000000,39.251709
6000.000000,1.000000,66.000000,0.000000,1.000000,5997.000000,40.000000,39.251709
6000.000000,1.000000,66.000000,0.000000,1.000000,5997.000000,40.000000,39.251709
6000.000000,1.000000,66.000000,0.000000,1.000000,5997.000000,40.000000,39.251709
6000.000000,1.000000,66.000000,0.000000,1.000000,5997.000000,40.000000,39.251709
6000.000000,1.000000,66.000000,0.000000,1.000000,5997.000000,40.000000,39.251709
6000.000000,1.000000,66.000000,0.000000,1.000000,5997.000000,40.000000,39.251709
6000.000000,1.000000,66.000000,0.000000,1.000000,5997.000000,40.000000,39.251709
6000.000000,1.000000,66.000000,0.000000,1.000000,5997.000000,40.000000,39.251709
6000.000000,1.000000,66.000000,0.000000,1.000000,5997.000000,40.000000,39.251709
6000.000000,1.000000,66.000000,0.000000,1.000000,5997.000000,40.000000,39.251709
6000.000000,1.000000,66.000000,0.000000,1.000000,5997.000000,40.000000,39.251709
6000.000000,1.000000,66.000000,0.000000,1.000000,5997.000000,40.000000,39.251709
6000.000000,1.000000,66.000000,0.000000,1.000000,5997.000000,40.000000,39.251709
6000.000000,1.000000,66.000000,0.000000,1.000000,5997.000000,40.000000,39.251709
6000.000000,1.000000,66.000000,0.000000,1.000000,5997.000000,40.000000,39.251709
6000.000000,1.000000,66.000000,0.000000,1.000000,5997.000000,40.000000,39.251709
6000.000000,1.000000,66.000000,0.000000,1.000000,5997.000000,40.000000,39.251709
6000.000000,1.000000,66.000000,0.000000,1.000000,5997.000000,40.000000,39.251709
6000.000000,1.000000,66.000000,0.000000,1.000000,5997.000000,40.000000,39.251709
6000.000000,1.000000,66.000000,0.000000,1.000000,5997.000000,40.000000,39.251709
6000.000000,1.000000,66.000000,0.000000,1.000000,5997.000000,40.000000,39.251709
6000.000000,1.000000,66.000000,0.000000,1.000000,5997.000000,40.000000,39.251709
6000.000000,1.000000,66.000000,0.000000,1.000000,5997.000000,40.000000,39.251709
6000.000000,1.000000,66.000000,0.000000,1.000000,5997.000000,40.000000,39.251709
6000.000000,1.000000,66.000000,0.000000,1.000000,5997.000000,40.000000,39.251709
6000.000000,1.000000,66.000000,0.000000,1.000000,5997.000000,40.000000,39.251709
6000.000000,1.000000,66.000000,0.000000,1.000000,5997.000000,40.000000,39.251709
6000.000000,1.000000,66.000000,0.000000,1.000000,5997.000000,40.000000,39.251709
6000.000000,1.000000,66.000000,0.000000,1.000000,5997.000000,40.000000,39.251709
6000.000000,1.000000,66.000000,0.000000,1.000000,5997.000000,40.000000,39.251709
6000.000000,1.000000,66.000000,0.000000,1.000000,5997.000000,40.000000,39.251709
6000.000000,1.000000,66.000000,0.000000,1.000000,5997.000000,40.000000,39.251709
6000.000000,1.000000,66.000000,0.000000,1.000000,5997.000000,40.000000,39.251709
6000.000000,1.000000,66.000000,0.000000,1.000000,5997.000000,40.000000,39.251709
6000.000000,1.000000,66.000000,0.000000,1.000000,5997.000000,40.000000,39.251709
6000.000000,1.000000,66.000000,0.000000,1.000000,5997.000000,40.000000,39.251709
6000.000000,1.000000,66.000000,0.000000,1.000000,5997.000000,40.000000,39.251709
6000.000000,1.000000,66.000000,0.000000,1.000000,5997.000000,40.000000,39.251709
6000.000000,1.000000,66.000000,0.000000,1.000000,5997.000000,40.000000,39.251709
6000.000000,1.000000,66.000000,0.000000,1.000000,5997.000000,40.000000,39.251709
6000.000000,1.000000,66.000000,0.000000,1.000000,5997.000000,40.000000,39.251709
6000.000000,1.000000,66.000000,0.000000,1.000000,5997.000000,40.000000,39.251709
6000.000000,1.000000,66.000000,0.000000,1.000000,5997.000000,40.000000,39.251709
6000.000000,1.000000,66.000000,0.000000,1.000000,5997.000000,40.000000,39.251709
6000.000000,1.000000,66.000000,0.000000,1.000000,5997.000000,40.000000,39.251709
6000.000000,1.000000,66.000000,0.000000,1.000000,5997.000000,40.000000,39.251709
6000.000000,1.000000,66.000000,0.000000,1.000000,5997.000000,40.000000,39.251709
6000.000000,1.000000,66.000000,0.000000,1.000000,5997.000000,40.000000,39.251709
6000.000000,1.000000,66.000000,0.000000,1.000000,5997.000000,40.000000,39.251709
6000.000000,1.000000,66.000000,0.000000,1.000000,5997.000000,40.000000,39.251709
6000.000000,1.000000,66.000000,0.000000,1.000000,5997.000000,40.000000,39.251709
6000.000000,1.000000,66.000000,0.000000,1.000000,5997.000000,40.000000,39.251709
6000.000000,1.000000,66.000000,0.000000,1.000000,5997.000000,40.000000,39.251709
6000.000000,1.000000,66.000000,0.000000,1.000000,5997.000000,40.000000,39.251709
6000.000000,1.000000,66.000000,0.000000,1.000000,5997.000000,40.000000,39.251709
6000.000000,1.000000,66.000000,0.000000,1.000000,5997.000000,40.000000,39.251709
6000.000000,1.000000,66.000000,0.000000,1.000000,5997.000000,40.000000,39.251709
6000.000000,1.000000,66.000000,0.000000,1.000000,5997.000000,40.000000,39.251709
6000.000000,1.000000,66.000000,0.000000,1.000000,5997.000000,40.000000,39.251709
6000.000000,1.000000,66.000000,0.000000,1.000000,5997.000000,40.000000,39.251709
6000.000000,1.000000,66.000000,0.000000,1.000000,5997.000000,40.000000,39.251709
6000.000000,1.000000,66.000000,0.000000,1.000000,5997.000000,40.000000,39.251709
6000.000000,1.000000,66.000000,0.000000,1.000000,5997.000000,40.000000,39.251709
6000.000000,1.000000,66.000000,0.000000,1.000000,5997.000000,40.000000,39.251709
6000.000000,1.000000,66.000000,0.000000,1.000000,5997.000000,40.000000,39.251709
6000.000000,1.000000,66.000000,0.000000,1.000000,5997.000000,40.000000,39.251709
6000.000000,1.000000,66.000000,0.000000,1.000000,5997.000000,40.000000,39.251709
6000.000000,1.000000,66.000000,0.000000,1.000000,5997.000000,40.000000,39.251709
6000.000000,1.000000,66.000000,0.000000,1.000000,5997.000000,40.000000,39.251709
6000.000000,1.000000,66.000000,0.000000,1.000000,5997.000000,40.000000,39.251709
6000.000000,1.000000,66.000000,0.000000,1.000000,5997.000000,40.000000,39.251709
6000.000000,1.000000,66.000000,0.000000,1.000000,5997.000000,40.000000,39.251709
6000.000000,1.000000,66.000000,0.000000,1.000000,5997.000000,40.000000,39.251709
6000.000000,1.000000,66.000000,0.000000,1.000000,5997.000000,40.000000,39.251709
6000.000000,1.000000,66.000000,0.000000,1.000000,5997.000000,40.000000,39.251709
6000.000000,1.000000,66.000000,0.000000,1.000000,5997.000000,40.000000,39.251709
6000.000000,1.000000,66.000000,0.000000,1.000000,5997.000000,40.000000,39.251709
6000.000000,1.000000,66.000000,0.000000,1.000000,5997.000000,40.000000,39.251709
6000.000000,1.000000,66.000000,0.000000,1.000000,5997.000000,40.000000,39.251709
6000.000000,1.000000,66.000000,0.000000,1.000000,5997.000000,40.000000,39.251709
6000.000000,1.000000,66.000000,0.000000,1.000000,5997.000000,40.000000,39.251709
6000.000000,1.000000,66.000000,0.000000,1.000000,5997.000000,40.000000,39.251709
6000.000000,1.000000,66.000000,0.000000,1.000000,5997.000000,40.000000,39.251709
6000.000000,1.000000,66.000000,0.000000,1.000000,5997.000000,40.000000,39.251709
6000.000000,1.000000,66.000000,0.000000,1.000000,5997.000000,40.000000,39.251709
6000.000000,1.000000,66.000000,0.000000,1.000000,5997.000000,40.000000,39.251709
6000.000000,1.000000,66.000000,0.000000,1.000000,5997.000000,40.000000,39.251709
6000.000000,1.000000,66.000000,0.000000,1.000000,5997.000000,40.000000,39.251709
6000.000000,1.000000,66.000000,0.000000,1.000000,5997.000000,40.000000,39.251709
6000.000000,1.000000,66.000000,0.000000,1.000000,5997.000000,40.000000,39.251709
6000.000000,1.000000,66.000000,0.000000,1.000000,5997.000000,40.000000,39.251709
6000.000000,1.000000,66.000000,0.000000,1.000000,5997.000000,40.000000,39.251709
6000.000000,1.000000,66.000000,0.000000,1.000000,5997.000000,40.000000,39.251709
6000.000000,1.000000,66.000000,0.000000,1.000000,5997.000000,40.000000,39.251709
6000.000000,1.000000,66.000000,0.000000,1.000000,5997.000000,40.000000,39.251709
6000.000000,1.000000,66.000000,0.000000,1.000000,5997.000000,40.000000,39.251709
6000.000000,1.000000,66.000000,0.000000,1.000000,5997.000000,40.000000,39.251709
6000.000000,1.000000,66.000000,0.000000,1.000000,5997.000000,40.000000,39.251709
6000.000000,1.000000,66.000000,0.000000,1.000000,5997.000000,40.000000,39.251709
6000.000000,1.000000,66.000000,0.000000,1.000000,5997.000000,40.000000,39.251709
6000.000000,1.000000,66.000000,0.000000,1.000000,5997.000000,40.000000,39.251709
6000.000000,1.000000,66.000000,0.000000,1.000000,5997.000000,40.000000,39.251709
6000.000000,1.000000,66.000000,0.000000,1.000000,5997.000000,40.000000,39.251709
6000.000000,1.000000,66.000000,0.000000,1.000000,5997.000000,40.000000,39.251709
6000.000000,1.000000,66.000000,0.000000,1.000000,5997.000000,40.000000,39.251709
6000.000000,1.000000,66.000000,0.000000,1.000000,5997.000000,40.000000,39.251709
6000.000000,1.000000,66.000000,0.000000,1.000000,5997.000000,40.000000,39.251709
6000.000000,1.000000,66.000000,0.000000,1.000000,5997.000000,40.000000,39.251709
6000.000000,1.000000,66.000000,0.000000,1.000000,5997.000000,40.000000,39.251709
6000.000000,1.000000,66.000000,0.000000,1.000000,5997.000000,40.000000,39.251709
6000.000000,1.000000,66.000000,0.000000,1.000000,5997.000000,40.000000,39.251709
6000.000000,1.000000,66.000000,0.000000,1.000000,5997.000000,40.000000,39.251709
6000.000000,1.000000,66.000000,0.000000,1.000000,5997.000000,40.000000,39.251709
6000.000000,1.000000,66.000000,0.000000,1.000000,5997.000000,40.000000,39.251709
6000.000000,1.000000,66.000000,0.000000,1.000000,5997.000000,40.000000,39.251709
6000.000000,1.000000,66.000000,0.000000,1.000000,5997.000000,40.000000,39.251709
6000.000000,1.000000,66.000000,0.000000,1.000000,5997.000000,40.000000,39.251709
6000.000000,1.000000,66.000000,0.000000,1.000000,5997.000000,40.000000,39.251709
6000.000000,1.000000,66.000000,0.000000,1.000000,5997.000000,40.000000,39.251709
6000.000000,1.000000,66.000000,0.000000,1.000000,5997.000000,40.000000,39.251709
6000.000000,1.000000,66.000000,0.000000,1.000000,5997.000000,40.000000,39.251709
6000.000000,1.000000,66.000000,0.000000,1.000000,5997.000000,40.000000,39.251709
6000.000000,1.000000,66.000000,0.000000,1.000000,5997.000000,40.000000,39.251709
6000.000000,1.000000,66.000000,0.000000,1.000000,5997.000000,40.000000,39.251709
6000.000000,1.000000,66.000000,0.000000,1.000000,5997.000000,40.000000,39.251709
6000.000000,1.000000,66.000000,0.000000,1.000000,5997.000000,40.000000,39.251709
6000.000000,1.000000,66.000000,0.000000,1.000000,5997.000000,40.000000,39.251709
6000.000000,1.000000,66.000000,0.000000,1.000000,5997.000000,40.000000,39.251709
6000.000000,1.000000,66.000000,0.000000,1.000000,5997.000000,40.000000,39.251709
6000.000000,1.000000,66.000000,0.000000,1.000000,5997.000000,40.000000,39.251709
6000.000000,1.000000,66.000000,0.000000,1.000000,5997.000000,40.000000,39.251709
6000.000000,1.000000,66.000000,0.000000,1.000000,5997.000000,40.000000,39.251709
6000.000000,1.000000,66.000000,0.000000,1.000000,5997.000000,40.000000,39.251709
6000.000000,1.000000,66.000000,0.000000,1.000000,5997.000000,40.000000,39.251709
6000.000000,1.000000,66.000000,0.000000,1.000000,5997.000000,40.000000,39.251709
6000.000000,1.000000,66.000000,0.000000,1.000000,5997.000000,40.000000,39.251709
6000.000000,1.000000,66.000000,0.000000,1.000000,5997.000000,40.000000,39.251709
6000.000000,1.000000,66.000000,0.000000,1.000000,5997.000000,40.000000,39.251709
6000.000000,1.000000,66.000000,0.000000,1.000000,5997.000000,40.000000,39.251709
6000.000000,1.000000,66.000000,0.000000,1.000000,5997.000000,40.000000,39.251709
6000.000000,1.000000,66.000000,0.000000,1.000000,5997.000000,40.000000,39.251709
6000.000000,1.000000,66.000000,0.000000,1.000000,5997.000000,40.000000,39.251709
6000.000000,1.000000,66.000000,0.000000,1.000000,5997.000000,40.000000,39.251709
6000.000000,1.000000,66.000000,0.000000,1.000000,5997.000000,40.000000,39.251709
6000.000000,1.000000,66.000000,0.000000,1.000000,5997.000000,40.000000,39.251709
6000.000000,1.000000,66.000000,0.000000,1.000000,5997.000000,40.000000,39.251709
6000.000000,1.000000,66.000000,0.000000,1.000000,5997.000000,40.000000,39.251709
6000.000000,1.000000,66.000000,0.000000,1.000000,5997.000000,40.000000,39.251709
6000.000000,1.000000,66.000000,0.000000,1.000000,5997.000000,40.000000,39.251709
6000.000000,1.000000,66.000000,0.000000,1.000000,5997.000000,40.000000,39.251709
6000.000000,1.000000,66.000000,0.000000,1.000000,5997.000000,40.000000,39.251709
6000.000000,1.000000,66.000000,0.000000,1.000000,5997.000000,40.000000,39.251709
6000.000000,1.000000,66.000000,0.000000,1.000000,5997.000000,40.000000,39.251709
6000.000000,1.000000,66.000000,0.000000,1.000000,5997.000000,40.000000,39.251709
6000.000000,1.000000,66.000000,0.000000,1.000000,5997.000000,40.000000,39.251709
6000.000000,1.000000,66.000000,0.000000,1.000000,5997.000000,40.000000,39.251709
6000.000000,1.000000,66.000000,0.000000,1.000000,5997.000000,40.000000,39.251709
6000.000000,1.000000,66.000000,0.000000,1.000000,5997.000000,40.000000,39.251709
6000.000000,1.000000,66.000000,0.000000,1.000000,5997.000000,40.000000,39.251709
6000.000000,1.000000,66.000000,0.000000,1.000000,5997.000000,40.000000,39.251709
6000.000000,1.000000,66.000000,0.000000,1.000000,5997.000000,40.000000,39.251709
6000.000000,1.000000,66.000000,0.000000,1.000000,5997.000000,40.000000,39.251709
6000.000000,1.000000,66.000000,0.000000,1.000000,5997.000000,40.000000,39.251709
6000.000000,1.000000,66.000000,0.000000,1.000000,5997.000000,40.000000,39.251709
6000.000000,1.000000,66.000000,0.000000,1.000000,5997.000000,40.000000,39.251709
6000.000000,1.000000,66.000000,0.000000,1.000000,5997.000000,40.000000,39.251709
6000.000000,1.000000,66.000000,0.000000,1.000000,5997.000000,40.000000,39.251709
6000.000000,1.000000,66.000000,0.000000,1.000000,5997.000000,40.000000,39.251709
6000.000000,1.000000,66.000000,0.000000,1.000000,5997.000000,40.000000,39.251709
6000.000000,1.000000,66.000000,0.000000,1.000000,5997.000000,40.000000,39.251709
6000.000000,1.000000,66.000000,0.000000,1.000000,5997.000000,40.000000,39.251709
6000.000000,1.000000,66.000000,0.000000,1.000000,5997.000000,40.000000,39.251709
6000.000000,1.000000,66.000000,0.000000,1.000000,5997.000000,40.000000,39.251709
6000.000000,1.000000,66.000000,0.000000,1.000000,5997.000000,40.000000,39.251709
6000.000000,1.000000,66.000000,0.000000,1.000000,5997.000000,40.000000,39.251709
6000.000000,1.000000,66.000000,0.000000,1.000000,5997.000000,40.000000,39.251709
6000.000000,1.000000,66.000000,0.000000,1.000000,5997.000000,40.000000,39.251709
6000.000000,1.000000,66.000000,0.000000,1.000000,5997.000000,40.000000,39.251709
6000.000000,1.000000,66.000000,0.000000,1.000000,5997.000000,40.000000,39.251709
6000.000000,1.000000,66.000000,0.000000,1.000000,5997.000000,40.000000,39.251709
6000.000000,1.000000,66.000000,0.000000,1.000000,5997.000000,40.000000,39.251709
6000.000000,1.000000,66.000000,0.000000,1.000000,5997.000000,40.000000,39.251709
6000.000000,1.000000,66.000000,0.000000,1.000000,5997.000000,40.000000,39.251709
6000.000000,1.000000,66.000000,0.000000,1.000000,5997.000000,40.000000,39.251709
6000.000000,1.000000,66.000000,0.000000,1.000000,5997.000000,40.000000,39.251709
6000.000000,1.000000,66.000000,0.000000,1.000000,5997.000000,40.000000,39.251709
6000.000000,1.000000,66.000000,0.000000,1.000000,5997.000000,40.000000,39.251709
6000.000000,1.000000,66.000000,0.000000,1.000000,5997.000000,40.000000,39.251709
6000.000000,1.000000,66.000000,0.000000,1.000000,5997.000000,40.000000,39.251709
6000.000000,1.000000,66.000000,0.000000,1.000000,5997.000000,40.000000,39.251709
6000.000000,1.000000,66.000000,0.000000,1.000000,5997.000000,40.000000,39.251709
6000.000000,1.000000,66.000000,0.000000,1.000000,5997.000000,40.000000,39.251709
6000.000000,1.000000,66.000000,0.000000,1.000000,5997.000000,40.000000,39.251709
6000.000000,1.000000,66.000000,0.000000,1.000000,5997.000000,40.000000,39.251709
6000.000000,1.000000,66.000000,0.000000,1.000000,5997.000000,40.000000,39.251709
6000.000000,1.000000,66.000000,0.000000,1.000000,5997.000000,40.000000,39.251709
6000.000000,1.000000,66.000000,0.000000,1.000000,5997.000000,40.000000,39.251709
6000.000000,1.000000,66.000000,0.000000,1.000000,5997.000000,40.000000,39.251709
6000.000000,1.000000,66.000000,0.000000,1.000000,5997.000000,40.000000,39.251709
6000.000000,1.000000,66.000000,0.000000,1.000000,5997.000000,40.000000,39.251709
6000.000000,1.000000,66.000000,0.000000,1.000000,5997.000000,40.000000,39.251709
6000.000000,1.000000,66.000000,0.000000,1.000000,5997.000000,40.000000,39.251709
6000.000000,1.000000,66.000000,0.000000,1.000000,5997.000000,40.000000,39.251709
6000.000000,1.000000,66.000000,0.000000,1.000000,5997.000000,40.000000,39.251709
6000.000000,1.000000,66.000000,0.000000,1.000000,5997.000000,40.000000,39.251709
6000.000000,1.000000,66.000000,0.000000,1.000000,5997.000000,40.000000,39.251709
6000.000000,1.000000,66.000000,0.000000,1.000000,5997.000000,40.000000,39.251709
6000.000000,1.000000,66.000000,0.000000,1.000000,5997.000000,40.000000,39.251709
6000.000000,1.000000,66.000000,0.000000,1.000000,5997.000000,40.000000,39.251709
6000.000000,1.000000,66.000000,0.000000,1.000000,5997.000000,40.000000,39.251709
6000.000000,1.000000,66.000000,0.000000,1.000000,5997.000000,40.000000,39.251709
6000.000000,1.000000,66.000000,0.000000,1.000000,5997.000000,40.000000,39.251709
6000.000000,1.000000,66.000000,0.000000,1.000000,5997.000000,40.000000,39.251709
6000.000000,1.000000,66.000000,0.000000,1.000000,5997.000000,40.000000,39.251709
6000.000000,1.000000,66.000000,0.000000,1.000000,5997.000000,40.000000,39.251709
6000.000000,1.000000,66.000000,0.000000,1.000000,5997.000000,40.000000,39.251709
6000.000000,1.000000,66.000000,0.000000,1.000000,5997.000000,40.000000,39.251709
6000.000000,1.000000,66.000000,0.000000,1.000000,5997.000000,40.000000,39.251709
6000.000000,1.000000,66.000000,0.000000,1.000000,5997.000000,40.000000,39.251709
6000.000000,1.000000,66.000000,0.000000,1.000000,5997.000000,40.000000,39.251709
6000.000000,1.000000,66.000000,0.000000,1.000000,5997.000000,40.000000,39.251709
6000.000000,1.000000,66.000000,0.000000,1.000000,5997.000000,40.000000,39.251709
6000.000000,1.000000,66.000000,0.000000,1.000000,5997.000000,40.000000,39.251709
6000.000000,1.000000,66.000000,0.000000,1.000000,5997.000000,40.000000,39.251709
6000.000000,1.000000,66.000000,0.000000,1.000000,5997.000000,40.000000,39.251709
6000.000000,1.000000,66.000000,0.000000,1.000000,5997.000000,40.000000,39.251709
6000.000000,1.000000,66.000000,0.000000,1.000000,5997.000000,40.000000,39.251709
6000.000000,1.000000,66.000000,0.000000,1.000000,5997.000000,40.000000,39.251709
6000.000000,1.000000,66.000000,0.000000,1.000000,5997.000000,40.000000,39.251709
6000.000000,1.000000,66.000000,0.000000,1.000000,5997.000000,40.000000,39.251709
6000.000000,1.000000,66.000000,0.000000,1.000000,5997.000000,40.000000,39.251709
6000.000000,1.000000,66.000000,0.000000,1.000000,5997.000000,40.000000,39.251709
6000.000000,1.000000,66.000000,0.000000,1.000000,5997.000000,40.000000,39.251709
6000.000000,1.000000,66.000000,0.000000,1.000000,5997.000000,40.000000,39.251709
6000.000000,1.000000,66.000000,0.000000,1.000000,5997.000000,40.000000,39.251709
6000.000000,1.000000,66.000000,0.000000,1.000000,5997.000000,40.000000,39.251709
6000.000000,1.000000,66.000000,0.000000,1.000000,5997.000000,40.000000,39.251709
6000.000000,1.000000,66.000000,0.000000,1.000000,5997.000000,40.000000,39.251709
6000.000000,1.000000,66.000000,0.000000,1.000000,5997.000000,40.000000,39.251709
6000.000000,1.000000,66.000000,0.000000,1.000000,5997.000000,40.000000,39.251709
6000.000000,1.000000,66.000000,0.000000,1.000000,5997.000000,40.000000,39.251709
6000.000000,1.000000,66.000000,0.000000,1.000000,5997.000000,40.000000,39.251709
6000.000000,1.000000,66.000000,0.000000,1.000000,5997.000000,40.000000,39.251709
6000.000000,1.000000,66.000000,0.000000,1.000000,5997.000000,40.000000,39.251709
6000.000000,1.000000,66.000000,0.000000,1.000000,5997.000000,40.000000,39.251709
6000.000000,1.000000,66.000000,0.000000,1.000000,5997.000000,40.000000,39.251709
6000.000000,1.000000,66.000000,0.000000,1.000000,5997.000000,40.000000,39.251709
6000.000000,1.000000,66.000000,0.000000,1.000000,5997.000000,40.000000,39.251709
6000.000000,1.000000,66.000000,0.000000,1.000000,5997.000000,40.000000,39.251709
6000.000000,1.000000,66.000000,0.000000,1.000000,5997.000000,40.000000,39.251709
6000.000000,1.000000,66.000000,0.000000,1.000000,5997.000000,40.000000,39.251709
6000.000000,1.000000,66.000000,0.000000,1.000000,5997.000000,40.000000,39.251709
6000.000000,1.000000,66.000000,0.000000,1.000000,5997.000000,40.000000,39.251709
6000.000000,1.000000,66.000000,0.000000,1.000000,5997.000000,40.000000,39.251709
6000.000000,1.000000,66.000000,0.000000,1.000000,5997.000000,40.000000,39.251709
6000.000000,1.000000,66.000000,0.000000,1.000000,5997.000000,40.000000,39.251709
6000.000000,1.000000,66.000000,0.000000,1.000000,5997.000000,40.000000,39.251709
6000.000000,1.000000,66.000000,0.000000,1.000000,5997.000000,40.000000,39.251709
6000.000000,1.000000,66.000000,0.000000,1.000000,5997.000000,40.000000,39.251709
6000.000000,1.000000,66.000000,0.000000,1.000000,5997.000000,40.000000,39.251709
6000.000000,1.000000,66.000000,0.000000,1.000000,5997.000000,40.000000,39.251709
6000.000000,1.000000,66.000000,0.000000,1.000000,5997.000000,40.000000,39.251709
6000.000000,1.000000,66.000000,0.000000,1.000000,5997.000000,40.000000,39.251709
6000.000000,1.000000,66.000000,0.000000,1.000000,5997.000000,40.000000,39.251709
6000.000000,1.000000,66.000000,0.000000,1.000000,5997.000000,40.000000,39.251709
6000.000000,1.000000,66.000000,0.000000,1.000000,5997.000000,40.000000,39.251709
6000.000000,1.000000,66.000000,0.000000,1.000000,5997.000000,40.000000,39.251709
6000.000000,1.000000,66.000000,0.000000,1.000000,5997.000000,40.000000,39.251709
6000.000000,1.000000,66.000000,0.000000,1.000000,5997.000000,40.000000,39.251709
6000.000000,1.000000,66.000000,0.000000,1.000000,5997.000000,40.000000,39.251709
6000.000000,1.000000,66.000000,0.000000,1.000000,5997.000000,40.000000,39.251709
6000.000000,1.000000,66.000000,0.000000,1.000000,5997.000000,40.000000,39.251709
6000.000000,1.000000,66.000000,1.000000,0.000000,370.000000,0.000000,0.000000
6000.000000,1.000000,66.000000,1.000000,0.000000,2002.000000,0.000000,0.000000
6000.000000,1.000000,66.000000,1.000000,0.000000,3695.000000,0.000000,0.000000
6000.000000,1.000000,66.000000,1.000000,0.000000,5365.000000,0.000000,0.000000
6000.000000,1.000000,66.000000,1.000000,0.000000,5861.000000,0.000000,0.000000
6000.000000,1.000000,66.000000,1.000000,0.000000,5980.000000,0.000000,0.000000
6000.000000,1.000000,66.000000,1.000000,0.000000,6012.000000,0.000000,0.000000
6000.000000,1.000000,66.000000,1.000000,0.000000,6020.000000,0.000000,0.000000
6000.000000,1.000000,66.000000,1.000000,0.000000,6030.000000,0.000000,0.000000
6000.000000,1.000000,66.000000,1.000000,0.000000,6033.000000,0.000000,0.000000
6000.000000,1.000000,66.000000,1.000000,0.000000,6028.000000,0.000000,0.000000
6000.000000,1.000000,66.000000,1.000000,0.000000,6028.000000,0.000000,0.000000
6000.000000,1.000000,66.000000,1.000000,0.000000,6033.000000,0.000000,0.000000
6000.000000,1.000000,66.000000,1.000000,0.000000,6028.000000,0.000000,0.000000
6000.000000,1.000000,66.000000,1.000000,0.000000,6030.000000,0.000000,0.000000
6000.000000,1.000000,66.000000,1.000000,0.000000,6026.000000,0.000000,0.000000
6000.000000,1.000000,66.000000,1.000000,0.000000,6022.000000,0.000000,0.000000
6000.000000,1.000000,66.000000,1.000000,0.000000,6043.000000,0.000000,0.000000
6000.000000,1.000000,66.000000,1.000000,0.000000,6022.000000,0.000000,0.000000
6000.000000,1.000000,66.000000,1.000000,0.000000,6043.000000,0.000000,0.000000
6000.000000,1.000000,66.000000,1.000000,0.000000,6041.000000,0.000000,0.000000
6000.000000,1.000000,66.000000,1.000000,0.000000,6039.000000,0.000000,0.000000
6000.000000,1.000000,66.000000,1.000000,0.000000,6039.000000,0.000000,0.000000
6000.000000,1.000000,66.000000,1.000000,0.000000,6035.000000,0.000000,0.000000
6000.000000,1.000000,66.000000,1.000000,0.000000,6030.000000,0.000000,0.000000
6000.000000,1.000000,66.000000,1.000000,0.000000,6039.000000,0.000000,-0.002441
6000.000000,1.000000,66.000000,1.000000,0.000000,6041.000000,0.000000,-0.001221
6000.000000,1.000000,66.000000,1.000000,0.000000,6045.000000,0.000000,0.000000
6000.000000,1.000000,66.000000,1.000000,0.000000,6049.000000,40.000000,0.053711
6000.000000,1.000000,66.000000,1.000000,0.000000,6053.000000,40.000000,3.254395
6000.000000,1.000000,66.000000,1.000000,0.000000,6056.000000,40.000000,6.990967
6000.000000,1.000000,66.000000,1.000000,0.000000,6060.000000,40.000000,10.889893
6000.000000,1.000000,66.000000,1.000000,0.000000,6060.000000,40.000000,14.739990
6000.000000,1.000000,66.000000,1.000000,0.000000,6058.000000,40.000000,18.709717
6000.000000,1.000000,66.000000,1.000000,0.000000,6058.000000,40.000000,22.403564
6000.000000,1.000000,66.000000,1.000000,0.000000,6060.000000,40.000000,25.961914
6000.000000,1.000000,66.000000,1.000000,0.000000,6051.000000,40.000000,29.765625
6000.000000,1.000000,66.000000,1.000000,0.000000,6024.000000,40.000000,33.409424
6000.000000,1.000000,66.000000,1.000000,0.000000,6020.000000,40.000000,36.079102
6000.000000,1.000000,66.000000,1.000000,0.000000,6016.000000,40.000000,37.285156
6000.000000,1.000000,66.000000,1.000000,0.000000,6014.000000,40.000000,37.969971
6000.000000,1.000000,66.000000,1.000000,0.000000,6005.000000,40.000000,38.134766
6000.000000,1.000000,66.000000,1.000000,0.000000,5997.000000,40.000000,38.325195
6000.000000,1.000000,66.000000,1.000000,0.000000,5884.000000,40.000000,38.842773
6000.000000,1.000000,66.000000,0.000000,1.000000,5907.000000,40.000000,39.271240
6000.000000,1.000000,66.000000,0.000000,1.000000,5907.000000,40.000000,39.271240
6000.000000,1.000000,66.000000,0.000000,1.000000,5907.000000,40.000000,39.271240
6000.000000,1.000000,66.000000,0.000000,1.000000,5907.000000,40.000000,39.271240
6000.000000,1.000000,66.000000,0.000000,1.000000,5907.000000,40.000000,39.271240
6000.000000,1.000000,66.000000,0.000000,1.000000,5907.000000,40.000000,39.271240
6000.000000,1.000000,66.000000,0.000000,1.000000,5907.000000,40.000000,39.271240
6000.000000,1.000000,66.000000,0.000000,1.000000,5907.000000,40.000000,39.271240
6000.000000,1.000000,66.000000,0.000000,1.000000,5907.000000,40.000000,39.271240
6000.000000,1.000000,66.000000,0.000000,1.000000,5907.000000,40.000000,39.271240
6000.000000,1.000000,66.000000,0.000000,1.000000,5907.000000,40.000000,39.271240
6000.000000,1.000000,66.000000,0.000000,1.000000,5907.000000,40.000000,39.271240
6000.000000,1.000000,66.000000,0.000000,1.000000,5907.000000,40.000000,39.271240
6000.000000,1.000000,66.000000,0.000000,1.000000,5907.000000,40.000000,39.271240
6000.000000,1.000000,66.000000,0.000000,1.000000,5907.000000,40.000000,39.271240
6000.000000,1.000000,66.000000,0.000000,1.000000,5907.000000,40.000000,39.271240
6000.000000,1.000000,66.000000,0.000000,1.000000,5907.000000,40.000000,39.271240
6000.000000,1.000000,66.000000,0.000000,1.000000,5907.000000,40.000000,39.271240
6000.000000,1.000000,66.000000,0.000000,1.000000,5907.000000,40.000000,39.271240
6000.000000,1.000000,66.000000,0.000000,1.000000,5907.000000,40.000000,39.271240
6000.000000,1.000000,66.000000,0.000000,1.000000,5907.000000,40.000000,39.271240
6000.000000,1.000000,66.000000,0.000000,1.000000,5907.000000,40.000000,39.271240
6000.000000,1.000000,66.000000,0.000000,1.000000,5907.000000,40.000000,39.271240
6000.000000,1.000000,66.000000,0.000000,1.000000,5907.000000,40.000000,39.271240
6000.000000,1.000000,66.000000,0.000000,1.000000,5907.000000,40.000000,39.271240
6000.000000,1.000000,66.000000,0.000000,1.000000,5907.000000,40.000000,39.271240
6000.000000,1.000000,66.000000,0.000000,1.000000,5907.000000,40.000000,39.271240
6000.000000,1.000000,66.000000,0.000000,1.000000,5907.000000,40.000000,39.271240
6000.000000,1.000000,66.000000,0.000000,1.000000,5907.000000,40.000000,39.271240
6000.000000,1.000000,66.000000,0.000000,1.000000,5907.000000,40.000000,39.271240
6000.000000,1.000000,66.000000,0.000000,1.000000,5907.000000,40.000000,39.271240
6000.000000,1.000000,66.000000,0.000000,1.000000,5907.000000,40.000000,39.271240
6000.000000,1.000000,66.000000,0.000000,1.000000,5907.000000,40.000000,39.271240
6000.000000,1.000000,66.000000,0.000000,1.000000,5907.000000,40.000000,39.271240
6000.000000,1.000000,66.000000,0.000000,1.000000,5907.000000,40.000000,39.271240
6000.000000,1.000000,66.000000,0.000000,1.000000,5907.000000,40.000000,39.271240
6000.000000,1.000000,66.000000,0.000000,1.000000,5907.000000,40.000000,39.271240
6000.000000,1.000000,66.000000,0.000000,1.000000,5907.000000,40.000000,39.271240
6000.000000,1.000000,66.000000,0.000000,1.000000,5907.000000,40.000000,39.271240
6000.000000,1.000000,66.000000,0.000000,1.000000,5907.000000,40.000000,39.271240
6000.000000,1.000000,66.000000,0.000000,1.000000,5907.000000,40.000000,39.271240
6000.000000,1.000000,66.000000,0.000000,1.000000,5907.000000,40.000000,39.271240
6000.000000,1.000000,66.000000,0.000000,1.000000,5907.000000,40.000000,39.271240
6000.000000,1.000000,66.000000,0.000000,1.000000,5907.000000,40.000000,39.271240
6000.000000,1.000000,66.000000,0.000000,1.000000,5907.000000,40.000000,39.271240
6000.000000,1.000000,66.000000,0.000000,1.000000,5907.000000,40.000000,39.271240
6000.000000,1.000000,66.000000,0.000000,1.000000,5907.000000,40.000000,39.271240
6000.000000,1.000000,66.000000,0.000000,1.000000,5907.000000,40.000000,39.271240
6000.000000,1.000000,66.000000,0.000000,1.000000,5907.000000,40.000000,39.271240
6000.000000,1.000000,66.000000,0.000000,1.000000,5907.000000,40.000000,39.271240
6000.000000,1.000000,66.000000,0.000000,1.000000,5907.000000,40.000000,39.271240
6000.000000,1.000000,66.000000,0.000000,1.000000,5907.000000,40.000000,39.271240
6000.000000,1.000000,66.000000,0.000000,1.000000,5907.000000,40.000000,39.271240
6000.000000,1.000000,66.000000,0.000000,1.000000,5907.000000,40.000000,39.271240
6000.000000,1.000000,66.000000,0.000000,1.000000,5907.000000,40.000000,39.271240
6000.000000,1.000000,66.000000,0.000000,1.000000,5907.000000,40.000000,39.271240
6000.000000,1.000000,66.000000,0.000000,1.000000,5907.000000,40.000000,39.271240
6000.000000,1.000000,66.000000,0.000000,1.000000,5907.000000,40.000000,39.271240
6000.000000,1.000000,66.000000,0.000000,1.000000,5907.000000,40.000000,39.271240
6000.000000,1.000000,66.000000,0.000000,1.000000,5907.000000,40.000000,39.271240
6000.000000,1.000000,66.000000,0.000000,1.000000,5907.000000,40.000000,39.271240
6000.000000,1.000000,66.000000,0.000000,1.000000,5907.000000,40.000000,39.271240
6000.000000,1.000000,66.000000,0.000000,1.000000,5907.000000,40.000000,39.271240
6000.000000,1.000000,66.000000,0.000000,1.000000,5907.000000,40.000000,39.271240
6000.000000,1.000000,66.000000,0.000000,1.000000,5907.000000,40.000000,39.271240
6000.000000,1.000000,66.000000,0.000000,1.000000,5907.000000,40.000000,39.271240
6000.000000,1.000000,66.000000,0.000000,1.000000,5907.000000,40.000000,39.271240
6000.000000,1.000000,66.000000,0.000000,1.000000,5907.000000,40.000000,39.271240
6000.000000,1.000000,66.000000,0.000000,1.000000,5907.000000,40.000000,39.271240
6000.000000,1.000000,66.000000,0.000000,1.000000,5907.000000,40.000000,39.271240
6000.000000,1.000000,66.000000,0.000000,1.000000,5907.000000,40.000000,39.271240
6000.000000,1.000000,66.000000,0.000000,1.000000,5907.000000,40.000000,39.271240
6000.000000,1.000000,66.000000,0.000000,1.000000,5907.000000,40.000000,39.271240
6000.000000,1.000000,66.000000,0.000000,1.000000,5907.000000,40.000000,39.271240
6000.000000,1.000000,66.000000,0.000000,1.000000,5907.000000,40.000000,39.271240
6000.000000,1.000000,66.000000,0.000000,1.000000,5907.000000,40.000000,39.271240
6000.000000,1.000000,66.000000,0.000000,1.000000,5907.000000,40.000000,39.271240
6000.000000,1.000000,66.000000,0.000000,1.000000,5907.000000,40.000000,39.271240
6000.000000,1.000000,66.000000,0.000000,1.000000,5907.000000,40.000000,39.271240
6000.000000,1.000000,66.000000,0.000000,1.000000,5907.000000,40.000000,39.271240
6000.000000,1.000000,66.000000,0.000000,1.000000,5907.000000,40.000000,39.271240
6000.000000,1.000000,66.000000,0.000000,1.000000,5907.000000,40.000000,39.271240
6000.000000,1.000000,66.000000,0.000000,1.000000,5907.000000,40.000000,39.271240
6000.000000,1.000000,66.000000,0.000000,1.000000,5907.000000,40.000000,39.271240
6000.000000,1.000000,66.000000,0.000000,1.000000,5907.000000,40.000000,39.271240
6000.000000,1.000000,66.000000,0.000000,1.000000,5907.000000,40.000000,39.271240
6000.000000,1.000000,66.000000,0.000000,1.000000,5907.000000,40.000000,39.271240
6000.000000,1.000000,66.000000,0.000000,1.000000,5907.000000,40.000000,39.271240
6000.000000,1.000000,66.000000,0.000000,1.000000,5907.000000,40.000000,39.271240
6000.000000,1.000000,66.000000,0.000000,1.000000,5907.000000,40.000000,39.271240
6000.000000,1.000000,66.000000,0.000000,1.000000,5907.000000,40.000000,39.271240
6000.000000,1.000000,66.000000,0.000000,1.000000,5907.000000,40.000000,39.271240
6000.000000,1.000000,66.000000,0.000000,1.000000,5907.000000,40.000000,39.271240
6000.000000,1.000000,66.000000,0.000000,1.000000,5907.000000,40.000000,39.271240
6000.000000,1.000000,66.000000,0.000000,1.000000,5907.000000,40.000000,39.271240
6000.000000,1.000000,66.000000,0.000000,1.000000,5907.000000,40.000000,39.271240
6000.000000,1.000000,66.000000,0.000000,1.000000,5907.000000,40.000000,39.271240
6000.000000,1.000000,66.000000,0.000000,1.000000,5907.000000,40.000000,39.271240
6000.000000,1.000000,66.000000,0.000000,1.000000,5907.000000,40.000000,39.271240
6000.000000,1.000000,66.000000,0.000000,1.000000,5907.000000,40.000000,39.271240
6000.000000,1.000000,66.000000,0.000000,1.000000,5907.000000,40.000000,39.271240
6000.000000,1.000000,66.000000,0.000000,1.000000,5907.000000,40.000000,39.271240
6000.000000,1.000000,66.000000,0.000000,1.000000,5907.000000,40.000000,39.271240
6000.000000,1.000000,66.000000,0.000000,1.000000,5907.000000,40.000000,39.271240
6000.000000,1.000000,66.000000,0.000000,1.000000,5907.000000,40.000000,39.271240
6000.000000,1.000000,66.000000,0.000000,1.000000,5907.000000,40.000000,39.271240
6000.000000,1.000000,66.000000,0.000000,1.000000,5907.000000,40.000000,39.271240
6000.000000,1.000000,66.000000,0.000000,1.000000,5907.000000,40.000000,39.271240
6000.000000,1.000000,66.000000,0.000000,1.000000,5907.000000,40.000000,39.271240
6000.000000,1.000000,66.000000,0.000000,1.000000,5907.000000,40.000000,39.271240
6000.000000,1.000000,66.000000,0.000000,1.000000,5907.000000,40.000000,39.271240
6000.000000,1.000000,66.000000,0.000000,1.000000,5907.000000,40.000000,39.271240
6000.000000,1.000000,66.000000,0.000000,1.000000,5907.000000,40.000000,39.271240
6000.000000,1.000000,66.000000,0.000000,1.000000,5907.000000,40.000000,39.271240
6000.000000,1.000000,66.000000,0.000000,1.000000,5907.000000,40.000000,39.271240
6000.000000,1.000000,66.000000,0.000000,1.000000,5907.000000,40.000000,39.271240
6000.000000,1.000000,66.000000,0.000000,1.000000,5907.000000,40.000000,39.271240
6000.000000,1.000000,66.000000,0.000000,1.000000,5907.000000,40.000000,39.271240
6000.000000,1.000000,66.000000,0.000000,1.000000,5907.000000,40.000000,39.271240
6000.000000,1.000000,66.000000,0.000000,1.000000,5907.000000,40.000000,39.271240
6000.000000,1.000000,66.000000,0.000000,1.000000,5907.000000,40.000000,39.271240
6000.000000,1.000000,66.000000,0.000000,1.000000,5907.000000,40.000000,39.271240
6000.000000,1.000000,66.000000,0.000000,1.000000,5907.000000,40.000000,39.271240
6000.000000,1.000000,66.000000,0.000000,1.000000,5907.000000,40.000000,39.271240
6000.000000,1.000000,66.000000,0.000000,1.000000,5907.000000,40.000000,39.271240
6000.000000,1.000000,66.000000,0.000000,1.000000,5907.000000,40.000000,39.271240
6000.000000,1.000000,66.000000,0.000000,1.000000,5907.000000,40.000000,39.271240
6000.000000,1.000000,66.000000,0.000000,1.000000,5907.000000,40.000000,39.271240
6000.000000,1.000000,66.000000,0.000000,1.000000,5907.000000,40.000000,39.271240
6000.000000,1.000000,66.000000,0.000000,1.000000,5907.000000,40.000000,39.271240
6000.000000,1.000000,66.000000,0.000000,1.000000,5907.000000,40.000000,39.271240
6000.000000,1.000000,66.000000,0.000000,1.000000,5907.000000,40.000000,39.271240
6000.000000,1.000000,66.000000,0.000000,1.000000,5907.000000,40.000000,39.271240
6000.000000,1.000000,66.000000,0.000000,1.000000,5907.000000,40.000000,39.271240
6000.000000,1.000000,66.000000,0.000000,1.000000,5907.000000,40.000000,39.271240
6000.000000,1.000000,66.000000,0.000000,1.000000,5907.000000,40.000000,39.271240
6000.000000,1.000000,66.000000,0.000000,1.000000,5907.000000,40.000000,39.271240
6000.000000,1.000000,66.000000,0.000000,1.000000,5907.000000,40.000000,39.271240
6000.000000,1.000000,66.000000,0.000000,1.000000,5907.000000,40.000000,39.271240
6000.000000,1.000000,66.000000,0.000000,1.000000,5907.000000,40.000000,39.271240
6000.000000,1.000000,66.000000,0.000000,1.000000,5907.000000,40.000000,39.271240
6000.000000,1.000000,66.000000,0.000000,1.000000,5907.000000,40.000000,39.271240
6000.000000,1.000000,66.000000,0.000000,1.000000,5907.000000,40.000000,39.271240
6000.000000,1.000000,66.000000,0.000000,1.000000,5907.000000,40.000000,39.271240
6000.000000,1.000000,66.000000,0.000000,1.000000,5907.000000,40.000000,39.271240
6000.000000,1.000000,66.000000,0.000000,1.000000,5907.000000,40.000000,39.271240
6000.000000,1.000000,66.000000,0.000000,1.000000,5907.000000,40.000000,39.271240
6000.000000,1.000000,66.000000,0.000000,1.000000,5907.000000,40.000000,39.271240
6000.000000,1.000000,66.000000,0.000000,1.000000,5907.000000,40.000000,39.271240
6000.000000,1.000000,66.000000,0.000000,1.000000,5907.000000,40.000000,39.271240
6000.000000,1.000000,66.000000,0.000000,1.000000,5907.000000,40.000000,39.271240
6000.000000,1.000000,66.000000,0.000000,1.000000,5907.000000,40.000000,39.271240
6000.000000,1.000000,66.000000,0.000000,1.000000,5907.000000,40.000000,39.271240
6000.000000,1.000000,66.000000,0.000000,1.000000,5907.000000,40.000000,39.271240
6000.000000,1.000000,66.000000,0.000000,1.000000,5907.000000,40.000000,39.271240
6000.000000,1.000000,66.000000,0.000000,1.000000,5907.000000,40.000000,39.271240
6000.000000,1.000000,66.000000,0.000000,1.000000,5907.000000,40.000000,39.271240
6000.000000,1.000000,66.000000,0.000000,1.000000,5907.000000,40.000000,39.271240
6000.000000,1.000000,66.000000,0.000000,1.000000,5907.000000,40.000000,39.271240
6000.000000,1.000000,66.000000,0.000000,1.000000,5907.000000,40.000000,39.271240
6000.000000,1.000000,66.000000,0.000000,1.000000,5907.000000,40.000000,39.271240
6000.000000,1.000000,66.000000,0.000000,1.000000,5907.000000,40.000000,39.271240
6000.000000,1.000000,66.000000,0.000000,1.000000,5907.000000,40.000000,39.271240
6000.000000,1.000000,66.000000,0.000000,1.000000,5907.000000,40.000000,39.271240
6000.000000,1.000000,66.000000,0.000000,1.000000,5907.000000,40.000000,39.271240
6000.000000,1.000000,66.000000,0.000000,1.000000,5907.000000,40.000000,39.271240
6000.000000,1.000000,66.000000,0.000000,1.000000,5907.000000,40.000000,39.271240
6000.000000,1.000000,66.000000,0.000000,1.000000,5907.000000,40.000000,39.271240
6000.000000,1.000000,66.000000,0.000000,1.000000,5907.000000,40.000000,39.271240
6000.000000,1.000000,66.000000,0.000000,1.000000,5907.000000,40.000000,39.271240
6000.000000,1.000000,66.000000,0.000000,1.000000,5907.000000,40.000000,39.271240
6000.000000,1.000000,66.000000,0.000000,1.000000,5907.000000,40.000000,39.271240
6000.000000,1.000000,66.000000,0.000000,1.000000,5907.000000,40.000000,39.271240
6000.000000,1.000000,66.000000,0.000000,1.000000,5907.000000,40.000000,39.271240
6000.000000,1.000000,66.000000,0.000000,1.000000,5907.000000,40.000000,39.271240
6000.000000,1.000000,66.000000,0.000000,1.000000,5907.000000,40.000000,39.271240
6000.000000,1.000000,66.000000,0.000000,1.000000,5907.000000,40.000000,39.271240
6000.000000,1.000000,66.000000,0.000000,1.000000,5907.000000,40.000000,39.271240
6000.000000,1.000000,66.000000,0.000000,1.000000,5907.000000,40.000000,39.271240
6000.000000,1.000000,66.000000,0.000000,1.000000,5907.000000,40.000000,39.271240
6000.000000,1.000000,66.000000,0.000000,1.000000,5907.000000,40.000000,39.271240
6000.000000,1.000000,66.000000,0.000000,1.000000,5907.000000,40.000000,39.271240
6000.000000,1.000000,66.000000,0.000000,1.000000,5907.000000,40.000000,39.271240
6000.000000,1.000000,66.000000,0.000000,1.000000,5907.000000,40.000000,39.271240
6000.000000,1.000000,66.000000,0.000000,1.000000,5907.000000,40.000000,39.271240
6000.000000,1.000000,66.000000,0.000000,1.000000,5907.000000,40.000000,39.271240
6000.000000,1.000000,66.000000,0.000000,1.000000,5907.000000,40.000000,39.271240
6000.000000,1.000000,66.000000,0.000000,1.000000,5907.000000,40.000000,39.271240
6000.000000,1.000000,66.000000,0.000000,1.000000,5907.000000,40.000000,39.271240
6000.000000,1.000000,66.000000,0.000000,1.000000,5907.000000,40.000000,39.271240
6000.000000,1.000000,66.000000,0.000000,1.000000,5907.000000,40.000000,39.271240
6000.000000,1.000000,66.000000,0.000000,1.000000,5907.000000,40.000000,39.271240
6000.000000,1.000000,66.000000,0.000000,1.000000,5907.000000,40.000000,39.271240
6000.000000,1.000000,66.000000,0.000000,1.000000,5907.000000,40.000000,39.271240
6000.000000,1.000000,66.000000,0.000000,1.000000,5907.000000,40.000000,39.271240
6000.000000,1.000000,66.000000,0.000000,1.000000,5907.000000,40.000000,39.271240
6000.000000,1.000000,66.000000,0.000000,1.000000,5907.000000,40.000000,39.271240
6000.000000,1.000000,66.000000,0.000000,1.000000,5907.000000,40.000000,39.271240
6000.000000,1.000000,66.000000,0.000000,1.000000,5907.000000,40.000000,39.271240
6000.000000,1.000000,66.000000,0.000000,1.000000,5907.000000,40.000000,39.271240
6000.000000,1.000000,66.000000,0.000000,1.000000,5907.000000,40.000000,39.271240
6000.000000,1.000000,66.000000,0.000000,1.000000,5907.000000,40.000000,39.271240
6000.000000,1.000000,66.000000,0.000000,1.000000,5907.000000,40.000000,39.271240
6000.000000,1.000000,66.000000,0.000000,1.000000,5907.000000,40.000000,39.271240
6000.000000,1.000000,66.000000,0.000000,1.000000,5907.000000,40.000000,39.271240
6000.000000,1.000000,66.000000,0.000000,1.000000,5907.000000,40.000000,39.271240
6000.000000,1.000000,66.000000,0.000000,1.000000,5907.000000,40.000000,39.271240
6000.000000,1.000000,66.000000,0.000000,1.000000,5907.000000,40.000000,39.271240
6000.000000,1.000000,66.000000,0.000000,1.000000,5907.000000,40.000000,39.271240
6000.000000,1.000000,66.000000,0.000000,1.000000,5907.000000,40.000000,39.271240
6000.000000,1.000000,66.000000,0.000000,1.000000,5907.000000,40.000000,39.271240
6000.000000,1.000000,66.000000,0.000000,1.000000,5907.000000,40.000000,39.271240
6000.000000,1.000000,66.000000,0.000000,1.000000,5907.000000,40.000000,39.271240
6000.000000,1.000000,66.000000,0.000000,1.000000,5907.000000,40.000000,39.271240
6000.000000,1.000000,66.000000,0.000000,1.000000,5907.000000,40.000000,39.271240
6000.000000,1.000000,66.000000,0.000000,1.000000,5907.000000,40.000000,39.271240
6000.000000,1.000000,66.000000,0.000000,1.000000,5907.000000,40.000000,39.271240
6000.000000,1.000000,66.000000,0.000000,1.000000,5907.000000,40.000000,39.271240
6000.000000,1.000000,66.000000,0.000000,1.000000,5907.000000,40.000000,39.271240
6000.000000,1.000000,66.000000,0.000000,1.000000,5907.000000,40.000000,39.271240
6000.000000,1.000000,66.000000,0.000000,1.000000,5907.000000,40.000000,39.271240
6000.000000,1.000000,66.000000,0.000000,1.000000,5907.000000,40.000000,39.271240
6000.000000,1.000000,66.000000,0.000000,1.000000,5907.000000,40.000000,39.271240
6000.000000,1.000000,66.000000,0.000000,1.000000,5907.000000,40.000000,39.271240
6000.000000,1.000000,66.000000,0.000000,1.000000,5907.000000,40.000000,39.271240
6000.000000,1.000000,66.000000,0.000000,1.000000,5907.000000,40.000000,39.271240
6000.000000,1.000000,66.000000,0.000000,1.000000,5907.000000,40.000000,39.271240
6000.000000,1.000000,66.000000,0.000000,1.000000,5907.000000,40.000000,39.271240
6000.000000,1.000000,66.000000,0.000000,1.000000,5907.000000,40.000000,39.271240
6000.000000,1.000000,66.000000,0.000000,1.000000,5907.000000,40.000000,39.271240
6000.000000,1.000000,66.000000,0.000000,1.000000,5907.000000,40.000000,39.271240
6000.000000,1.000000,66.000000,0.000000,1.000000,5907.000000,40.000000,39.271240
6000.000000,1.000000,66.000000,0.000000,1.000000,5907.000000,40.000000,39.271240
6000.000000,1.000000,66.000000,0.000000,1.000000,5907.000000,40.000000,39.271240
6000.000000,1.000000,66.000000,0.000000,1.000000,5907.000000,40.000000,39.271240
6000.000000,1.000000,66.000000,0.000000,1.000000,5907.000000,40.000000,39.271240
6000.000000,1.000000,66.000000,0.000000,1.000000,5907.000000,40.000000,39.271240
6000.000000,1.000000,66.000000,0.000000,1.000000,5907.000000,40.000000,39.271240
6000.000000,1.000000,66.000000,0.000000,1.000000,5907.000000,40.000000,39.271240
6000.000000,1.000000,66.000000,0.000000,1.000000,5907.000000,40.000000,39.271240
6000.000000,1.000000,66.000000,0.000000,1.000000,5907.000000,40.000000,39.271240
6000.000000,1.000000,66.000000,0.000000,1.000000,5907.000000,40.000000,39.271240
6000.000000,1.000000,66.000000,0.000000,1.000000,5907.000000,40.000000,39.271240
6000.000000,1.000000,66.000000,0.000000,1.000000,5907.000000,40.000000,39.271240
6000.000000,1.000000,66.000000,0.000000,1.000000,5907.000000,40.000000,39.271240
6000.000000,1.000000,66.000000,0.000000,1.000000,5907.000000,40.000000,39.271240
6000.000000,1.000000,66.000000,0.000000,1.000000,5907.000000,40.000000,39.271240
6000.000000,1.000000,66.000000,0.000000,1.000000,5907.000000,40.000000,39.271240
6000.000000,1.000000,66.000000,0.000000,1.000000,5907.000000,40.000000,39.271240
6000.000000,1.000000,66.000000,0.000000,1.000000,5907.000000,40.000000,39.271240
6000.000000,1.000000,66.000000,0.000000,1.000000,5907.000000,40.000000,39.271240
6000.000000,1.000000,66.000000,0.000000,1.000000,5907.000000,40.000000,39.271240
6000.000000,1.000000,66.000000,0.000000,1.000000,5907.000000,40.000000,39.271240
6000.000000,1.000000,66.000000,0.000000,1.000000,5907.000000,40.000000,39.271240
6000.000000,1.000000,66.000000,0.000000,1.000000,5907.000000,40.000000,39.271240
6000.000000,1.000000,66.000000,0.000000,1.000000,5907.000000,40.000000,39.271240
6000.000000,1.000000,66.000000,0.000000,1.000000,5907.000000,40.000000,39.271240
6000.000000,1.000000,66.000000,0.000000,1.000000,5907.000000,40.000000,39.271240
6000.000000,1.000000,66.000000,0.000000,1.000000,5907.000000,40.000000,39.271240
6000.000000,1.000000,66.000000,0.000000,1.000000,5907.000000,40.000000,39.271240
6000.000000,1.000000,66.000000,0.000000,1.000000,5907.000000,40.000000,39.271240
6000.000000,1.000000,66.000000,0.000000,1.000000,5907.000000,40.000000,39.271240
6000.000000,1.000000,66.000000,0.000000,1.000000,5907.000000,40.000000,39.271240
6000.000000,1.000000,66.000000,0.000000,1.000000,5907.000000,40.000000,39.271240
6000.000000,1.000000,66.000000,0.000000,1.000000,5907.000000,40.000000,39.271240
6000.000000,1.000000,66.000000,0.000000,1.000000,5907.000000,40.000000,39.271240
6000.000000,1.000000,66.000000,0.000000,1.000000,5907.000000,40.000000,39.271240
6000.000000,1.000000,66.000000,0.000000,1.000000,5907.000000,40.000000,39.271240
6000.000000,1.000000,66.000000,0.000000,1.000000,5907.000000,40.000000,39.271240
6000.000000,1.000000,66.000000,0.000000,1.000000,5907.000000,40.000000,39.271240
6000.000000,1.000000,66.000000,0.000000,1.000000,5907.000000,40.000000,39.271240
6000.000000,1.000000,66.000000,0.000000,1.000000,5907.000000,40.000000,39.271240
6000.000000,1.000000,66.000000,0.000000,1.000000,5907.000000,40.000000,39.271240
6000.000000,1.000000,66.000000,0.000000,1.000000,5907.000000,40.000000,39.271240
6000.000000,1.000000,66.000000,0.000000,1.000000,5907.000000,40.000000,39.271240
6000.000000,1.000000,66.000000,0.000000,1.000000,5907.000000,40.000000,39.271240
6000.000000,1.000000,66.000000,0.000000,1.000000,5907.000000,40.000000,39.271240
6000.000000,1.000000,66.000000,0.000000,1.000000,5907.000000,40.000000,39.271240
6000.000000,1.000000,66.000000,0.000000,1.000000,5907.000000,40.000000,39.271240
6000.000000,1.000000,66.000000,0.000000,1.000000,5907.000000,40.000000,39.271240
6000.000000,1.000000,66.000000,0.000000,1.000000,5907.000000,40.000000,39.271240
6000.000000,1.000000,66.000000,0.000000,1.000000,5907.000000,40.000000,39.271240
6000.000000,1.000000,66.000000,0.000000,1.000000,5907.000000,40.000000,39.271240
6000.000000,1.000000,66.000000,0.000000,1.000000,5907.000000,40.000000,39.271240
6000.000000,1.000000,66.000000,0.000000,1.000000,5907.000000,40.000000,39.271240
6000.000000,1.000000,66.000000,0.000000,1.000000,5907.000000,40.000000,39.271240
6000.000000,1.000000,66.000000,0.000000,1.000000,5907.000000,40.000000,39.271240
6000.000000,1.000000,66.000000,0.000000,1.000000,5907.000000,40.000000,39.271240
6000.000000,1.000000,66.000000,0.000000,1.000000,5907.000000,40.000000,39.271240
6000.000000,1.000000,66.000000,0.000000,1.000000,5907.000000,40.000000,39.271240
6000.000000,1.000000,66.000000,0.000000,1.000000,5907.000000,40.000000,39.271240
6000.000000,1.000000,66.000000,0.000000,1.000000,5907.000000,40.000000,39.271240
6000.000000,1.000000,66.000000,0.000000,1.000000,5907.000000,40.000000,39.271240
6000.000000,1.000000,66.000000,0.000000,1.000000,5907.000000,40.000000,39.271240
6000.000000,1.000000,66.000000,0.000000,1.000000,5907.000000,40.000000,39.271240
6000.000000,1.000000,66.000000,0.000000,1.000000,5907.000000,40.000000,39.271240
6000.000000,1.000000,66.000000,0.000000,1.000000,5907.000000,40.000000,39.271240
6000.000000,1.000000,66.000000,0.000000,1.000000,5907.000000,40.000000,39.271240
6000.000000,1.000000,66.000000,0.000000,1.000000,5907.000000,40.000000,39.271240
6000.000000,1.000000,66.000000,0.000000,1.000000,5907.000000,40.000000,39.271240
6000.000000,1.000000,66.000000,0.000000,1.000000,5907.000000,40.000000,39.271240
6000.000000,1.000000,66.000000,1.000000,0.000000,2860.000000,0.000000,0.000000
6000.000000,1.000000,66.000000,1.000000,0.000000,4507.000000,0.000000,0.000000
6000.000000,1.000000,66.000000,1.000000,0.000000,5750.000000,0.000000,0.000000
6000.000000,1.000000,66.000000,1.000000,0.000000,5943.000000,0.000000,0.000000
6000.000000,1.000000,66.000000,1.000000,0.000000,5991.000000,0.000000,0.000000
6000.000000,1.000000,66.000000,1.000000,0.000000,6033.000000,0.000000,0.000000
6000.000000,1.000000,66.000000,1.000000,0.000000,6033.000000,0.000000,0.000000
6000.000000,1.000000,66.000000,1.000000,0.000000,6033.000000,0.000000,0.000000
6000.000000,1.000000,66.000000,1.000000,0.000000,6033.000000,0.000000,0.000000
6000.000000,1.000000,66.000000,1.000000,0.000000,6028.000000,0.000000,0.000000
6000.000000,1.000000,66.000000,1.000000,0.000000,6026.000000,0.000000,0.000000
6000.000000,1.000000,66.000000,1.000000,0.000000,6026.000000,0.000000,0.000000
6000.000000,1.000000,66.000000,1.000000,0.000000,6024.000000,0.000000,0.000000
6000.000000,1.000000,66.000000,1.000000,0.000000,6026.000000,0.000000,0.000000
6000.000000,1.000000,66.000000,1.000000,0.000000,6028.000000,0.000000,0.000000
6000.000000,1.000000,66.000000,1.000000,0.000000,6033.000000,0.000000,0.000000
6000.000000,1.000000,66.000000,1.000000,0.000000,6033.000000,0.000000,0.000000
6000.000000,1.000000,66.000000,1.000000,0.000000,6033.000000,0.000000,0.000000
6000.000000,1.000000,66.000000,1.000000,0.000000,6030.000000,0.000000,0.000000
6000.000000,1.000000,66.000000,1.000000,0.000000,6028.000000,0.000000,0.000000
6000.000000,1.000000,66.000000,1.000000,0.000000,6022.000000,0.000000,0.000000
6000.000000,1.000000,66.000000,1.000000,0.000000,6018.000000,0.000000,0.000000
6000.000000,1.000000,66.000000,1.000000,0.000000,6005.000000,0.000000,0.000000
6000.000000,1.000000,66.000000,1.000000,0.000000,6016.000000,0.000000,0.000000
6000.000000,1.000000,66.000000,1.000000,0.000000,6014.000000,0.000000,0.000000
6000.000000,1.000000,66.000000,1.000000,0.000000,6014.000000,0.000000,-0.002441
6000.000000,1.000000,66.000000,1.000000,0.000000,6010.000000,0.000000,0.000000
6000.000000,1.000000,66.000000,1.000000,0.000000,6020.000000,0.000000,0.000000
6000.000000,1.000000,66.000000,1.000000,0.000000,6022.000000,40.000000,0.383301
6000.000000,1.000000,66.000000,1.000000,0.000000,6028.000000,40.000000,4.619141
6000.000000,1.000000,66.000000,1.000000,0.000000,6033.000000,40.000000,8.365479
6000.000000,1.000000,66.000000,1.000000,0.000000,6035.000000,40.000000,12.059326
6000.000000,1.000000,66.000000,1.000000,0.000000,6039.000000,40.000000,15.759277
6000.000000,1.000000,66.000000,1.000000,0.000000,6039.000000,40.000000,19.322510
6000.000000,1.000000,66.000000,1.000000,0.000000,6039.000000,40.000000,23.129883
6000.000000,1.000000,66.000000,1.000000,0.000000,6018.000000,0.000000,0.000000
6000.000000,1.000000,66.000000,1.000000,0.000000,5953.000000,0.000000,0.000000
6000.000000,1.000000,66.000000,1.000000,0.000000,5943.000000,0.000000,0.000000
6000.000000,1.000000,66.000000,1.000000,0.000000,5963.000000,0.000000,0.000000
6000.000000,1.000000,66.000000,1.000000,0.000000,5980.000000,0.000000,0.000000
6000.000000,1.000000,66.000000,1.000000,0.000000,5995.000000,0.000000,0.000000
6000.000000,1.000000,66.000000,1.000000,0.000000,5980.000000,0.000000,0.000000
6000.000000,1.000000,66.000000,1.000000,0.000000,5976.000000,0.000000,0.000000
6000.000000,1.000000,66.000000,1.000000,0.000000,5980.000000,0.000000,0.000000
6000.000000,1.000000,66.000000,1.000000,0.000000,5991.000000,0.000000,0.000000
6000.000000,1.000000,66.000000,1.000000,0.000000,6003.000000,0.000000,0.000000
6000.000000,1.000000,66.000000,1.000000,0.000000,5951.000000,0.000000,0.000000
6000.000000,1.000000,66.000000,1.000000,0.000000,5936.000000,0.000000,0.000000
6000.000000,1.000000,66.000000,1.000000,0.000000,5936.000000,0.000000,0.000000
6000.000000,1.000000,66.000000,1.000000,0.000000,5943.000000,0.000000,0.000000
6000.000000,1.000000,66.000000,1.000000,0.000000,5959.000000,0.000000,0.000000
6000.000000,1.000000,66.000000,1.000000,0.000000,5976.000000,0.000000,0.000000
6000.000000,1.000000,66.000000,1.000000,0.000000,5986.000000,0.000000,0.000000
6000.000000,1.000000,66.000000,1.000000,0.000000,5993.000000,0.000000,0.000000
6000.000000,1.000000,66.000000,1.000000,0.000000,5982.000000,0.000000,0.000000
6000.000000,1.000000,66.000000,1.000000,0.000000,5970.000000,0.000000,0.000000
6000.000000,1.000000,66.000000,1.000000,0.000000,5974.000000,0.000000,0.000000
6000.000000,1.000000,66.000000,1.000000,0.000000,5997.000000,0.000000,0.000000
6000.000000,1.000000,66.000000,1.000000,0.000000,5995.000000,0.000000,0.000000
6000.000000,1.000000,66.000000,1.000000,0.000000,6012.000000,0.000000,0.000000
6000.000000,1.000000,66.000000,1.000000,0.000000,6012.000000,0.000000,0.000000
6000.000000,1.000000,66.000000,1.000000,0.000000,6010.000000,0.000000,0.000000
6000.000000,1.000000,66.000000,1.000000,0.000000,6003.000000,0.000000,0.000000
6000.000000,1.000000,66.000000,1.000000,0.000000,5997.000000,0.000000,0.000000
6000.000000,1.000000,66.000000,1.000000,0.000000,5984.000000,0.000000,0.000000
6000.000000,1.000000,66.000000,1.000000,0.000000,5970.000000,0.000000,0.000000
6000.000000,1.000000,66.000000,1.000000,0.000000,6001.000000,0.000000,0.000000
6000.000000,1.000000,66.000000,1.000000,0.000000,6001.000000,0.000000,0.000000
6000.000000,1.000000,66.000000,1.000000,0.000000,6010.000000,0.000000,0.000000
6000.000000,1.000000,66.000000,1.000000,0.000000,6016.000000,0.000000,0.000000
6000.000000,1.000000,66.000000,1.000000,0.000000,6007.000000,0.000000,0.000000
6000.000000,1.000000,66.000000,1.000000,0.000000,6010.000000,0.000000,0.000000
6000.000000,1.000000,66.000000,1.000000,0.000000,6003.000000,0.000000,0.000000
6000.000000,1.000000,66.000000,1.000000,0.000000,6020.000000,0.000000,0.000000
6000.000000,1.000000,66.000000,1.000000,0.000000,6010.000000,0.000000,0.000000
6000.000000,1.000000,66.000000,1.000000,0.000000,6012.000000,0.000000,0.000000
6000.000000,1.000000,66.000000,1.000000,0.000000,6010.000000,0.000000,0.000000
6000.000000,1.000000,66.000000,1.000000,0.000000,6005.000000,0.000000,0.000000
6000.000000,1.000000,66.000000,1.000000,0.000000,6016.000000,0.000000,0.000000
6000.000000,1.000000,66.000000,1.000000,0.000000,6014.000000,0.000000,0.000000
6000.000000,1.000000,66.000000,1.000000,0.000000,6020.000000,0.000000,0.000000
6000.000000,1.000000,66.000000,1.000000,0.000000,6024.000000,0.000000,0.000000
6000.000000,1.000000,66.000000,1.000000,0.000000,6024.000000,0.000000,0.000000
6000.000000,1.000000,66.000000,1.000000,0.000000,6018.000000,0.000000,0.000000
6000.000000,1.000000,66.000000,1.000000,0.000000,6018.000000,0.000000,0.001221
6000.000000,1.000000,66.000000,1.000000,0.000000,6020.000000,0.000000,0.003662
6000.000000,1.000000,66.000000,1.000000,0.000000,6022.000000,0.000000,-0.003662
6000.000000,1.000000,66.000000,1.000000,0.000000,5943.000000,0.000000,0.000000
6000.000000,1.000000,66.000000,1.000000,0.000000,5982.000000,0.000000,0.000000
6000.000000,1.000000,66.000000,1.000000,0.000000,5997.000000,0.000000,0.000000
6000.000000,1.000000,66.000000,1.000000,0.000000,6014.000000,0.000000,0.000000
6000.000000,1.000000,66.000000,1.000000,0.000000,6001.000000,0.000000,0.000000
6000.000000,1.000000,66.000000,1.000000,0.000000,5980.000000,0.000000,0.000000
6000.000000,1.000000,66.000000,1.000000,0.000000,5966.000000,0.000000,0.000000
6000.000000,1.000000,66.000000,1.000000,0.000000,5972.000000,0.000000,0.000000
6000.000000,1.000000,66.000000,1.000000,0.000000,5991.000000,0.000000,0.000000
6000.000000,1.000000,66.000000,1.000000,0.000000,6016.000000,0.000000,0.000000
6000.000000,1.000000,66.000000,1.000000,0.000000,6016.000000,0.000000,0.000000
6000.000000,1.000000,66.000000,1.000000,0.000000,6014.000000,0.000000,0.000000
6000.000000,1.000000,66.000000,1.000000,0.000000,6005.000000,0.000000,0.000000
6000.000000,1.000000,66.000000,1.000000,0.000000,5999.000000,0.000000,0.000000
6000.000000,1.000000,66.000000,1.000000,0.000000,5991.000000,0.000000,0.000000
6000.000000,1.000000,66.000000,1.000000,0.000000,5982.000000,0.000000,0.000000
6000.000000,1.000000,66.000000,1.000000,0.000000,5986.000000,0.000000,0.000000
6000.000000,1.000000,66.000000,1.000000,0.000000,5997.000000,0.000000,0.000000
6000.000000,1.000000,66.000000,1.000000,0.000000,6012.000000,0.000000,0.000000
6000.000000,1.000000,66.000000,1.000000,0.000000,6020.000000,0.000000,0.000000
6000.000000,1.000000,66.000000,1.000000,0.000000,6020.000000,0.000000,0.000000
6000.000000,1.000000,66.000000,1.000000,0.000000,6018.000000,0.000000,0.000000
6000.000000,1.000000,66.000000,1.000000,0.000000,6014.000000,0.000000,0.000000
6000.000000,1.000000,66.000000,1.000000,0.000000,6016.000000,0.000000,0.000000
6000.000000,1.000000,66.000000,1.000000,0.000000,6022.000000,0.000000,0.000000
6000.000000,1.000000,66.000000,1.000000,0.000000,6010.000000,0.000000,-0.006104
6000.000000,1.000000,66.000000,1.000000,0.000000,6024.000000,0.000000,0.000000
6000.000000,1.000000,66.000000,1.000000,0.000000,6018.000000,0.000000,0.000000
6000.000000,1.000000,66.000000,1.000000,0.000000,6014.000000,0.000000,0.000000
6000.000000,1.000000,66.000000,1.000000,0.000000,6012.000000,0.000000,0.000000
6000.000000,1.000000,66.000000,1.000000,0.000000,6005.000000,0.000000,0.000000
6000.000000,1.000000,66.000000,1.000000,0.000000,6003.000000,0.000000,0.000000
6000.000000,1.000000,66.000000,1.000000,0.000000,5995.000000,0.000000,0.000000
6000.000000,1.000000,66.000000,1.000000,0.000000,5991.000000,0.000000,0.000000
6000.000000,1.000000,66.000000,1.000000,0.000000,5984.000000,0.000000,0.000000
6000.000000,1.000000,66.000000,1.000000,0.000000,5982.000000,0.000000,-0.002441
6000.000000,1.000000,66.000000,1.000000,0.000000,5982.000000,0.000000,0.001221
6000.000000,1.000000,66.000000,1.000000,0.000000,5993.000000,0.000000,0.007324
6000.000000,1.000000,66.000000,1.000000,0.000000,6001.000000,40.000000,0.078125
6000.000000,1.000000,66.000000,1.000000,0.000000,6010.000000,40.000000,3.094482
6000.000000,1.000000,66.000000,1.000000,0.000000,6014.000000,40.000000,6.906738
6000.000000,1.000000,66.000000,1.000000,0.000000,6033.000000,0.000000,0.000000
6000.000000,1.000000,66.000000,1.000000,0.000000,6026.000000,0.000000,0.000000
6000.000000,1.000000,66.000000,1.000000,0.000000,6012.000000,0.000000,0.000000
6000.000000,1.000000,66.000000,1.000000,0.000000,6007.000000,0.000000,0.000000
6000.000000,1.000000,66.000000,1.000000,0.000000,6007.000000,0.000000,0.000000
6000.000000,1.000000,66.000000,1.000000,0.000000,6012.000000,0.000000,-0.006104
6000.000000,1.000000,66.000000,1.000000,0.000000,6007.000000,0.000000,0.000000
6000.000000,1.000000,66.000000,1.000000,0.000000,6014.000000,0.000000,0.000000
6000.000000,1.000000,66.000000,1.000000,0.000000,6016.000000,0.000000,0.000000
6000.000000,1.000000,66.000000,1.000000,0.000000,6018.000000,0.000000,0.000000
6000.000000,1.000000,66.000000,1.000000,0.000000,6022.000000,0.000000,0.000000
6000.000000,1.000000,66.000000,1.000000,0.000000,6024.000000,0.000000,0.000000
6000.000000,1.000000,66.000000,1.000000,0.000000,6020.000000,0.000000,0.000000
6000.000000,1.000000,66.000000,1.000000,0.000000,6018.000000,0.000000,0.000000
6000.000000,1.000000,66.000000,1.000000,0.000000,6016.000000,0.000000,0.003662
6000.000000,1.000000,66.000000,1.000000,0.000000,6020.000000,0.000000,0.000000
6000.000000,1.000000,66.000000,1.000000,0.000000,6022.000000,0.000000,-0.001221
6000.000000,1.000000,66.000000,1.000000,0.000000,6022.000000,0.000000,-0.006104
6000.000000,1.000000,66.000000,1.000000,0.000000,6020.000000,40.000000,2.155762
6000.000000,1.000000,66.000000,1.000000,0.000000,6024.000000,40.000000,6.301270
6000.000000,1.000000,66.000000,1.000000,0.000000,6007.000000,40.000000,9.986572
6000.000000,1.000000,66.000000,1.000000,0.000000,6010.000000,40.000000,13.809814
6000.000000,1.000000,66.000000,1.000000,0.000000,6001.000000,40.000000,17.426758
6000.000000,1.000000,66.000000,1.000000,0.000000,5997.000000,40.000000,21.065674
6000.000000,1.000000,66.000000,1.000000,0.000000,5995.000000,40.000000,24.930420
6000.000000,1.000000,66.000000,1.000000,0.000000,5976.000000,40.000000,28.719482
6000.000000,1.000000,66.000000,1.000000,0.000000,6007.000000,40.000000,32.561035
6000.000000,1.000000,66.000000,1.000000,0.000000,6024.000000,0.000000,0.000000
6000.000000,1.000000,66.000000,1.000000,0.000000,6043.000000,0.000000,0.000000
6000.000000,1.000000,66.000000,1.000000,0.000000,6053.000000,0.000000,0.000000
6000.000000,1.000000,66.000000,1.000000,0.000000,6058.000000,0.000000,0.000000
6000.000000,1.000000,66.000000,1.000000,0.000000,6062.000000,0.000000,0.000000
6000.000000,1.000000,66.000000,1.000000,0.000000,6062.000000,0.000000,0.000000
6000.000000,1.000000,66.000000,1.000000,0.000000,6058.000000,0.000000,0.000000
6000.000000,1.000000,66.000000,1.000000,0.000000,6056.000000,0.000000,0.000000
6000.000000,1.000000,66.000000,1.000000,0.000000,6043.000000,0.000000,0.000000
6000.000000,1.000000,66.000000,1.000000,0.000000,6043.000000,0.000000,-0.002441
6000.000000,1.000000,66.000000,1.000000,0.000000,6033.000000,0.000000,-0.001221
6000.000000,1.000000,66.000000,1.000000,0.000000,6012.000000,40.000000,0.303955
6000.000000,1.000000,66.000000,1.000000,0.000000,6010.000000,40.000000,4.403076
6000.000000,1.000000,66.000000,1.000000,0.000000,6007.000000,40.000000,8.067627
6000.000000,1.000000,66.000000,1.000000,0.000000,6010.000000,40.000000,12.008057
6000.000000,1.000000,66.000000,1.000000,0.000000,6016.000000,40.000000,15.937500
6000.000000,1.000000,66.000000,1.000000,0.000000,6014.000000,40.000000,19.956055
6000.000000,1.000000,66.000000,1.000000,0.000000,6020.000000,40.000000,23.466797
6000.000000,1.000000,66.000000,1.000000,0.000000,6020.000000,40.000000,27.215576
6000.000000,1.000000,66.000000,1.000000,0.000000,6026.000000,40.000000,30.972900
6000.000000,1.000000,66.000000,1.000000,0.000000,6020.000000,40.000000,34.686279
6000.000000,1.000000,66.000000,1.000000,0.000000,5687.000000,0.000000,0.000000
6000.000000,1.000000,66.000000,1.000000,0.000000,6001.000000,0.000000,0.000000
6000.000000,1.000000,66.000000,1.000000,0.000000,6030.000000,0.000000,0.000000
6000.000000,1.000000,66.000000,1.000000,0.000000,6045.000000,0.000000,0.000000
6000.000000,1.000000,66.000000,1.000000,0.000000,6037.000000,0.000000,0.000000
6000.000000,1.000000,66.000000,1.000000,0.000000,6039.000000,0.000000,0.000000
6000.000000,1.000000,66.000000,1.000000,0.000000,6041.000000,0.000000,0.000000
6000.000000,1.000000,66.000000,1.000000,0.000000,6037.000000,0.000000,0.000000
6000.000000,1.000000,66.000000,1.000000,0.000000,6028.000000,0.000000,0.000000
6000.000000,1.000000,66.000000,1.000000,0.000000,6005.000000,0.000000,0.000000
6000.000000,1.000000,66.000000,1.000000,0.000000,6020.000000,0.000000,0.000000
6000.000000,1.000000,66.000000,1.000000,0.000000,6016.000000,40.000000,0.000000
6000.000000,1.000000,66.000000,1.000000,0.000000,6018.000000,40.000000,2.769775
6000.000000,1.000000,66.000000,1.000000,0.000000,5966.000000,40.000000,6.481934
6000.000000,1.000000,66.000000,1.000000,0.000000,5961.000000,40.000000,10.384521
6000.000000,1.000000,66.000000,1.000000,0.000000,5955.000000,40.000000,14.317627
6000.000000,1.000000,66.000000,1.000000,0.000000,5955.000000,40.000000,18.300781
6000.000000,1.000000,66.000000,1.000000,0.000000,5953.000000,40.000000,22.064209
6000.000000,1.000000,66.000000,1.000000,0.000000,5953.000000,40.000000,25.944824
6000.000000,1.000000,66.000000,1.000000,0.000000,5959.000000,40.000000,29.661865
6000.000000,1.000000,66.000000,1.000000,0.000000,5959.000000,40.000000,33.596191
6000.000000,1.000000,66.000000,1.000000,0.000000,5968.000000,40.000000,37.197266
6000.000000,1.000000,66.000000,1.000000,0.000000,5911.000000,40.000000,38.983154
6000.000000,1.000000,66.000000,1.000000,0.000000,6001.000000,0.000000,0.000000
6000.000000,1.000000,66.000000,1.000000,0.000000,6022.000000,0.000000,0.000000
6000.000000,1.000000,66.000000,1.000000,0.000000,6028.000000,0.000000,0.000000
6000.000000,1.000000,66.000000,1.000000,0.000000,5974.000000,0.000000,0.000000
6000.000000,1.000000,66.000000,1.000000,0.000000,5972.000000,0.000000,0.000000
6000.000000,1.000000,66.000000,1.000000,0.000000,5970.000000,0.000000,-0.006104
6000.000000,1.000000,66.000000,1.000000,0.000000,5970.000000,0.000000,0.001221
6000.000000,1.000000,66.000000,1.000000,0.000000,5972.000000,0.000000,-0.002441
6000.000000,1.000000,66.000000,1.000000,0.000000,5970.000000,40.000000,0.771484
6000.000000,1.000000,66.000000,1.000000,0.000000,5982.000000,40.000000,5.072021
6000.000000,1.000000,66.000000,1.000000,0.000000,5986.000000,40.000000,8.754883
6000.000000,1.000000,66.000000,1.000000,0.000000,5982.000000,40.000000,12.369385
6000.000000,1.000000,66.000000,1.000000,0.000000,5997.000000,40.000000,16.606445
6000.000000,1.000000,66.000000,1.000000,0.000000,6001.000000,40.000000,20.633545
6000.000000,1.000000,66.000000,1.000000,0.000000,6005.000000,40.000000,24.351807
6000.000000,1.000000,66.000000,1.000000,0.000000,6010.000000,40.000000,28.314209
6000.000000,1.000000,66.000000,1.000000,0.000000,6010.000000,40.000000,31.883545
6000.000000,1.000000,66.000000,1.000000,0.000000,6010.000000,40.000000,35.628662
6000.000000,1.000000,66.000000,1.000000,0.000000,6010.000000,40.000000,38.725586
6000.000000,1.000000,66.000000,1.000000,0.000000,6005.000000,40.000000,39.041748
6000.000000,1.000000,66.000000,0.000000,1.000000,6022.000000,40.000000,39.205322
6000.000000,1.000000,66.000000,0.000000,1.000000,6022.000000,40.000000,39.205322
6000.000000,1.000000,66.000000,0.000000,1.000000,6022.000000,40.000000,39.205322
6000.000000,1.000000,66.000000,0.000000,1.000000,6022.000000,40.000000,39.205322
6000.000000,1.000000,66.000000,0.000000,1.000000,6022.000000,40.000000,39.205322
6000.000000,1.000000,66.000000,0.000000,1.000000,6022.000000,40.000000,39.205322
6000.000000,1.000000,66.000000,0.000000,1.000000,6022.000000,40.000000,39.205322
6000.000000,1.000000,66.000000,0.000000,1.000000,6022.000000,40.000000,39.205322
6000.000000,1.000000,66.000000,0.000000,1.000000,6022.000000,40.000000,39.205322
6000.000000,1.000000,66.000000,0.000000,1.000000,6022.000000,40.000000,39.205322
6000.000000,1.000000,66.000000,0.000000,1.000000,6022.000000,40.000000,39.205322
6000.000000,1.000000,66.000000,0.000000,1.000000,6022.000000,40.000000,39.205322
6000.000000,1.000000,66.000000,0.000000,1.000000,6022.000000,40.000000,39.205322
6000.000000,1.000000,66.000000,0.000000,1.000000,6022.000000,40.000000,39.205322
6000.000000,1.000000,66.000000,0.000000,1.000000,6022.000000,40.000000,39.205322
6000.000000,1.000000,66.000000,0.000000,1.000000,6022.000000,40.000000,39.205322
6000.000000,1.000000,66.000000,0.000000,1.000000,6022.000000,40.000000,39.205322
6000.000000,1.000000,66.000000,0.000000,1.000000,6022.000000,40.000000,39.205322
6000.000000,1.000000,66.000000,0.000000,1.000000,6022.000000,40.000000,39.205322
6000.000000,1.000000,66.000000,0.000000,1.000000,6022.000000,40.000000,39.205322
6000.000000,1.000000,66.000000,0.000000,1.000000,6022.000000,40.000000,39.205322
6000.000000,1.000000,66.000000,0.000000,1.000000,6022.000000,40.000000,39.205322
6000.000000,1.000000,66.000000,0.000000,1.000000,6022.000000,40.000000,39.205322
6000.000000,1.000000,66.000000,0.000000,1.000000,6022.000000,40.000000,39.205322
6000.000000,1.000000,66.000000,0.000000,1.000000,6022.000000,40.000000,39.205322
6000.000000,1.000000,66.000000,0.000000,1.000000,6022.000000,40.000000,39.205322
6000.000000,1.000000,66.000000,0.000000,1.000000,6022.000000,40.000000,39.205322
6000.000000,1.000000,66.000000,0.000000,1.000000,6022.000000,40.000000,39.205322
6000.000000,1.000000,66.000000,0.000000,1.000000,6022.000000,40.000000,39.205322
6000.000000,1.000000,66.000000,0.000000,1.000000,6022.000000,40.000000,39.205322
6000.000000,1.000000,66.000000,0.000000,1.000000,6022.000000,40.000000,39.205322
6000.000000,1.000000,66.000000,0.000000,1.000000,6022.000000,40.000000,39.205322
6000.000000,1.000000,66.000000,0.000000,1.000000,6022.000000,40.000000,39.205322
6000.000000,1.000000,66.000000,0.000000,1.000000,6022.000000,40.000000,39.205322
6000.000000,1.000000,66.000000,0.000000,1.000000,6022.000000,40.000000,39.205322
6000.000000,1.000000,66.000000,0.000000,1.000000,6022.000000,40.000000,39.205322
6000.000000,1.000000,66.000000,0.000000,1.000000,6022.000000,40.000000,39.205322
6000.000000,1.000000,66.000000,0.000000,1.000000,6022.000000,40.000000,39.205322
6000.000000,1.000000,66.000000,0.000000,1.000000,6022.000000,40.000000,39.205322
6000.000000,1.000000,66.000000,0.000000,1.000000,6022.000000,40.000000,39.205322
6000.000000,1.000000,66.000000,0.000000,1.000000,6022.000000,40.000000,39.205322
6000.000000,1.000000,66.000000,0.000000,1.000000,6022.000000,40.000000,39.205322
6000.000000,1.000000,66.000000,0.000000,1.000000,6022.000000,40.000000,39.205322
6000.000000,1.000000,66.000000,0.000000,1.000000,6022.000000,40.000000,39.205322
6000.000000,1.000000,66.000000,0.000000,1.000000,6022.000000,40.000000,39.205322
6000.000000,1.000000,66.000000,0.000000,1.000000,6022.000000,40.000000,39.205322
6000.000000,1.000000,66.000000,0.000000,1.000000,6022.000000,40.000000,39.205322
6000.000000,1.000000,66.000000,0.000000,1.000000,6022.000000,40.000000,39.205322
6000.000000,1.000000,66.000000,0.000000,1.000000,6022.000000,40.000000,39.205322
6000.000000,1.000000,66.000000,0.000000,1.000000,6022.000000,40.000000,39.205322
6000.000000,1.000000,66.000000,0.000000,1.000000,6022.000000,40.000000,39.205322
6000.000000,1.000000,66.000000,0.000000,1.000000,6022.000000,40.000000,39.205322
6000.000000,1.000000,66.000000,0.000000,1.000000,6022.000000,40.000000,39.205322
6000.000000,1.000000,66.000000,0.000000,1.000000,6022.000000,40.000000,39.205322
6000.000000,1.000000,66.000000,0.000000,1.000000,6022.000000,40.000000,39.205322
6000.000000,1.000000,66.000000,0.000000,1.000000,6022.000000,40.000000,39.205322
6000.000000,1.000000,66.000000,0.000000,1.000000,6022.000000,40.000000,39.205322
6000.000000,1.000000,66.000000,0.000000,1.000000,6022.000000,40.000000,39.205322
6000.000000,1.000000,66.000000,0.000000,1.000000,6022.000000,40.000000,39.205322
6000.000000,1.000000,66.000000,0.000000,1.000000,6022.000000,40.000000,39.205322
6000.000000,1.000000,66.000000,0.000000,1.000000,6022.000000,40.000000,39.205322
6000.000000,1.000000,66.000000,0.000000,1.000000,6022.000000,40.000000,39.205322
6000.000000,1.000000,66.000000,0.000000,1.000000,6022.000000,40.000000,39.205322
6000.000000,1.000000,66.000000,0.000000,1.000000,6022.000000,40.000000,39.205322
6000.000000,1.000000,66.000000,0.000000,1.000000,6022.000000,40.000000,39.205322
6000.000000,1.000000,66.000000,0.000000,1.000000,6022.000000,40.000000,39.205322
6000.000000,1.000000,66.000000,0.000000,1.000000,6022.000000,40.000000,39.205322
6000.000000,1.000000,66.000000,0.000000,1.000000,6022.000000,40.000000,39.205322
6000.000000,1.000000,66.000000,0.000000,1.000000,6022.000000,40.000000,39.205322
6000.000000,1.000000,66.000000,0.000000,1.000000,6022.000000,40.000000,39.205322
6000.000000,1.000000,66.000000,0.000000,1.000000,6022.000000,40.000000,39.205322
6000.000000,1.000000,66.000000,0.000000,1.000000,6022.000000,40.000000,39.205322
6000.000000,1.000000,66.000000,0.000000,1.000000,6022.000000,40.000000,39.205322
6000.000000,1.000000,66.000000,0.000000,1.000000,6022.000000,40.000000,39.205322
6000.000000,1.000000,66.000000,0.000000,1.000000,6022.000000,40.000000,39.205322
6000.000000,1.000000,66.000000,0.000000,1.000000,6022.000000,40.000000,39.205322
6000.000000,1.000000,66.000000,0.000000,1.000000,6022.000000,40.000000,39.205322
6000.000000,1.000000,66.000000,0.000000,1.000000,6022.000000,40.000000,39.205322
6000.000000,1.000000,66.000000,0.000000,1.000000,6022.000000,40.000000,39.205322
6000.000000,1.000000,66.000000,0.000000,1.000000,6022.000000,40.000000,39.205322
6000.000000,1.000000,66.000000,0.000000,1.000000,6022.000000,40.000000,39.205322
6000.000000,1.000000,66.000000,0.000000,1.000000,6022.000000,40.000000,39.205322
6000.000000,1.000000,66.000000,0.000000,1.000000,6022.000000,40.000000,39.205322
6000.000000,1.000000,66.000000,0.000000,1.000000,6022.000000,40.000000,39.205322
6000.000000,1.000000,66.000000,0.000000,1.000000,6022.000000,40.000000,39.205322
6000.000000,1.000000,66.000000,0.000000,1.000000,6022.000000,40.000000,39.205322
6000.000000,1.000000,66.000000,0.000000,1.000000,6022.000000,40.000000,39.205322
6000.000000,1.000000,66.000000,0.000000,1.000000,6022.000000,40.000000,39.205322
6000.000000,1.000000,66.000000,0.000000,1.000000,6022.000000,40.000000,39.205322
6000.000000,1.000000,66.000000,0.000000,1.000000,6022.000000,40.000000,39.205322
6000.000000,1.000000,66.000000,0.000000,1.000000,6022.000000,40.000000,39.205322
6000.000000,1.000000,66.000000,0.000000,1.000000,6022.000000,40.000000,39.205322
6000.000000,1.000000,66.000000,0.000000,1.000000,6022.000000,40.000000,39.205322
6000.000000,1.000000,66.000000,0.000000,1.000000,6022.000000,40.000000,39.205322
6000.000000,1.000000,66.000000,0.000000,1.000000,6022.000000,40.000000,39.205322
6000.000000,1.000000,66.000000,0.000000,1.000000,6022.000000,40.000000,39.205322
6000.000000,1.000000,66.000000,0.000000,1.000000,6022.000000,40.000000,39.205322
6000.000000,1.000000,66.000000,0.000000,1.000000,6022.000000,40.000000,39.205322
6000.000000,1.000000,66.000000,0.000000,1.000000,6022.000000,40.000000,39.205322
6000.000000,1.000000,66.000000,0.000000,1.000000,6022.000000,40.000000,39.205322
6000.000000,1.000000,66.000000,0.000000,1.000000,6022.000000,40.000000,39.205322
6000.000000,1.000000,66.000000,0.000000,1.000000,6022.000000,40.000000,39.205322
6000.000000,1.000000,66.000000,0.000000,1.000000,6022.000000,40.000000,39.205322
6000.000000,1.000000,66.000000,0.000000,1.000000,6022.000000,40.000000,39.205322
6000.000000,1.000000,66.000000,0.000000,1.000000,6022.000000,40.000000,39.205322
6000.000000,1.000000,66.000000,0.000000,1.000000,6022.000000,40.000000,39.205322
6000.000000,1.000000,66.000000,0.000000,1.000000,6022.000000,40.000000,39.205322
6000.000000,1.000000,66.000000,0.000000,1.000000,6022.000000,40.000000,39.205322
6000.000000,1.000000,66.000000,0.000000,1.000000,6022.000000,40.000000,39.205322
6000.000000,1.000000,66.000000,0.000000,1.000000,6022.000000,40.000000,39.205322
6000.000000,1.000000,66.000000,0.000000,1.000000,6022.000000,40.000000,39.205322
6000.000000,1.000000,66.000000,0.000000,1.000000,6022.000000,40.000000,39.205322
6000.000000,1.000000,66.000000,0.000000,1.000000,6022.000000,40.000000,39.205322
6000.000000,1.000000,66.000000,0.000000,1.000000,6022.000000,40.000000,39.205322
6000.000000,1.000000,66.000000,0.000000,1.000000,6022.000000,40.000000,39.205322
6000.000000,1.000000,66.000000,0.000000,1.000000,6022.000000,40.000000,39.205322
6000.000000,1.000000,66.000000,0.000000,1.000000,6022.000000,40.000000,39.205322
6000.000000,1.000000,66.000000,0.000000,1.000000,6022.000000,40.000000,39.205322
6000.000000,1.000000,66.000000,0.000000,1.000000,6022.000000,40.000000,39.205322
6000.000000,1.000000,66.000000,0.000000,1.000000,6022.000000,40.000000,39.205322
6000.000000,1.000000,66.000000,0.000000,1.000000,6022.000000,40.000000,39.205322
6000.000000,1.000000,66.000000,0.000000,1.000000,6022.000000,40.000000,39.205322
6000.000000,1.000000,66.000000,0.000000,1.000000,6022.000000,40.000000,39.205322
6000.000000,1.000000,66.000000,0.000000,1.000000,6022.000000,40.000000,39.205322
6000.000000,1.000000,66.000000,0.000000,1.000000,6022.000000,40.000000,39.205322
6000.000000,1.000000,66.000000,0.000000,1.000000,6022.000000,40.000000,39.205322
6000.000000,1.000000,66.000000,0.000000,1.000000,6022.000000,40.000000,39.205322
6000.000000,1.000000,66.000000,0.000000,1.000000,6022.000000,40.000000,39.205322
6000.000000,1.000000,66.000000,0.000000,1.000000,6022.000000,40.000000,39.205322
6000.000000,1.000000,66.000000,0.000000,1.000000,6022.000000,40.000000,39.205322
6000.000000,1.000000,66.000000,0.000000,1.000000,6022.000000,40.000000,39.205322
6000.000000,1.000000,66.000000,0.000000,1.000000,6022.000000,40.000000,39.205322
6000.000000,1.000000,66.000000,0.000000,1.000000,6022.000000,40.000000,39.205322
6000.000000,1.000000,66.000000,0.000000,1.000000,6022.000000,40.000000,39.205322
6000.000000,1.000000,66.000000,0.000000,1.000000,6022.000000,40.000000,39.205322
6000.000000,1.000000,66.000000,0.000000,1.000000,6022.000000,40.000000,39.205322
6000.000000,1.000000,66.000000,0.000000,1.000000,6022.000000,40.000000,39.205322
6000.000000,1.000000,66.000000,0.000000,1.000000,6022.000000,40.000000,39.205322
6000.000000,1.000000,66.000000,0.000000,1.000000,6022.000000,40.000000,39.205322
6000.000000,1.000000,66.000000,0.000000,1.000000,6022.000000,40.000000,39.205322
6000.000000,1.000000,66.000000,0.000000,1.000000,6022.000000,40.000000,39.205322
6000.000000,1.000000,66.000000,0.000000,1.000000,6022.000000,40.000000,39.205322
6000.000000,1.000000,66.000000,0.000000,1.000000,6022.000000,40.000000,39.205322
6000.000000,1.000000,66.000000,0.000000,1.000000,6022.000000,40.000000,39.205322
6000.000000,1.000000,66.000000,0.000000,1.000000,6022.000000,40.000000,39.205322
6000.000000,1.000000,66.000000,0.000000,1.000000,6022.000000,40.000000,39.205322
6000.000000,1.000000,66.000000,0.000000,1.000000,6022.000000,40.000000,39.205322
6000.000000,1.000000,66.000000,0.000000,1.000000,6022.000000,40.000000,39.205322
6000.000000,1.000000,66.000000,0.000000,1.000000,6022.000000,40.000000,39.205322
6000.000000,1.000000,66.000000,0.000000,1.000000,6022.000000,40.000000,39.205322
6000.000000,1.000000,66.000000,0.000000,1.000000,6022.000000,40.000000,39.205322
6000.000000,1.000000,66.000000,0.000000,1.000000,6022.000000,40.000000,39.205322
6000.000000,1.000000,66.000000,0.000000,1.000000,6022.000000,40.000000,39.205322
6000.000000,1.000000,66.000000,0.000000,1.000000,6022.000000,40.000000,39.205322
6000.000000,1.000000,66.000000,0.000000,1.000000,6022.000000,40.000000,39.205322
6000.000000,1.000000,66.000000,0.000000,1.000000,6022.000000,40.000000,39.205322
6000.000000,1.000000,66.000000,0.000000,1.000000,6022.000000,40.000000,39.205322
6000.000000,1.000000,66.000000,0.000000,1.000000,6022.000000,40.000000,39.205322
6000.000000,1.000000,66.000000,0.000000,1.000000,6022.000000,40.000000,39.205322
6000.000000,1.000000,66.000000,0.000000,1.000000,6022.000000,40.000000,39.205322
6000.000000,1.000000,66.000000,0.000000,1.000000,6022.000000,40.000000,39.205322
6000.000000,1.000000,66.000000,0.000000,1.000000,6022.000000,40.000000,39.205322
6000.000000,1.000000,66.000000,0.000000,1.000000,6022.000000,40.000000,39.205322
6000.000000,1.000000,66.000000,0.000000,1.000000,6022.000000,40.000000,39.205322
6000.000000,1.000000,66.000000,0.000000,1.000000,6022.000000,40.000000,39.205322
6000.000000,1.000000,66.000000,0.000000,1.000000,6022.000000,40.000000,39.205322
6000.000000,1.000000,66.000000,0.000000,1.000000,6022.000000,40.000000,39.205322
6000.000000,1.000000,66.000000,0.000000,1.000000,6022.000000,40.000000,39.205322
6000.000000,1.000000,66.000000,0.000000,1.000000,6022.000000,40.000000,39.205322
6000.000000,1.000000,66.000000,0.000000,1.000000,6022.000000,40.000000,39.205322
6000.000000,1.000000,66.000000,0.000000,1.000000,6022.000000,40.000000,39.205322
6000.000000,1.000000,66.000000,0.000000,1.000000,6022.000000,40.000000,39.205322
6000.000000,1.000000,66.000000,0.000000,1.000000,6022.000000,40.000000,39.205322
6000.000000,1.000000,66.000000,0.000000,1.000000,6022.000000,40.000000,39.205322
6000.000000,1.000000,66.000000,0.000000,1.000000,6022.000000,40.000000,39.205322
6000.000000,1.000000,66.000000,0.000000,1.000000,6022.000000,40.000000,39.205322
6000.000000,1.000000,66.000000,0.000000,1.000000,6022.000000,40.000000,39.205322
6000.000000,1.000000,66.000000,0.000000,1.000000,6022.000000,40.000000,39.205322
6000.000000,1.000000,66.000000,0.000000,1.000000,6022.000000,40.000000,39.205322
6000.000000,1.000000,66.000000,0.000000,1.000000,6022.000000,40.000000,39.205322
6000.000000,1.000000,66.000000,0.000000,1.000000,6022.000000,40.000000,39.205322
6000.000000,1.000000,66.000000,0.000000,1.000000,6022.000000,40.000000,39.205322
6000.000000,1.000000,66.000000,0.000000,1.000000,6022.000000,40.000000,39.205322
6000.000000,1.000000,66.000000,0.000000,1.000000,6022.000000,40.000000,39.205322
6000.000000,1.000000,66.000000,0.000000,1.000000,6022.000000,40.000000,39.205322
6000.000000,1.000000,66.000000,0.000000,1.000000,6022.000000,40.000000,39.205322
6000.000000,1.000000,66.000000,0.000000,1.000000,6022.000000,40.000000,39.205322
6000.000000,1.000000,66.000000,0.000000,1.000000,6022.000000,40.000000,39.205322
6000.000000,1.000000,66.000000,0.000000,1.000000,6022.000000,40.000000,39.205322
6000.000000,1.000000,66.000000,0.000000,1.000000,6022.000000,40.000000,39.205322
6000.000000,1.000000,66.000000,0.000000,1.000000,6022.000000,40.000000,39.205322
6000.000000,1.000000,66.000000,0.000000,1.000000,6022.000000,40.000000,39.205322
6000.000000,1.000000,66.000000,0.000000,1.000000,6022.000000,40.000000,39.205322
6000.000000,1.000000,66.000000,0.000000,1.000000,6022.000000,40.000000,39.205322
6000.000000,1.000000,66.000000,0.000000,1.000000,6022.000000,40.000000,39.205322
6000.000000,1.000000,66.000000,0.000000,1.000000,6022.000000,40.000000,39.205322
6000.000000,1.000000,66.000000,0.000000,1.000000,6022.000000,40.000000,39.205322
6000.000000,1.000000,66.000000,0.000000,1.000000,6022.000000,40.000000,39.205322
6000.000000,1.000000,66.000000,0.000000,1.000000,6022.000000,40.000000,39.205322
6000.000000,1.000000,66.000000,0.000000,1.000000,6022.000000,40.000000,39.205322
6000.000000,1.000000,66.000000,0.000000,1.000000,6022.000000,40.000000,39.205322
6000.000000,1.000000,66.000000,0.000000,1.000000,6022.000000,40.000000,39.205322
6000.000000,1.000000,66.000000,0.000000,1.000000,6022.000000,40.000000,39.205322
6000.000000,1.000000,66.000000,0.000000,1.000000,6022.000000,40.000000,39.205322
6000.000000,1.000000,66.000000,0.000000,1.000000,6022.000000,40.000000,39.205322
6000.000000,1.000000,66.000000,0.000000,1.000000,6022.000000,40.000000,39.205322
6000.000000,1.000000,66.000000,0.000000,1.000000,6022.000000,40.000000,39.205322
6000.000000,1.000000,66.000000,0.000000,1.000000,6022.000000,40.000000,39.205322
6000.000000,1.000000,66.000000,0.000000,1.000000,6022.000000,40.000000,39.205322
6000.000000,1.000000,66.000000,0.000000,1.000000,6022.000000,40.000000,39.205322
6000.000000,1.000000,66.000000,0.000000,1.000000,6022.000000,40.000000,39.205322
6000.000000,1.000000,66.000000,0.000000,1.000000,6022.000000,40.000000,39.205322
6000.000000,1.000000,66.000000,0.000000,1.000000,6022.000000,40.000000,39.205322
6000.000000,1.000000,66.000000,0.000000,1.000000,6022.000000,40.000000,39.205322
6000.000000,1.000000,66.000000,0.000000,1.000000,6022.000000,40.000000,39.205322
6000.000000,1.000000,66.000000,0.000000,1.000000,6022.000000,40.000000,39.205322
6000.000000,1.000000,66.000000,0.000000,1.000000,6022.000000,40.000000,39.205322
6000.000000,1.000000,66.000000,0.000000,1.000000,6022.000000,40.000000,39.205322
6000.000000,1.000000,66.000000,0.000000,1.000000,6022.000000,40.000000,39.205322
6000.000000,1.000000,66.000000,0.000000,1.000000,6022.000000,40.000000,39.205322
6000.000000,1.000000,66.000000,0.000000,1.000000,6022.000000,40.000000,39.205322
6000.000000,1.000000,66.000000,0.000000,1.000000,6022.000000,40.000000,39.205322
6000.000000,1.000000,66.000000,0.000000,1.000000,6022.000000,40.000000,39.205322
6000.000000,1.000000,66.000000,0.000000,1.000000,6022.000000,40.000000,39.205322
6000.000000,1.000000,66.000000,0.000000,1.000000,6022.000000,40.000000,39.205322
6000.000000,1.000000,66.000000,0.000000,1.000000,6022.000000,40.000000,39.205322
6000.000000,1.000000,66.000000,0.000000,1.000000,6022.000000,40.000000,39.205322
6000.000000,1.000000,66.000000,0.000000,1.000000,6022.000000,40.000000,39.205322
6000.000000,1.000000,66.000000,0.000000,1.000000,6022.000000,40.000000,39.205322
6000.000000,1.000000,66.000000,0.000000,1.000000,6022.000000,40.000000,39.205322
6000.000000,1.000000,66.000000,0.000000,1.000000,6022.000000,40.000000,39.205322
6000.000000,1.000000,66.000000,0.000000,1.000000,6022.000000,40.000000,39.205322
6000.000000,1.000000,66.000000,0.000000,1.000000,6022.000000,40.000000,39.205322
6000.000000,1.000000,66.000000,0.000000,1.000000,6022.000000,40.000000,39.205322
6000.000000,1.000000,66.000000,0.000000,1.000000,6022.000000,40.000000,39.205322
6000.000000,1.000000,66.000000,0.000000,1.000000,6022.000000,40.000000,39.205322
6000.000000,1.000000,66.000000,0.000000,1.000000,6022.000000,40.000000,39.205322
6000.000000,1.000000,66.000000,0.000000,1.000000,6022.000000,40.000000,39.205322
6000.000000,1.000000,66.000000,0.000000,1.000000,6022.000000,40.000000,39.205322
6000.000000,1.000000,66.000000,0.000000,1.000000,6022.000000,40.000000,39.205322
6000.000000,1.000000,66.000000,0.000000,1.000000,6022.000000,40.000000,39.205322
6000.000000,1.000000,66.000000,0.000000,1.000000,6022.000000,40.000000,39.205322
6000.000000,1.000000,66.000000,0.000000,1.000000,6022.000000,40.000000,39.205322
6000.000000,1.000000,66.000000,0.000000,1.000000,6022.000000,40.000000,39.205322
6000.000000,1.000000,66.000000,0.000000,1.000000,6022.000000,40.000000,39.205322
6000.000000,1.000000,66.000000,0.000000,1.000000,6022.000000,40.000000,39.205322
6000.000000,1.000000,66.000000,0.000000,1.000000,6022.000000,40.000000,39.205322
6000.000000,1.000000,66.000000,0.000000,1.000000,6022.000000,40.000000,39.205322
6000.000000,1.000000,66.000000,0.000000,1.000000,6022.000000,40.000000,39.205322
6000.000000,1.000000,66.000000,0.000000,1.000000,6022.000000,40.000000,39.205322
6000.000000,1.000000,66.000000,0.000000,1.000000,6022.000000,40.000000,39.205322
6000.000000,1.000000,66.000000,0.000000,1.000000,6022.000000,40.000000,39.205322
6000.000000,1.000000,66.000000,0.000000,1.000000,6022.000000,40.000000,39.205322
6000.000000,1.000000,66.000000,0.000000,1.000000,6022.000000,40.000000,39.205322
6000.000000,1.000000,66.000000,0.000000,1.000000,6022.000000,40.000000,39.205322
6000.000000,1.000000,66.000000,0.000000,1.000000,6022.000000,40.000000,39.205322
6000.000000,1.000000,66.000000,0.000000,1.000000,6022.000000,40.000000,39.205322
6000.000000,1.000000,66.000000,0.000000,1.000000,6022.000000,40.000000,39.205322
6000.000000,1.000000,66.000000,0.000000,1.000000,6022.000000,40.000000,39.205322
6000.000000,1.000000,66.000000,0.000000,1.000000,6022.000000,40.000000,39.205322
6000.000000,1.000000,66.000000,0.000000,1.000000,6022.000000,40.000000,39.205322
6000.000000,1.000000,66.000000,0.000000,1.000000,6022.000000,40.000000,39.205322
6000.000000,1.000000,66.000000,0.000000,1.000000,6022.000000,40.000000,39.205322
6000.000000,1.000000,66.000000,0.000000,1.000000,6022.000000,40.000000,39.205322
6000.000000,1.000000,66.000000,0.000000,1.000000,6022.000000,40.000000,39.205322
6000.000000,1.000000,66.000000,0.000000,1.000000,6022.000000,40.000000,39.205322
6000.000000,1.000000,66.000000,0.000000,1.000000,6022.000000,40.000000,39.205322
6000.000000,1.000000,66.000000,0.000000,1.000000,6022.000000,40.000000,39.205322
6000.000000,1.000000,66.000000,0.000000,1.000000,6022.000000,40.000000,39.205322
6000.000000,1.000000,66.000000,0.000000,1.000000,6022.000000,40.000000,39.205322
6000.000000,1.000000,66.000000,0.000000,1.000000,6022.000000,40.000000,39.205322
6000.000000,1.000000,66.000000,0.000000,1.000000,6022.000000,40.000000,39.205322
6000.000000,1.000000,66.000000,0.000000,1.000000,6022.000000,40.000000,39.205322
6000.000000,1.000000,66.000000,0.000000,1.000000,6022.000000,40.000000,39.205322
6000.000000,1.000000,66.000000,0.000000,1.000000,6022.000000,40.000000,39.205322
6000.000000,1.000000,66.000000,0.000000,1.000000,6022.000000,40.000000,39.205322
6000.000000,1.000000,66.000000,0.000000,1.000000,6022.000000,40.000000,39.205322
6000.000000,1.000000,66.000000,0.000000,1.000000,6022.000000,40.000000,39.205322
6000.000000,1.000000,66.000000,0.000000,1.000000,6022.000000,40.000000,39.205322
6000.000000,1.000000,66.000000,0.000000,1.000000,6022.000000,40.000000,39.205322
6000.000000,1.000000,66.000000,0.000000,1.000000,6022.000000,40.000000,39.205322
6000.000000,1.000000,66.000000,0.000000,1.000000,6022.000000,40.000000,39.205322
6000.000000,1.000000,66.000000,0.000000,1.000000,6022.000000,40.000000,39.205322
6000.000000,1.000000,66.000000,0.000000,1.000000,6022.000000,40.000000,39.205322
6000.000000,1.000000,66.000000,0.000000,1.000000,6022.000000,40.000000,39.205322
6000.000000,1.000000,66.000000,0.000000,1.000000,6022.000000,40.000000,39.205322
6000.000000,1.000000,66.000000,0.000000,1.000000,6022.000000,40.000000,39.205322
6000.000000,1.000000,66.000000,0.000000,1.000000,6022.000000,40.000000,39.205322
6000.000000,1.000000,66.000000,0.000000,1.000000,6022.000000,40.000000,39.205322
6000.000000,1.000000,66.000000,0.000000,1.000000,6022.000000,40.000000,39.205322
6000.000000,1.000000,66.000000,0.000000,1.000000,6022.000000,40.000000,39.205322
6000.000000,1.000000,66.000000,0.000000,1.000000,6022.000000,40.000000,39.205322
6000.000000,1.000000,66.000000,0.000000,1.000000,6022.000000,40.000000,39.205322
6000.000000,1.000000,66.000000,0.000000,1.000000,6022.000000,40.000000,39.205322
6000.000000,1.000000,66.000000,0.000000,1.000000,6022.000000,40.000000,39.205322
6000.000000,1.000000,66.000000,0.000000,1.000000,6022.000000,40.000000,39.205322
6000.000000,1.000000,66.000000,0.000000,1.000000,6022.000000,40.000000,39.205322
6000.000000,1.000000,66.000000,0.000000,1.000000,6022.000000,40.000000,39.205322
6000.000000,1.000000,66.000000,0.000000,1.000000,6022.000000,40.000000,39.205322
6000.000000,1.000000,66.000000,0.000000,1.000000,6022.000000,40.000000,39.205322
6000.000000,1.000000,66.000000,0.000000,1.000000,6022.000000,40.000000,39.205322
6000.000000,1.000000,66.000000,0.000000,1.000000,6022.000000,40.000000,39.205322
6000.000000,1.000000,66.000000,0.000000,1.000000,6022.000000,40.000000,39.205322
6000.000000,1.000000,66.000000,0.000000,1.000000,6022.000000,40.000000,39.205322
6000.000000,1.000000,66.000000,0.000000,1.000000,6022.000000,40.000000,39.205322
6000.000000,1.000000,66.000000,0.000000,1.000000,6022.000000,40.000000,39.205322
6000.000000,1.000000,66.000000,0.000000,1.000000,6022.000000,40.000000,39.205322
6000.000000,1.000000,66.000000,0.000000,1.000000,6022.000000,40.000000,39.205322
6000.000000,1.000000,66.000000,0.000000,1.000000,6022.000000,40.000000,39.205322
6000.000000,1.000000,66.000000,0.000000,1.000000,6022.000000,40.000000,39.205322
6000.000000,1.000000,66.000000,0.000000,1.000000,6022.000000,40.000000,39.205322
6000.000000,1.000000,66.000000,0.000000,1.000000,6022.000000,40.000000,39.205322
6000.000000,1.000000,66.000000,0.000000,1.000000,6022.000000,40.000000,39.205322
6000.000000,1.000000,66.000000,0.000000,1.000000,6022.000000,40.000000,39.205322
6000.000000,1.000000,66.000000,0.000000,1.000000,6022.000000,40.000000,39.205322
6000.000000,1.000000,66.000000,0.000000,1.000000,6022.000000,40.000000,39.205322
6000.000000,1.000000,66.000000,0.000000,1.000000,6022.000000,40.000000,39.205322
6000.000000,1.000000,66.000000,0.000000,1.000000,6022.000000,40.000000,39.205322
6000.000000,1.000000,66.000000,0.000000,1.000000,6022.000000,40.000000,39.205322
6000.000000,1.000000,66.000000,0.000000,1.000000,6022.000000,40.000000,39.205322
6000.000000,1.000000,66.000000,0.000000,1.000000,6022.000000,40.000000,39.205322
6000.000000,1.000000,66.000000,0.000000,1.000000,6022.000000,40.000000,39.205322
6000.000000,1.000000,66.000000,0.000000,1.000000,6022.000000,40.000000,39.205322
6000.000000,1.000000,66.000000,0.000000,1.000000,6022.000000,40.000000,39.205322
6000.000000,1.000000,66.000000,0.000000,1.000000,6022.000000,40.000000,39.205322
6000.000000,1.000000,66.000000,0.000000,1.000000,6022.000000,40.000000,39.205322
6000.000000,1.000000,66.000000,0.000000,1.000000,6022.000000,40.000000,39.205322
6000.000000,1.000000,66.000000,0.000000,1.000000,6022.000000,40.000000,39.205322
6000.000000,1.000000,66.000000,0.000000,1.000000,6022.000000,40.000000,39.205322
6000.000000,1.000000,66.000000,0.000000,1.000000,6022.000000,40.000000,39.205322
6000.000000,1.000000,66.000000,0.000000,1.000000,6022.000000,40.000000,39.205322
6000.000000,1.000000,66.000000,0.000000,1.000000,6022.000000,40.000000,39.205322
6000.000000,1.000000,66.000000,0.000000,1.000000,6022.000000,40.000000,39.205322
6000.000000,1.000000,66.000000,0.000000,1.000000,6022.000000,40.000000,39.205322
6000.000000,1.000000,66.000000,0.000000,1.000000,6022.000000,40.000000,39.205322
6000.000000,1.000000,66.000000,0.000000,1.000000,6022.000000,40.000000,39.205322
6000.000000,1.000000,66.000000,0.000000,1.000000,6022.000000,40.000000,39.205322
6000.000000,1.000000,66.000000,0.000000,1.000000,6022.000000,40.000000,39.205322
6000.000000,1.000000,66.000000,0.000000,1.000000,6022.000000,40.000000,39.205322
6000.000000,1.000000,66.000000,0.000000,1.000000,6022.000000,40.000000,39.205322
6000.000000,1.000000,66.000000,0.000000,1.000000,6022.000000,40.000000,39.205322
6000.000000,1.000000,66.000000,0.000000,1.000000,6022.000000,40.000000,39.205322
6000.000000,1.000000,66.000000,0.000000,1.000000,6022.000000,40.000000,39.205322
6000.000000,1.000000,66.000000,0.000000,1.000000,6022.000000,40.000000,39.205322
6000.000000,1.000000,66.000000,0.000000,1.000000,6022.000000,40.000000,39.205322
6000.000000,1.000000,66.000000,0.000000,1.000000,6022.000000,40.000000,39.205322
6000.000000,1.000000,66.000000,0.000000,1.000000,6022.000000,40.000000,39.205322
6000.000000,1.000000,66.000000,0.000000,1.000000,6022.000000,40.000000,39.205322
6000.000000,1.000000,66.000000,0.000000,1.000000,6022.000000,40.000000,39.205322
6000.000000,1.000000,66.000000,0.000000,1.000000,6022.000000,40.000000,39.205322
6000.000000,1.000000,66.000000,0.000000,1.000000,6022.000000,40.000000,39.205322
6000.000000,1.000000,66.000000,0.000000,1.000000,6022.000000,40.000000,39.205322
6000.000000,1.000000,66.000000,0.000000,1.000000,6022.000000,40.000000,39.205322
6000.000000,1.000000,66.000000,0.000000,1.000000,6022.000000,40.000000,39.205322
6000.000000,1.000000,66.000000,0.000000,1.000000,6022.000000,40.000000,39.205322
6000.000000,1.000000,66.000000,0.000000,1.000000,6022.000000,40.000000,39.205322
6000.000000,1.000000,66.000000,0.000000,1.000000,6022.000000,40.000000,39.205322
6000.000000,1.000000,66.000000,0.000000,1.000000,6022.000000,40.000000,39.205322
6000.000000,1.000000,66.000000,0.000000,1.000000,6022.000000,40.000000,39.205322
6000.000000,1.000000,66.000000,0.000000,1.000000,6022.000000,40.000000,39.205322
6000.000000,1.000000,66.000000,1.000000,0.000000,2398.000000,0.000000,0.000000
6000.000000,1.000000,66.000000,1.000000,0.000000,3975.000000,0.000000,0.000000
6000.000000,1.000000,66.000000,1.000000,0.000000,5624.000000,0.000000,0.000000
6000.000000,1.000000,66.000000,1.000000,0.000000,5936.000000,0.000000,0.000000
6000.000000,1.000000,66.000000,1.000000,0.000000,6001.000000,0.000000,0.000000
6000.000000,1.000000,66.000000,1.000000,0.000000,6018.000000,0.000000,0.000000
6000.000000,1.000000,66.000000,1.000000,0.000000,6020.000000,0.000000,0.000000
6000.000000,1.000000,66.000000,1.000000,0.000000,6024.000000,0.000000,0.000000
6000.000000,1.000000,66.000000,1.000000,0.000000,6030.000000,0.000000,0.000000
6000.000000,1.000000,66.000000,1.000000,0.000000,6033.000000,0.000000,0.000000
6000.000000,1.000000,66.000000,1.000000,0.000000,6018.000000,0.000000,0.000000
6000.000000,1.000000,66.000000,1.000000,0.000000,6030.000000,0.000000,0.000000
6000.000000,1.000000,66.000000,1.000000,0.000000,6030.000000,0.000000,0.000000
6000.000000,1.000000,66.000000,1.000000,0.000000,6033.000000,0.000000,0.000000
6000.000000,1.000000,66.000000,1.000000,0.000000,6037.000000,0.000000,0.000000
6000.000000,1.000000,66.000000,1.000000,0.000000,6024.000000,0.000000,0.000000
6000.000000,1.000000,66.000000,1.000000,0.000000,6020.000000,0.000000,0.000000
6000.000000,1.000000,66.000000,1.000000,0.000000,5986.000000,0.000000,0.000000
6000.000000,1.000000,66.000000,1.000000,0.000000,5989.000000,0.000000,0.000000
6000.000000,1.000000,66.000000,1.000000,0.000000,5989.000000,0.000000,0.000000
6000.000000,1.000000,66.000000,1.000000,0.000000,5991.000000,0.000000,0.000000
6000.000000,1.000000,66.000000,1.000000,0.000000,5997.000000,0.000000,0.000000
6000.000000,1.000000,66.000000,1.000000,0.000000,6003.000000,0.000000,0.000000
6000.000000,1.000000,66.000000,1.000000,0.000000,6010.000000,0.000000,0.000000
6000.000000,1.000000,66.000000,1.000000,0.000000,6024.000000,0.000000,0.000000
6000.000000,1.000000,66.000000,1.000000,0.000000,6016.000000,0.000000,-0.009766
6000.000000,1.000000,66.000000,1.000000,0.000000,6028.000000,0.000000,-0.001221
6000.000000,1.000000,66.000000,1.000000,0.000000,6033.000000,0.000000,-0.004883
6000.000000,1.000000,66.000000,1.000000,0.000000,6045.000000,0.000000,0.000000
6000.000000,1.000000,66.000000,1.000000,0.000000,6041.000000,0.000000,0.000000
6000.000000,1.000000,66.000000,1.000000,0.000000,6039.000000,0.000000,0.000000
6000.000000,1.000000,66.000000,1.000000,0.000000,6024.000000,0.000000,0.000000
6000.000000,1.000000,66.000000,1.000000,0.000000,6030.000000,0.000000,0.000000
6000.000000,1.000000,66.000000,1.000000,0.000000,6037.000000,0.000000,0.000000
6000.000000,1.000000,66.000000,1.000000,0.000000,6028.000000,0.000000,0.004883
6000.000000,1.000000,66.000000,1.000000,0.000000,5986.000000,0.000000,0.003662
6000.000000,1.000000,66.000000,1.000000,0.000000,5995.000000,0.000000,0.001221
6000.000000,1.000000,66.000000,1.000000,0.000000,5995.000000,40.000000,0.477295
6000.000000,1.000000,66.000000,1.000000,0.000000,5999.000000,40.000000,2.906494
6000.000000,1.000000,66.000000,1.000000,0.000000,5974.000000,40.000000,4.538574
6000.000000,1.000000,66.000000,1.000000,0.000000,5963.000000,40.000000,7.949219
6000.000000,1.000000,66.000000,1.000000,0.000000,5995.000000,40.000000,12.281494
6000.000000,1.000000,66.000000,1.000000,0.000000,6010.000000,40.000000,16.217041
6000.000000,1.000000,66.000000,1.000000,0.000000,6007.000000,40.000000,20.140381
6000.000000,1.000000,66.000000,1.000000,0.000000,6003.000000,40.000000,23.991699
6000.000000,1.000000,66.000000,1.000000,0.000000,5995.000000,40.000000,27.895508
6000.000000,1.000000,66.000000,1.000000,0.000000,5991.000000,40.000000,31.779785
6000.000000,1.000000,66.000000,1.000000,0.000000,5984.000000,40.000000,35.429688
6000.000000,1.000000,66.000000,1.000000,0.000000,5980.000000,40.000000,38.079834
6000.000000,1.000000,66.000000,0.000000,1.000000,6010.000000,40.000000,39.246826
6000.000000,1.000000,66.000000,0.000000,1.000000,6010.000000,40.000000,39.246826
6000.000000,1.000000,66.000000,0.000000,1.000000,6010.000000,40.000000,39.246826
6000.000000,1.000000,66.000000,0.000000,1.000000,6010.000000,40.000000,39.246826
6000.000000,1.000000,66.000000,0.000000,1.000000,6010.000000,40.000000,39.246826
6000.000000,1.000000,66.000000,0.000000,1.000000,6010.000000,40.000000,39.246826
6000.000000,1.000000,66.000000,0.000000,1.000000,6010.000000,40.000000,39.246826
6000.000000,1.000000,66.000000,0.000000,1.000000,6010.000000,40.000000,39.246826
6000.000000,1.000000,66.000000,0.000000,1.000000,6010.000000,40.000000,39.246826
6000.000000,1.000000,66.000000,0.000000,1.000000,6010.000000,40.000000,39.246826
6000.000000,1.000000,66.000000,0.000000,1.000000,6010.000000,40.000000,39.246826
6000.000000,1.000000,66.000000,0.000000,1.000000,6010.000000,40.000000,39.246826
6000.000000,1.000000,66.000000,0.000000,1.000000,6010.000000,40.000000,39.246826
6000.000000,1.000000,66.000000,0.000000,1.000000,6010.000000,40.000000,39.246826
6000.000000,1.000000,66.000000,0.000000,1.000000,6010.000000,40.000000,39.246826
6000.000000,1.000000,66.000000,0.000000,1.000000,6010.000000,40.000000,39.246826
6000.000000,1.000000,66.000000,0.000000,1.000000,6010.000000,40.000000,39.246826
6000.000000,1.000000,66.000000,0.000000,1.000000,6010.000000,40.000000,39.246826
6000.000000,1.000000,66.000000,0.000000,1.000000,6010.000000,40.000000,39.246826
6000.000000,1.000000,66.000000,0.000000,1.000000,6010.000000,40.000000,39.246826
6000.000000,1.000000,66.000000,0.000000,1.000000,6010.000000,40.000000,39.246826
6000.000000,1.000000,66.000000,0.000000,1.000000,6010.000000,40.000000,39.246826
6000.000000,1.000000,66.000000,0.000000,1.000000,6010.000000,40.000000,39.246826
6000.000000,1.000000,66.000000,0.000000,1.000000,6010.000000,40.000000,39.246826
6000.000000,1.000000,66.000000,0.000000,1.000000,6010.000000,40.000000,39.246826
6000.000000,1.000000,66.000000,0.000000,1.000000,6010.000000,40.000000,39.246826
6000.000000,1.000000,66.000000,0.000000,1.000000,6010.000000,40.000000,39.246826
6000.000000,1.000000,66.000000,0.000000,1.000000,6010.000000,40.000000,39.246826
6000.000000,1.000000,66.000000,0.000000,1.000000,6010.000000,40.000000,39.246826
6000.000000,1.000000,66.000000,0.000000,1.000000,6010.000000,40.000000,39.246826
6000.000000,1.000000,66.000000,0.000000,1.000000,6010.000000,40.000000,39.246826
6000.000000,1.000000,66.000000,0.000000,1.000000,6010.000000,40.000000,39.246826
6000.000000,1.000000,66.000000,0.000000,1.000000,6010.000000,40.000000,39.246826
6000.000000,1.000000,66.000000,0.000000,1.000000,6010.000000,40.000000,39.246826
6000.000000,1.000000,66.000000,0.000000,1.000000,6010.000000,40.000000,39.246826
6000.000000,1.000000,66.000000,0.000000,1.000000,6010.000000,40.000000,39.246826
6000.000000,1.000000,66.000000,0.000000,1.000000,6010.000000,40.000000,39.246826
6000.000000,1.000000,66.000000,0.000000,1.000000,6010.000000,40.000000,39.246826
6000.000000,1.000000,66.000000,0.000000,1.000000,6010.000000,40.000000,39.246826
6000.000000,1.000000,66.000000,0.000000,1.000000,6010.000000,40.000000,39.246826
6000.000000,1.000000,66.000000,0.000000,1.000000,6010.000000,40.000000,39.246826
6000.000000,1.000000,66.000000,0.000000,1.000000,6010.000000,40.000000,39.246826
6000.000000,1.000000,66.000000,0.000000,1.000000,6010.000000,40.000000,39.246826
6000.000000,1.000000,66.000000,0.000000,1.000000,6010.000000,40.000000,39.246826
6000.000000,1.000000,66.000000,0.000000,1.000000,6010.000000,40.000000,39.246826
6000.000000,1.000000,66.000000,0.000000,1.000000,6010.000000,40.000000,39.246826
6000.000000,1.000000,66.000000,0.000000,1.000000,6010.000000,40.000000,39.246826
6000.000000,1.000000,66.000000,0.000000,1.000000,6010.000000,40.000000,39.246826
6000.000000,1.000000,66.000000,0.000000,1.000000,6010.000000,40.000000,39.246826
6000.000000,1.000000,66.000000,0.000000,1.000000,6010.000000,40.000000,39.246826
6000.000000,1.000000,66.000000,0.000000,1.000000,6010.000000,40.000000,39.246826
6000.000000,1.000000,66.000000,0.000000,1.000000,6010.000000,40.000000,39.246826
6000.000000,1.000000,66.000000,0.000000,1.000000,6010.000000,40.000000,39.246826
6000.000000,1.000000,66.000000,0.000000,1.000000,6010.000000,40.000000,39.246826
6000.000000,1.000000,66.000000,0.000000,1.000000,6010.000000,40.000000,39.246826
6000.000000,1.000000,66.000000,0.000000,1.000000,6010.000000,40.000000,39.246826
6000.000000,1.000000,66.000000,0.000000,1.000000,6010.000000,40.000000,39.246826
6000.000000,1.000000,66.000000,0.000000,1.000000,6010.000000,40.000000,39.246826
6000.000000,1.000000,66.000000,0.000000,1.000000,6010.000000,40.000000,39.246826
6000.000000,1.000000,66.000000,0.000000,1.000000,6010.000000,40.000000,39.246826
6000.000000,1.000000,66.000000,0.000000,1.000000,6010.000000,40.000000,39.246826
6000.000000,1.000000,66.000000,0.000000,1.000000,6010.000000,40.000000,39.246826
6000.000000,1.000000,66.000000,0.000000,1.000000,6010.000000,40.000000,39.246826
6000.000000,1.000000,66.000000,0.000000,1.000000,6010.000000,40.000000,39.246826
6000.000000,1.000000,66.000000,0.000000,1.000000,6010.000000,40.000000,39.246826
6000.000000,1.000000,66.000000,0.000000,1.000000,6010.000000,40.000000,39.246826
6000.000000,1.000000,66.000000,0.000000,1.000000,6010.000000,40.000000,39.246826
6000.000000,1.000000,66.000000,0.000000,1.000000,6010.000000,40.000000,39.246826
6000.000000,1.000000,66.000000,0.000000,1.000000,6010.000000,40.000000,39.246826
6000.000000,1.000000,66.000000,0.000000,1.000000,6010.000000,40.000000,39.246826
6000.000000,1.000000,66.000000,0.000000,1.000000,6010.000000,40.000000,39.246826
6000.000000,1.000000,66.000000,0.000000,1.000000,6010.000000,40.000000,39.246826
6000.000000,1.000000,66.000000,0.000000,1.000000,6010.000000,40.000000,39.246826
6000.000000,1.000000,66.000000,0.000000,1.000000,6010.000000,40.000000,39.246826
6000.000000,1.000000,66.000000,0.000000,1.000000,6010.000000,40.000000,39.246826
6000.000000,1.000000,66.000000,0.000000,1.000000,6010.000000,40.000000,39.246826
6000.000000,1.000000,66.000000,0.000000,1.000000,6010.000000,40.000000,39.246826
6000.000000,1.000000,66.000000,0.000000,1.000000,6010.000000,40.000000,39.246826
6000.000000,1.000000,66.000000,0.000000,1.000000,6010.000000,40.000000,39.246826
6000.000000,1.000000,66.000000,0.000000,1.000000,6010.000000,40.000000,39.246826
6000.000000,1.000000,66.000000,0.000000,1.000000,6010.000000,40.000000,39.246826
6000.000000,1.000000,66.000000,0.000000,1.000000,6010.000000,40.000000,39.246826
6000.000000,1.000000,66.000000,0.000000,1.000000,6010.000000,40.000000,39.246826
6000.000000,1.000000,66.000000,0.000000,1.000000,6010.000000,40.000000,39.246826
6000.000000,1.000000,66.000000,0.000000,1.000000,6010.000000,40.000000,39.246826
6000.000000,1.000000,66.000000,0.000000,1.000000,6010.000000,40.000000,39.246826
6000.000000,1.000000,66.000000,0.000000,1.000000,6010.000000,40.000000,39.246826
6000.000000,1.000000,66.000000,0.000000,1.000000,6010.000000,40.000000,39.246826
6000.000000,1.000000,66.000000,0.000000,1.000000,6010.000000,40.000000,39.246826
6000.000000,1.000000,66.000000,0.000000,1.000000,6010.000000,40.000000,39.246826
6000.000000,1.000000,66.000000,0.000000,1.000000,6010.000000,40.000000,39.246826
6000.000000,1.000000,66.000000,0.000000,1.000000,6010.000000,40.000000,39.246826
6000.000000,1.000000,66.000000,0.000000,1.000000,6010.000000,40.000000,39.246826
6000.000000,1.000000,66.000000,0.000000,1.000000,6010.000000,40.000000,39.246826
6000.000000,1.000000,66.000000,0.000000,1.000000,6010.000000,40.000000,39.246826
6000.000000,1.000000,66.000000,0.000000,1.000000,6010.000000,40.000000,39.246826
6000.000000,1.000000,66.000000,0.000000,1.000000,6010.000000,40.000000,39.246826
6000.000000,1.000000,66.000000,0.000000,1.000000,6010.000000,40.000000,39.246826
6000.000000,1.000000,66.000000,0.000000,1.000000,6010.000000,40.000000,39.246826
6000.000000,1.000000,66.000000,0.000000,1.000000,6010.000000,40.000000,39.246826
6000.000000,1.000000,66.000000,0.000000,1.000000,6010.000000,40.000000,39.246826
6000.000000,1.000000,66.000000,0.000000,1.000000,6010.000000,40.000000,39.246826
6000.000000,1.000000,66.000000,0.000000,1.000000,6010.000000,40.000000,39.246826
6000.000000,1.000000,66.000000,0.000000,1.000000,6010.000000,40.000000,39.246826
6000.000000,1.000000,66.000000,0.000000,1.000000,6010.000000,40.000000,39.246826
6000.000000,1.000000,66.000000,0.000000,1.000000,6010.000000,40.000000,39.246826
6000.000000,1.000000,66.000000,0.000000,1.000000,6010.000000,40.000000,39.246826
6000.000000,1.000000,66.000000,0.000000,1.000000,6010.000000,40.000000,39.246826
6000.000000,1.000000,66.000000,0.000000,1.000000,6010.000000,40.000000,39.246826
6000.000000,1.000000,66.000000,0.000000,1.000000,6010.000000,40.000000,39.246826
6000.000000,1.000000,66.000000,0.000000,1.000000,6010.000000,40.000000,39.246826
6000.000000,1.000000,66.000000,0.000000,1.000000,6010.000000,40.000000,39.246826
6000.000000,1.000000,66.000000,0.000000,1.000000,6010.000000,40.000000,39.246826
6000.000000,1.000000,66.000000,0.000000,1.000000,6010.000000,40.000000,39.246826
6000.000000,1.000000,66.000000,0.000000,1.000000,6010.000000,40.000000,39.246826
6000.000000,1.000000,66.000000,0.000000,1.000000,6010.000000,40.000000,39.246826
6000.000000,1.000000,66.000000,0.000000,1.000000,6010.000000,40.000000,39.246826
6000.000000,1.000000,66.000000,0.000000,1.000000,6010.000000,40.000000,39.246826
6000.000000,1.000000,66.000000,0.000000,1.000000,6010.000000,40.000000,39.246826
6000.000000,1.000000,66.000000,0.000000,1.000000,6010.000000,40.000000,39.246826
6000.000000,1.000000,66.000000,0.000000,1.000000,6010.000000,40.000000,39.246826
6000.000000,1.000000,66.000000,0.000000,1.000000,6010.000000,40.000000,39.246826
6000.000000,1.000000,66.000000,0.000000,1.000000,6010.000000,40.000000,39.246826
6000.000000,1.000000,66.000000,0.000000,1.000000,6010.000000,40.000000,39.246826
6000.000000,1.000000,66.000000,0.000000,1.000000,6010.000000,40.000000,39.246826
6000.000000,1.000000,66.000000,0.000000,1.000000,6010.000000,40.000000,39.246826
6000.000000,1.000000,66.000000,0.000000,1.000000,6010.000000,40.000000,39.246826
6000.000000,1.000000,66.000000,0.000000,1.000000,6010.000000,40.000000,39.246826
6000.000000,1.000000,66.000000,0.000000,1.000000,6010.000000,40.000000,39.246826
6000.000000,1.000000,66.000000,0.000000,1.000000,6010.000000,40.000000,39.246826
6000.000000,1.000000,66.000000,0.000000,1.000000,6010.000000,40.000000,39.246826
6000.000000,1.000000,66.000000,0.000000,1.000000,6010.000000,40.000000,39.246826
6000.000000,1.000000,66.000000,0.000000,1.000000,6010.000000,40.000000,39.246826
6000.000000,1.000000,66.000000,0.000000,1.000000,6010.000000,40.000000,39.246826
6000.000000,1.000000,66.000000,0.000000,1.000000,6010.000000,40.000000,39.246826
6000.000000,1.000000,66.000000,0.000000,1.000000,6010.000000,40.000000,39.246826
6000.000000,1.000000,66.000000,0.000000,1.000000,6010.000000,40.000000,39.246826
6000.000000,1.000000,66.000000,0.000000,1.000000,6010.000000,40.000000,39.246826
6000.000000,1.000000,66.000000,0.000000,1.000000,6010.000000,40.000000,39.246826
6000.000000,1.000000,66.000000,0.000000,1.000000,6010.000000,40.000000,39.246826
6000.000000,1.000000,66.000000,0.000000,1.000000,6010.000000,40.000000,39.246826
6000.000000,1.000000,66.000000,0.000000,1.000000,6010.000000,40.000000,39.246826
6000.000000,1.000000,66.000000,0.000000,1.000000,6010.000000,40.000000,39.246826
6000.000000,1.000000,66.000000,0.000000,1.000000,6010.000000,40.000000,39.246826
6000.000000,1.000000,66.000000,0.000000,1.000000,6010.000000,40.000000,39.246826
6000.000000,1.000000,66.000000,0.000000,1.000000,6010.000000,40.000000,39.246826
6000.000000,1.000000,66.000000,0.000000,1.000000,6010.000000,40.000000,39.246826
6000.000000,1.000000,66.000000,0.000000,1.000000,6010.000000,40.000000,39.246826
6000.000000,1.000000,66.000000,0.000000,1.000000,6010.000000,40.000000,39.246826
6000.000000,1.000000,66.000000,0.000000,1.000000,6010.000000,40.000000,39.246826
6000.000000,1.000000,66.000000,0.000000,1.000000,6010.000000,40.000000,39.246826
6000.000000,1.000000,66.000000,0.000000,1.000000,6010.000000,40.000000,39.246826
6000.000000,1.000000,66.000000,0.000000,1.000000,6010.000000,40.000000,39.246826
6000.000000,1.000000,66.000000,0.000000,1.000000,6010.000000,40.000000,39.246826
6000.000000,1.000000,66.000000,0.000000,1.000000,6010.000000,40.000000,39.246826
6000.000000,1.000000,66.000000,0.000000,1.000000,6010.000000,40.000000,39.246826
6000.000000,1.000000,66.000000,0.000000,1.000000,6010.000000,40.000000,39.246826
6000.000000,1.000000,66.000000,0.000000,1.000000,6010.000000,40.000000,39.246826
6000.000000,1.000000,66.000000,0.000000,1.000000,6010.000000,40.000000,39.246826
6000.000000,1.000000,66.000000,0.000000,1.000000,6010.000000,40.000000,39.246826
6000.000000,1.000000,66.000000,0.000000,1.000000,6010.000000,40.000000,39.246826
6000.000000,1.000000,66.000000,0.000000,1.000000,6010.000000,40.000000,39.246826
6000.000000,1.000000,66.000000,0.000000,1.000000,6010.000000,40.000000,39.246826
6000.000000,1.000000,66.000000,0.000000,1.000000,6010.000000,40.000000,39.246826
6000.000000,1.000000,66.000000,0.000000,1.000000,6010.000000,40.000000,39.246826
6000.000000,1.000000,66.000000,0.000000,1.000000,6010.000000,40.000000,39.246826
6000.000000,1.000000,66.000000,0.000000,1.000000,6010.000000,40.000000,39.246826
6000.000000,1.000000,66.000000,0.000000,1.000000,6010.000000,40.000000,39.246826
6000.000000,1.000000,66.000000,0.000000,1.000000,6010.000000,40.000000,39.246826
6000.000000,1.000000,66.000000,0.000000,1.000000,6010.000000,40.000000,39.246826
6000.000000,1.000000,66.000000,0.000000,1.000000,6010.000000,40.000000,39.246826
6000.000000,1.000000,66.000000,0.000000,1.000000,6010.000000,40.000000,39.246826
6000.000000,1.000000,66.000000,0.000000,1.000000,6010.000000,40.000000,39.246826
6000.000000,1.000000,66.000000,0.000000,1.000000,6010.000000,40.000000,39.246826
6000.000000,1.000000,66.000000,0.000000,1.000000,6010.000000,40.000000,39.246826
6000.000000,1.000000,66.000000,0.000000,1.000000,6010.000000,40.000000,39.246826
6000.000000,1.000000,66.000000,0.000000,1.000000,6010.000000,40.000000,39.246826
6000.000000,1.000000,66.000000,0.000000,1.000000,6010.000000,40.000000,39.246826
6000.000000,1.000000,66.000000,0.000000,1.000000,6010.000000,40.000000,39.246826
6000.000000,1.000000,66.000000,0.000000,1.000000,6010.000000,40.000000,39.246826
6000.000000,1.000000,66.000000,0.000000,1.000000,6010.000000,40.000000,39.246826
6000.000000,1.000000,66.000000,0.000000,1.000000,6010.000000,40.000000,39.246826
6000.000000,1.000000,66.000000,0.000000,1.000000,6010.000000,40.000000,39.246826
6000.000000,1.000000,66.000000,0.000000,1.000000,6010.000000,40.000000,39.246826
6000.000000,1.000000,66.000000,0.000000,1.000000,6010.000000,40.000000,39.246826
6000.000000,1.000000,66.000000,0.000000,1.000000,6010.000000,40.000000,39.246826
6000.000000,1.000000,66.000000,0.000000,1.000000,6010.000000,40.000000,39.246826
6000.000000,1.000000,66.000000,0.000000,1.000000,6010.000000,40.000000,39.246826
6000.000000,1.000000,66.000000,0.000000,1.000000,6010.000000,40.000000,39.246826
6000.000000,1.000000,66.000000,0.000000,1.000000,6010.000000,40.000000,39.246826
6000.000000,1.000000,66.000000,0.000000,1.000000,6010.000000,40.000000,39.246826
6000.000000,1.000000,66.000000,0.000000,1.000000,6010.000000,40.000000,39.246826
6000.000000,1.000000,66.000000,0.000000,1.000000,6010.000000,40.000000,39.246826
6000.000000,1.000000,66.000000,0.000000,1.000000,6010.000000,40.000000,39.246826
6000.000000,1.000000,66.000000,0.000000,1.000000,6010.000000,40.000000,39.246826
6000.000000,1.000000,66.000000,0.000000,1.000000,6010.000000,40.000000,39.246826
6000.000000,1.000000,66.000000,0.000000,1.000000,6010.000000,40.000000,39.246826
6000.000000,1.000000,66.000000,0.000000,1.000000,6010.000000,40.000000,39.246826
6000.000000,1.000000,66.000000,0.000000,1.000000,6010.000000,40.000000,39.246826
6000.000000,1.000000,66.000000,0.000000,1.000000,6010.000000,40.000000,39.246826
6000.000000,1.000000,66.000000,0.000000,1.000000,6010.000000,40.000000,39.246826
6000.000000,1.000000,66.000000,0.000000,1.000000,6010.000000,40.000000,39.246826
6000.000000,1.000000,66.000000,0.000000,1.000000,6010.000000,40.000000,39.246826
6000.000000,1.000000,66.000000,0.000000,1.000000,6010.000000,40.000000,39.246826
6000.000000,1.000000,66.000000,0.000000,1.000000,6010.000000,40.000000,39.246826
6000.000000,1.000000,66.000000,0.000000,1.000000,6010.000000,40.000000,39.246826
6000.000000,1.000000,66.000000,0.000000,1.000000,6010.000000,40.000000,39.246826
6000.000000,1.000000,66.000000,0.000000,1.000000,6010.000000,40.000000,39.246826
6000.000000,1.000000,66.000000,0.000000,1.000000,6010.000000,40.000000,39.246826
6000.000000,1.000000,66.000000,0.000000,1.000000,6010.000000,40.000000,39.246826
6000.000000,1.000000,66.000000,0.000000,1.000000,6010.000000,40.000000,39.246826
6000.000000,1.000000,66.000000,0.000000,1.000000,6010.000000,40.000000,39.246826
6000.000000,1.000000,66.000000,0.000000,1.000000,6010.000000,40.000000,39.246826
6000.000000,1.000000,66.000000,0.000000,1.000000,6010.000000,40.000000,39.246826
6000.000000,1.000000,66.000000,0.000000,1.000000,6010.000000,40.000000,39.246826
6000.000000,1.000000,66.000000,0.000000,1.000000,6010.000000,40.000000,39.246826
6000.000000,1.000000,66.000000,0.000000,1.000000,6010.000000,40.000000,39.246826
6000.000000,1.000000,66.000000,0.000000,1.000000,6010.000000,40.000000,39.246826
6000.000000,1.000000,66.000000,0.000000,1.000000,6010.000000,40.000000,39.246826
6000.000000,1.000000,66.000000,0.000000,1.000000,6010.000000,40.000000,39.246826
6000.000000,1.000000,66.000000,0.000000,1.000000,6010.000000,40.000000,39.246826
6000.000000,1.000000,66.000000,0.000000,1.000000,6010.000000,40.000000,39.246826
6000.000000,1.000000,66.000000,0.000000,1.000000,6010.000000,40.000000,39.246826
6000.000000,1.000000,66.000000,0.000000,1.000000,6010.000000,40.000000,39.246826
6000.000000,1.000000,66.000000,0.000000,1.000000,6010.000000,40.000000,39.246826
6000.000000,1.000000,66.000000,0.000000,1.000000,6010.000000,40.000000,39.246826
6000.000000,1.000000,66.000000,0.000000,1.000000,6010.000000,40.000000,39.246826
6000.000000,1.000000,66.000000,0.000000,1.000000,6010.000000,40.000000,39.246826
6000.000000,1.000000,66.000000,0.000000,1.000000,6010.000000,40.000000,39.246826
6000.000000,1.000000,66.000000,0.000000,1.000000,6010.000000,40.000000,39.246826
6000.000000,1.000000,66.000000,0.000000,1.000000,6010.000000,40.000000,39.246826
6000.000000,1.000000,66.000000,0.000000,1.000000,6010.000000,40.000000,39.246826
6000.000000,1.000000,66.000000,0.000000,1.000000,6010.000000,40.000000,39.246826
6000.000000,1.000000,66.000000,0.000000,1.000000,6010.000000,40.000000,39.246826
6000.000000,1.000000,66.000000,0.000000,1.000000,6010.000000,40.000000,39.246826
6000.000000,1.000000,66.000000,0.000000,1.000000,6010.000000,40.000000,39.246826
6000.000000,1.000000,66.000000,0.000000,1.000000,6010.000000,40.000000,39.246826
6000.000000,1.000000,66.000000,0.000000,1.000000,6010.000000,40.000000,39.246826
6000.000000,1.000000,66.000000,0.000000,1.000000,6010.000000,40.000000,39.246826
6000.000000,1.000000,66.000000,0.000000,1.000000,6010.000000,40.000000,39.246826
6000.000000,1.000000,66.000000,0.000000,1.000000,6010.000000,40.000000,39.246826
6000.000000,1.000000,66.000000,0.000000,1.000000,6010.000000,40.000000,39.246826
6000.000000,1.000000,66.000000,0.000000,1.000000,6010.000000,40.000000,39.246826
6000.000000,1.000000,66.000000,0.000000,1.000000,6010.000000,40.000000,39.246826
6000.000000,1.000000,66.000000,0.000000,1.000000,6010.000000,40.000000,39.246826
6000.000000,1.000000,66.000000,0.000000,1.000000,6010.000000,40.000000,39.246826
6000.000000,1.000000,66.000000,0.000000,1.000000,6010.000000,40.000000,39.246826
6000.000000,1.000000,66.000000,0.000000,1.000000,6010.000000,40.000000,39.246826
6000.000000,1.000000,66.000000,0.000000,1.000000,6010.000000,40.000000,39.246826
6000.000000,1.000000,66.000000,0.000000,1.000000,6010.000000,40.000000,39.246826
6000.000000,1.000000,66.000000,0.000000,1.000000,6010.000000,40.000000,39.246826
6000.000000,1.000000,66.000000,0.000000,1.000000,6010.000000,40.000000,39.246826
6000.000000,1.000000,66.000000,0.000000,1.000000,6010.000000,40.000000,39.246826
6000.000000,1.000000,66.000000,0.000000,1.000000,6010.000000,40.000000,39.246826
6000.000000,1.000000,66.000000,0.000000,1.000000,6010.000000,40.000000,39.246826
6000.000000,1.000000,66.000000,0.000000,1.000000,6010.000000,40.000000,39.246826
6000.000000,1.000000,66.000000,0.000000,1.000000,6010.000000,40.000000,39.246826
6000.000000,1.000000,66.000000,0.000000,1.000000,6010.000000,40.000000,39.246826
6000.000000,1.000000,66.000000,0.000000,1.000000,6010.000000,40.000000,39.246826
6000.000000,1.000000,66.000000,0.000000,1.000000,6010.000000,40.000000,39.246826
6000.000000,1.000000,66.000000,0.000000,1.000000,6010.000000,40.000000,39.246826
6000.000000,1.000000,66.000000,0.000000,1.000000,6010.000000,40.000000,39.246826
6000.000000,1.000000,66.000000,0.000000,1.000000,6010.000000,40.000000,39.246826
6000.000000,1.000000,66.000000,0.000000,1.000000,6010.000000,40.000000,39.246826
6000.000000,1.000000,66.000000,0.000000,1.000000,6010.000000,40.000000,39.246826
6000.000000,1.000000,66.000000,0.000000,1.000000,6010.000000,40.000000,39.246826
6000.000000,1.000000,66.000000,0.000000,1.000000,6010.000000,40.000000,39.246826
6000.000000,1.000000,66.000000,0.000000,1.000000,6010.000000,40.000000,39.246826
6000.000000,1.000000,66.000000,0.000000,1.000000,6010.000000,40.000000,39.246826
6000.000000,1.000000,66.000000,0.000000,1.000000,6010.000000,40.000000,39.246826
6000.000000,1.000000,66.000000,0.000000,1.000000,6010.000000,40.000000,39.246826
6000.000000,1.000000,66.000000,0.000000,1.000000,6010.000000,40.000000,39.246826
6000.000000,1.000000,66.000000,0.000000,1.000000,6010.000000,40.000000,39.246826
6000.000000,1.000000,66.000000,0.000000,1.000000,6010.000000,40.000000,39.246826
6000.000000,1.000000,66.000000,0.000000,1.000000,6010.000000,40.000000,39.246826
6000.000000,1.000000,66.000000,0.000000,1.000000,6010.000000,40.000000,39.246826
6000.000000,1.000000,66.000000,0.000000,1.000000,6010.000000,40.000000,39.246826
6000.000000,1.000000,66.000000,0.000000,1.000000,6010.000000,40.000000,39.246826
6000.000000,1.000000,66.000000,0.000000,1.000000,6010.000000,40.000000,39.246826
6000.000000,1.000000,66.000000,0.000000,1.000000,6010.000000,40.000000,39.246826
6000.000000,1.000000,66.000000,0.000000,1.000000,6010.000000,40.000000,39.246826
6000.000000,1.000000,66.000000,0.000000,1.000000,6010.000000,40.000000,39.246826
6000.000000,1.000000,66.000000,0.000000,1.000000,6010.000000,40.000000,39.246826
6000.000000,1.000000,66.000000,1.000000,0.000000,3239.000000,0.000000,0.000000
6000.000000,1.000000,66.000000,1.000000,0.000000,4969.000000,0.000000,0.000000
6000.000000,1.000000,66.000000,1.000000,0.000000,5838.000000,0.000000,0.000000
6000.000000,1.000000,66.000000,1.000000,0.000000,5963.000000,0.000000,0.000000
6000.000000,1.000000,66.000000,1.000000,0.000000,6018.000000,0.000000,0.000000
6000.000000,1.000000,66.000000,1.000000,0.000000,6010.000000,0.000000,0.000000
6000.000000,1.000000,66.000000,1.000000,0.000000,6010.000000,0.000000,0.000000
6000.000000,1.000000,66.000000,1.000000,0.000000,6007.000000,0.000000,0.000000
6000.000000,1.000000,66.000000,1.000000,0.000000,6007.000000,0.000000,0.000000
6000.000000,1.000000,66.000000,1.000000,0.000000,6014.000000,0.000000,0.000000
6000.000000,1.000000,66.000000,1.000000,0.000000,6018.000000,0.000000,0.000000
6000.000000,1.000000,66.000000,1.000000,0.000000,6024.000000,0.000000,0.000000
6000.000000,1.000000,66.000000,1.000000,0.000000,6028.000000,0.000000,0.000000
6000.000000,1.000000,66.000000,1.000000,0.000000,6030.000000,0.000000,0.000000
6000.000000,1.000000,66.000000,1.000000,0.000000,6030.000000,0.000000,0.000000
6000.000000,1.000000,66.000000,1.000000,0.000000,6033.000000,0.000000,0.000000
6000.000000,1.000000,66.000000,1.000000,0.000000,6030.000000,0.000000,0.000000
6000.000000,1.000000,66.000000,1.000000,0.000000,6028.000000,0.000000,0.000000
6000.000000,1.000000,66.000000,1.000000,0.000000,6030.000000,0.000000,0.000000
6000.000000,1.000000,66.000000,1.000000,0.000000,6049.000000,0.000000,0.000000
6000.000000,1.000000,66.000000,1.000000,0.000000,6049.000000,0.000000,0.000000
6000.000000,1.000000,66.000000,1.000000,0.000000,6043.000000,0.000000,0.000000
6000.000000,1.000000,66.000000,1.000000,0.000000,6043.000000,0.000000,0.000000
6000.000000,1.000000,66.000000,1.000000,0.000000,6041.000000,0.000000,0.000000
6000.000000,1.000000,66.000000,1.000000,0.000000,6033.000000,0.000000,0.000000
6000.000000,1.000000,66.000000,1.000000,0.000000,6030.000000,0.000000,-0.010986
6000.000000,1.000000,66.000000,1.000000,0.000000,6026.000000,0.000000,0.004883
6000.000000,1.000000,66.000000,1.000000,0.000000,6026.000000,0.000000,0.004883
6000.000000,1.000000,66.000000,1.000000,0.000000,6022.000000,40.000000,0.236816
6000.000000,1.000000,66.000000,1.000000,0.000000,6022.000000,40.000000,3.031006
6000.000000,1.000000,66.000000,1.000000,0.000000,6022.000000,40.000000,5.025635
6000.000000,1.000000,66.000000,1.000000,0.000000,6018.000000,40.000000,6.065674
6000.000000,1.000000,66.000000,1.000000,0.000000,6016.000000,40.000000,6.097412
6000.000000,1.000000,66.000000,1.000000,0.000000,6020.000000,40.000000,6.212158
6000.000000,1.000000,66.000000,1.000000,0.000000,6014.000000,40.000000,6.761475
6000.000000,1.000000,66.000000,1.000000,0.000000,6010.000000,40.000000,6.854248
6000.000000,1.000000,66.000000,1.000000,0.000000,6003.000000,40.000000,6.929932
6000.000000,1.000000,66.000000,1.000000,0.000000,6007.000000,40.000000,7.137451
6000.000000,1.000000,66.000000,1.000000,0.000000,6012.000000,40.000000,7.135010
6000.000000,1.000000,66.000000,1.000000,0.000000,6022.000000,40.000000,7.135010
6000.000000,1.000000,66.000000,1.000000,0.000000,6001.000000,0.000000,0.000000
6000.000000,1.000000,66.000000,1.000000,0.000000,5878.000000,0.000000,0.000000
6000.000000,1.000000,66.000000,1.000000,0.000000,5993.000000,0.000000,0.000000
6000.000000,1.000000,66.000000,1.000000,0.000000,6018.000000,0.000000,0.000000
6000.000000,1.000000,66.000000,1.000000,0.000000,6014.000000,0.000000,0.000000
6000.000000,1.000000,66.000000,1.000000,0.000000,6014.000000,0.000000,0.000000
6000.000000,1.000000,66.000000,1.000000,0.000000,6005.000000,0.000000,0.000000
6000.000000,1.000000,66.000000,1.000000,0.000000,6005.000000,0.000000,-0.002441
6000.000000,1.000000,66.000000,1.000000,0.000000,6001.000000,0.000000,-0.004883
6000.000000,1.000000,66.000000,1.000000,0.000000,5995.000000,0.000000,-0.001221
6000.000000,1.000000,66.000000,1.000000,0.000000,5999.000000,40.000000,0.714111
6000.000000,1.000000,66.000000,1.000000,0.000000,6003.000000,40.000000,4.838867
6000.000000,1.000000,66.000000,1.000000,0.000000,6010.000000,40.000000,8.710938
6000.000000,1.000000,66.000000,1.000000,0.000000,6016.000000,40.000000,12.584229
6000.000000,1.000000,66.000000,1.000000,0.000000,6026.000000,40.000000,16.572266
6000.000000,1.000000,66.000000,1.000000,0.000000,5980.000000,40.000000,20.288086
6000.000000,1.000000,66.000000,1.000000,0.000000,5978.000000,40.000000,24.101563
6000.000000,1.000000,66.000000,1.000000,0.000000,5976.000000,40.000000,27.567139
6000.000000,1.000000,66.000000,1.000000,0.000000,5974.000000,40.000000,31.289063
6000.000000,1.000000,66.000000,1.000000,0.000000,5959.000000,40.000000,35.202637
6000.000000,1.000000,66.000000,1.000000,0.000000,5836.000000,40.000000,37.768555
6000.000000,1.000000,66.000000,0.000000,1.000000,5943.000000,40.000000,39.250488
6000.000000,1.000000,66.000000,0.000000,1.000000,5943.000000,40.000000,39.250488
6000.000000,1.000000,66.000000,0.000000,1.000000,5943.000000,40.000000,39.250488
6000.000000,1.000000,66.000000,0.000000,1.000000,5943.000000,40.000000,39.250488
6000.000000,1.000000,66.000000,0.000000,1.000000,5943.000000,40.000000,39.250488
6000.000000,1.000000,66.000000,0.000000,1.000000,5943.000000,40.000000,39.250488
6000.000000,1.000000,66.000000,0.000000,1.000000,5943.000000,40.000000,39.250488
6000.000000,1.000000,66.000000,0.000000,1.000000,5943.000000,40.000000,39.250488
6000.000000,1.000000,66.000000,0.000000,1.000000,5943.000000,40.000000,39.250488
6000.000000,1.000000,66.000000,0.000000,1.000000,5943.000000,40.000000,39.250488
6000.000000,1.000000,66.000000,0.000000,1.000000,5943.000000,40.000000,39.250488
6000.000000,1.000000,66.000000,0.000000,1.000000,5943.000000,40.000000,39.250488
6000.000000,1.000000,66.000000,0.000000,1.000000,5943.000000,40.000000,39.250488
6000.000000,1.000000,66.000000,0.000000,1.000000,5943.000000,40.000000,39.250488
6000.000000,1.000000,66.000000,0.000000,1.000000,5943.000000,40.000000,39.250488
6000.000000,1.000000,66.000000,0.000000,1.000000,5943.000000,40.000000,39.250488
6000.000000,1.000000,66.000000,0.000000,1.000000,5943.000000,40.000000,39.250488
6000.000000,1.000000,66.000000,0.000000,1.000000,5943.000000,40.000000,39.250488
6000.000000,1.000000,66.000000,0.000000,1.000000,5943.000000,40.000000,39.250488
6000.000000,1.000000,66.000000,0.000000,1.000000,5943.000000,40.000000,39.250488
6000.000000,1.000000,66.000000,0.000000,1.000000,5943.000000,40.000000,39.250488
6000.000000,1.000000,66.000000,0.000000,1.000000,5943.000000,40.000000,39.250488
6000.000000,1.000000,66.000000,0.000000,1.000000,5943.000000,40.000000,39.250488
6000.000000,1.000000,66.000000,0.000000,1.000000,5943.000000,40.000000,39.250488
6000.000000,1.000000,66.000000,0.000000,1.000000,5943.000000,40.000000,39.250488
6000.000000,1.000000,66.000000,0.000000,1.000000,5943.000000,40.000000,39.250488
6000.000000,1.000000,66.000000,0.000000,1.000000,5943.000000,40.000000,39.250488
6000.000000,1.000000,66.000000,0.000000,1.000000,5943.000000,40.000000,39.250488
6000.000000,1.000000,66.000000,0.000000,1.000000,5943.000000,40.000000,39.250488
6000.000000,1.000000,66.000000,0.000000,1.000000,5943.000000,40.000000,39.250488
6000.000000,1.000000,66.000000,0.000000,1.000000,5943.000000,40.000000,39.250488
6000.000000,1.000000,66.000000,0.000000,1.000000,5943.000000,40.000000,39.250488
6000.000000,1.000000,66.000000,0.000000,1.000000,5943.000000,40.000000,39.250488
6000.000000,1.000000,66.000000,0.000000,1.000000,5943.000000,40.000000,39.250488
6000.000000,1.000000,66.000000,0.000000,1.000000,5943.000000,40.000000,39.250488
6000.000000,1.000000,66.000000,0.000000,1.000000,5943.000000,40.000000,39.250488
6000.000000,1.000000,66.000000,0.000000,1.000000,5943.000000,40.000000,39.250488
6000.000000,1.000000,66.000000,0.000000,1.000000,5943.000000,40.000000,39.250488
6000.000000,1.000000,66.000000,0.000000,1.000000,5943.000000,40.000000,39.250488
6000.000000,1.000000,66.000000,0.000000,1.000000,5943.000000,40.000000,39.250488
6000.000000,1.000000,66.000000,0.000000,1.000000,5943.000000,40.000000,39.250488
6000.000000,1.000000,66.000000,0.000000,1.000000,5943.000000,40.000000,39.250488
6000.000000,1.000000,66.000000,0.000000,1.000000,5943.000000,40.000000,39.250488
6000.000000,1.000000,66.000000,0.000000,1.000000,5943.000000,40.000000,39.250488
6000.000000,1.000000,66.000000,0.000000,1.000000,5943.000000,40.000000,39.250488
6000.000000,1.000000,66.000000,0.000000,1.000000,5943.000000,40.000000,39.250488
6000.000000,1.000000,66.000000,0.000000,1.000000,5943.000000,40.000000,39.250488
6000.000000,1.000000,66.000000,0.000000,1.000000,5943.000000,40.000000,39.250488
6000.000000,1.000000,66.000000,0.000000,1.000000,5943.000000,40.000000,39.250488
6000.000000,1.000000,66.000000,0.000000,1.000000,5943.000000,40.000000,39.250488
6000.000000,1.000000,66.000000,0.000000,1.000000,5943.000000,40.000000,39.250488
6000.000000,1.000000,66.000000,0.000000,1.000000,5943.000000,40.000000,39.250488
6000.000000,1.000000,66.000000,0.000000,1.000000,5943.000000,40.000000,39.250488
6000.000000,1.000000,66.000000,0.000000,1.000000,5943.000000,40.000000,39.250488
6000.000000,1.000000,66.000000,0.000000,1.000000,5943.000000,40.000000,39.250488
6000.000000,1.000000,66.000000,0.000000,1.000000,5943.000000,40.000000,39.250488
6000.000000,1.000000,66.000000,0.000000,1.000000,5943.000000,40.000000,39.250488
6000.000000,1.000000,66.000000,0.000000,1.000000,5943.000000,40.000000,39.250488
6000.000000,1.000000,66.000000,0.000000,1.000000,5943.000000,40.000000,39.250488
6000.000000,1.000000,66.000000,0.000000,1.000000,5943.000000,40.000000,39.250488
6000.000000,1.000000,66.000000,0.000000,1.000000,5943.000000,40.000000,39.250488
6000.000000,1.000000,66.000000,0.000000,1.000000,5943.000000,40.000000,39.250488
6000.000000,1.000000,66.000000,0.000000,1.000000,5943.000000,40.000000,39.250488
6000.000000,1.000000,66.000000,0.000000,1.000000,5943.000000,40.000000,39.250488
6000.000000,1.000000,66.000000,0.000000,1.000000,5943.000000,40.000000,39.250488
6000.000000,1.000000,66.000000,0.000000,1.000000,5943.000000,40.000000,39.250488
6000.000000,1.000000,66.000000,0.000000,1.000000,5943.000000,40.000000,39.250488
6000.000000,1.000000,66.000000,0.000000,1.000000,5943.000000,40.000000,39.250488
6000.000000,1.000000,66.000000,0.000000,1.000000,5943.000000,40.000000,39.250488
6000.000000,1.000000,66.000000,0.000000,1.000000,5943.000000,40.000000,39.250488
6000.000000,1.000000,66.000000,0.000000,1.000000,5943.000000,40.000000,39.250488
6000.000000,1.000000,66.000000,0.000000,1.000000,5943.000000,40.000000,39.250488
6000.000000,1.000000,66.000000,0.000000,1.000000,5943.000000,40.000000,39.250488
6000.000000,1.000000,66.000000,0.000000,1.000000,5943.000000,40.000000,39.250488
6000.000000,1.000000,66.000000,0.000000,1.000000,5943.000000,40.000000,39.250488
6000.000000,1.000000,66.000000,0.000000,1.000000,5943.000000,40.000000,39.250488
6000.000000,1.000000,66.000000,0.000000,1.000000,5943.000000,40.000000,39.250488
6000.000000,1.000000,66.000000,0.000000,1.000000,5943.000000,40.000000,39.250488
6000.000000,1.000000,66.000000,0.000000,1.000000,5943.000000,40.000000,39.250488
6000.000000,1.000000,66.000000,0.000000,1.000000,5943.000000,40.000000,39.250488
6000.000000,1.000000,66.000000,0.000000,1.000000,5943.000000,40.000000,39.250488
6000.000000,1.000000,66.000000,0.000000,1.000000,5943.000000,40.000000,39.250488
6000.000000,1.000000,66.000000,0.000000,1.000000,5943.000000,40.000000,39.250488
6000.000000,1.000000,66.000000,0.000000,1.000000,5943.000000,40.000000,39.250488
6000.000000,1.000000,66.000000,0.000000,1.000000,5943.000000,40.000000,39.250488
6000.000000,1.000000,66.000000,0.000000,1.000000,5943.000000,40.000000,39.250488
6000.000000,1.000000,66.000000,0.000000,1.000000,5943.000000,40.000000,39.250488
6000.000000,1.000000,66.000000,0.000000,1.000000,5943.000000,40.000000,39.250488
6000.000000,1.000000,66.000000,0.000000,1.000000,5943.000000,40.000000,39.250488
6000.000000,1.000000,66.000000,0.000000,1.000000,5943.000000,40.000000,39.250488
6000.000000,1.000000,66.000000,0.000000,1.000000,5943.000000,40.000000,39.250488
6000.000000,1.000000,66.000000,0.000000,1.000000,5943.000000,40.000000,39.250488
6000.000000,1.000000,66.000000,0.000000,1.000000,5943.000000,40.000000,39.250488
6000.000000,1.000000,66.000000,0.000000,1.000000,5943.000000,40.000000,39.250488
6000.000000,1.000000,66.000000,0.000000,1.000000,5943.000000,40.000000,39.250488
6000.000000,1.000000,66.000000,0.000000,1.000000,5943.000000,40.000000,39.250488
6000.000000,1.000000,66.000000,0.000000,1.000000,5943.000000,40.000000,39.250488
6000.000000,1.000000,66.000000,0.000000,1.000000,5943.000000,40.000000,39.250488
6000.000000,1.000000,66.000000,0.000000,1.000000,5943.000000,40.000000,39.250488
6000.000000,1.000000,66.000000,0.000000,1.000000,5943.000000,40.000000,39.250488
6000.000000,1.000000,66.000000,0.000000,1.000000,5943.000000,40.000000,39.250488
6000.000000,1.000000,66.000000,0.000000,1.000000,5943.000000,40.000000,39.250488
6000.000000,1.000000,66.000000,0.000000,1.000000,5943.000000,40.000000,39.250488
6000.000000,1.000000,66.000000,0.000000,1.000000,5943.000000,40.000000,39.250488
6000.000000,1.000000,66.000000,0.000000,1.000000,5943.000000,40.000000,39.250488
6000.000000,1.000000,66.000000,0.000000,1.000000,5943.000000,40.000000,39.250488
6000.000000,1.000000,66.000000,0.000000,1.000000,5943.000000,40.000000,39.250488
6000.000000,1.000000,66.000000,0.000000,1.000000,5943.000000,40.000000,39.250488
6000.000000,1.000000,66.000000,0.000000,1.000000,5943.000000,40.000000,39.250488
6000.000000,1.000000,66.000000,0.000000,1.000000,5943.000000,40.000000,39.250488
6000.000000,1.000000,66.000000,0.000000,1.000000,5943.000000,40.000000,39.250488
6000.000000,1.000000,66.000000,0.000000,1.000000,5943.000000,40.000000,39.250488
6000.000000,1.000000,66.000000,0.000000,1.000000,5943.000000,40.000000,39.250488
6000.000000,1.000000,66.000000,0.000000,1.000000,5943.000000,40.000000,39.250488
6000.000000,1.000000,66.000000,0.000000,1.000000,5943.000000,40.000000,39.250488
6000.000000,1.000000,66.000000,0.000000,1.000000,5943.000000,40.000000,39.250488
6000.000000,1.000000,66.000000,0.000000,1.000000,5943.000000,40.000000,39.250488
6000.000000,1.000000,66.000000,0.000000,1.000000,5943.000000,40.000000,39.250488
6000.000000,1.000000,66.000000,0.000000,1.000000,5943.000000,40.000000,39.250488
6000.000000,1.000000,66.000000,0.000000,1.000000,5943.000000,40.000000,39.250488
6000.000000,1.000000,66.000000,0.000000,1.000000,5943.000000,40.000000,39.250488
6000.000000,1.000000,66.000000,0.000000,1.000000,5943.000000,40.000000,39.250488
6000.000000,1.000000,66.000000,0.000000,1.000000,5943.000000,40.000000,39.250488
6000.000000,1.000000,66.000000,0.000000,1.000000,5943.000000,40.000000,39.250488
6000.000000,1.000000,66.000000,0.000000,1.000000,5943.000000,40.000000,39.250488
6000.000000,1.000000,66.000000,0.000000,1.000000,5943.000000,40.000000,39.250488
6000.000000,1.000000,66.000000,0.000000,1.000000,5943.000000,40.000000,39.250488
6000.000000,1.000000,66.000000,0.000000,1.000000,5943.000000,40.000000,39.250488
6000.000000,1.000000,66.000000,0.000000,1.000000,5943.000000,40.000000,39.250488
6000.000000,1.000000,66.000000,0.000000,1.000000,5943.000000,40.000000,39.250488
6000.000000,1.000000,66.000000,0.000000,1.000000,5943.000000,40.000000,39.250488
6000.000000,1.000000,66.000000,0.000000,1.000000,5943.000000,40.000000,39.250488
6000.000000,1.000000,66.000000,0.000000,1.000000,5943.000000,40.000000,39.250488
6000.000000,1.000000,66.000000,0.000000,1.000000,5943.000000,40.000000,39.250488
6000.000000,1.000000,66.000000,0.000000,1.000000,5943.000000,40.000000,39.250488
6000.000000,1.000000,66.000000,0.000000,1.000000,5943.000000,40.000000,39.250488
6000.000000,1.000000,66.000000,0.000000,1.000000,5943.000000,40.000000,39.250488
6000.000000,1.000000,66.000000,0.000000,1.000000,5943.000000,40.000000,39.250488
6000.000000,1.000000,66.000000,0.000000,1.000000,5943.000000,40.000000,39.250488
6000.000000,1.000000,66.000000,0.000000,1.000000,5943.000000,40.000000,39.250488
6000.000000,1.000000,66.000000,0.000000,1.000000,5943.000000,40.000000,39.250488
6000.000000,1.000000,66.000000,0.000000,1.000000,5943.000000,40.000000,39.250488
6000.000000,1.000000,66.000000,0.000000,1.000000,5943.000000,40.000000,39.250488
6000.000000,1.000000,66.000000,0.000000,1.000000,5943.000000,40.000000,39.250488
6000.000000,1.000000,66.000000,0.000000,1.000000,5943.000000,40.000000,39.250488
6000.000000,1.000000,66.000000,0.000000,1.000000,5943.000000,40.000000,39.250488
6000.000000,1.000000,66.000000,0.000000,1.000000,5943.000000,40.000000,39.250488
6000.000000,1.000000,66.000000,0.000000,1.000000,5943.000000,40.000000,39.250488
6000.000000,1.000000,66.000000,0.000000,1.000000,5943.000000,40.000000,39.250488
6000.000000,1.000000,66.000000,0.000000,1.000000,5943.000000,40.000000,39.250488
6000.000000,1.000000,66.000000,0.000000,1.000000,5943.000000,40.000000,39.250488
6000.000000,1.000000,66.000000,0.000000,1.000000,5943.000000,40.000000,39.250488
6000.000000,1.000000,66.000000,0.000000,1.000000,5943.000000,40.000000,39.250488
6000.000000,1.000000,66.000000,0.000000,1.000000,5943.000000,40.000000,39.250488
6000.000000,1.000000,66.000000,0.000000,1.000000,5943.000000,40.000000,39.250488
6000.000000,1.000000,66.000000,0.000000,1.000000,5943.000000,40.000000,39.250488
6000.000000,1.000000,66.000000,0.000000,1.000000,5943.000000,40.000000,39.250488
6000.000000,1.000000,66.000000,0.000000,1.000000,5943.000000,40.000000,39.250488
6000.000000,1.000000,66.000000,0.000000,1.000000,5943.000000,40.000000,39.250488
6000.000000,1.000000,66.000000,0.000000,1.000000,5943.000000,40.000000,39.250488
6000.000000,1.000000,66.000000,0.000000,1.000000,5943.000000,40.000000,39.250488
6000.000000,1.000000,66.000000,0.000000,1.000000,5943.000000,40.000000,39.250488
6000.000000,1.000000,66.000000,0.000000,1.000000,5943.000000,40.000000,39.250488
6000.000000,1.000000,66.000000,0.000000,1.000000,5943.000000,40.000000,39.250488
6000.000000,1.000000,66.000000,0.000000,1.000000,5943.000000,40.000000,39.250488
6000.000000,1.000000,66.000000,0.000000,1.000000,5943.000000,40.000000,39.250488
6000.000000,1.000000,66.000000,0.000000,1.000000,5943.000000,40.000000,39.250488
6000.000000,1.000000,66.000000,0.000000,1.000000,5943.000000,40.000000,39.250488
6000.000000,1.000000,66.000000,0.000000,1.000000,5943.000000,40.000000,39.250488
6000.000000,1.000000,66.000000,0.000000,1.000000,5943.000000,40.000000,39.250488
6000.000000,1.000000,66.000000,0.000000,1.000000,5943.000000,40.000000,39.250488
6000.000000,1.000000,66.000000,0.000000,1.000000,5943.000000,40.000000,39.250488
6000.000000,1.000000,66.000000,0.000000,1.000000,5943.000000,40.000000,39.250488
6000.000000,1.000000,66.000000,0.000000,1.000000,5943.000000,40.000000,39.250488
6000.000000,1.000000,66.000000,0.000000,1.000000,5943.000000,40.000000,39.250488
6000.000000,1.000000,66.000000,0.000000,1.000000,5943.000000,40.000000,39.250488
6000.000000,1.000000,66.000000,0.000000,1.000000,5943.000000,40.000000,39.250488
6000.000000,1.000000,66.000000,0.000000,1.000000,5943.000000,40.000000,39.250488
6000.000000,1.000000,66.000000,0.000000,1.000000,5943.000000,40.000000,39.250488
6000.000000,1.000000,66.000000,0.000000,1.000000,5943.000000,40.000000,39.250488
6000.000000,1.000000,66.000000,0.000000,1.000000,5943.000000,40.000000,39.250488
6000.000000,1.000000,66.000000,0.000000,1.000000,5943.000000,40.000000,39.250488
6000.000000,1.000000,66.000000,0.000000,1.000000,5943.000000,40.000000,39.250488
6000.000000,1.000000,66.000000,0.000000,1.000000,5943.000000,40.000000,39.250488
6000.000000,1.000000,66.000000,0.000000,1.000000,5943.000000,40.000000,39.250488
6000.000000,1.000000,66.000000,0.000000,1.000000,5943.000000,40.000000,39.250488
6000.000000,1.000000,66.000000,0.000000,1.000000,5943.000000,40.000000,39.250488
6000.000000,1.000000,66.000000,0.000000,1.000000,5943.000000,40.000000,39.250488
6000.000000,1.000000,66.000000,0.000000,1.000000,5943.000000,40.000000,39.250488
6000.000000,1.000000,66.000000,0.000000,1.000000,5943.000000,40.000000,39.250488
6000.000000,1.000000,66.000000,0.000000,1.000000,5943.000000,40.000000,39.250488
6000.000000,1.000000,66.000000,0.000000,1.000000,5943.000000,40.000000,39.250488
6000.000000,1.000000,66.000000,0.000000,1.000000,5943.000000,40.000000,39.250488
6000.000000,1.000000,66.000000,0.000000,1.000000,5943.000000,40.000000,39.250488
6000.000000,1.000000,66.000000,0.000000,1.000000,5943.000000,40.000000,39.250488
6000.000000,1.000000,66.000000,0.000000,1.000000,5943.000000,40.000000,39.250488
6000.000000,1.000000,66.000000,0.000000,1.000000,5943.000000,40.000000,39.250488
6000.000000,1.000000,66.000000,0.000000,1.000000,5943.000000,40.000000,39.250488
6000.000000,1.000000,66.000000,0.000000,1.000000,5943.000000,40.000000,39.250488
6000.000000,1.000000,66.000000,0.000000,1.000000,5943.000000,40.000000,39.250488
6000.000000,1.000000,66.000000,0.000000,1.000000,5943.000000,40.000000,39.250488
6000.000000,1.000000,66.000000,0.000000,1.000000,5943.000000,40.000000,39.250488
6000.000000,1.000000,66.000000,0.000000,1.000000,5943.000000,40.000000,39.250488
6000.000000,1.000000,66.000000,0.000000,1.000000,5943.000000,40.000000,39.250488
6000.000000,1.000000,66.000000,0.000000,1.000000,5943.000000,40.000000,39.250488
6000.000000,1.000000,66.000000,0.000000,1.000000,5943.000000,40.000000,39.250488
6000.000000,1.000000,66.000000,0.000000,1.000000,5943.000000,40.000000,39.250488
6000.000000,1.000000,66.000000,0.000000,1.000000,5943.000000,40.000000,39.250488
6000.000000,1.000000,66.000000,0.000000,1.000000,5943.000000,40.000000,39.250488
6000.000000,1.000000,66.000000,0.000000,1.000000,5943.000000,40.000000,39.250488
6000.000000,1.000000,66.000000,0.000000,1.000000,5943.000000,40.000000,39.250488
6000.000000,1.000000,66.000000,0.000000,1.000000,5943.000000,40.000000,39.250488
6000.000000,1.000000,66.000000,0.000000,1.000000,5943.000000,40.000000,39.250488
6000.000000,1.000000,66.000000,0.000000,1.000000,5943.000000,40.000000,39.250488
6000.000000,1.000000,66.000000,0.000000,1.000000,5943.000000,40.000000,39.250488
6000.000000,1.000000,66.000000,0.000000,1.000000,5943.000000,40.000000,39.250488
6000.000000,1.000000,66.000000,0.000000,1.000000,5943.000000,40.000000,39.250488
6000.000000,1.000000,66.000000,0.000000,1.000000,5943.000000,40.000000,39.250488
6000.000000,1.000000,66.000000,0.000000,1.000000,5943.000000,40.000000,39.250488
6000.000000,1.000000,66.000000,0.000000,1.000000,5943.000000,40.000000,39.250488
6000.000000,1.000000,66.000000,0.000000,1.000000,5943.000000,40.000000,39.250488
6000.000000,1.000000,66.000000,0.000000,1.000000,5943.000000,40.000000,39.250488
6000.000000,1.000000,66.000000,0.000000,1.000000,5943.000000,40.000000,39.250488
6000.000000,1.000000,66.000000,0.000000,1.000000,5943.000000,40.000000,39.250488
6000.000000,1.000000,66.000000,0.000000,1.000000,5943.000000,40.000000,39.250488
6000.000000,1.000000,66.000000,0.000000,1.000000,5943.000000,40.000000,39.250488
6000.000000,1.000000,66.000000,0.000000,1.000000,5943.000000,40.000000,39.250488
6000.000000,1.000000,66.000000,0.000000,1.000000,5943.000000,40.000000,39.250488
6000.000000,1.000000,66.000000,0.000000,1.000000,5943.000000,40.000000,39.250488
6000.000000,1.000000,66.000000,0.000000,1.000000,5943.000000,40.000000,39.250488
6000.000000,1.000000,66.000000,0.000000,1.000000,5943.000000,40.000000,39.250488
6000.000000,1.000000,66.000000,0.000000,1.000000,5943.000000,40.000000,39.250488
6000.000000,1.000000,66.000000,0.000000,1.000000,5943.000000,40.000000,39.250488
6000.000000,1.000000,66.000000,0.000000,1.000000,5943.000000,40.000000,39.250488
6000.000000,1.000000,66.000000,0.000000,1.000000,5943.000000,40.000000,39.250488
6000.000000,1.000000,66.000000,0.000000,1.000000,5943.000000,40.000000,39.250488
6000.000000,1.000000,66.000000,0.000000,1.000000,5943.000000,40.000000,39.250488
6000.000000,1.000000,66.000000,0.000000,1.000000,5943.000000,40.000000,39.250488
6000.000000,1.000000,66.000000,0.000000,1.000000,5943.000000,40.000000,39.250488
6000.000000,1.000000,66.000000,0.000000,1.000000,5943.000000,40.000000,39.250488
6000.000000,1.000000,66.000000,0.000000,1.000000,5943.000000,40.000000,39.250488
6000.000000,1.000000,66.000000,0.000000,1.000000,5943.000000,40.000000,39.250488
6000.000000,1.000000,66.000000,0.000000,1.000000,5943.000000,40.000000,39.250488
6000.000000,1.000000,66.000000,0.000000,1.000000,5943.000000,40.000000,39.250488
6000.000000,1.000000,66.000000,0.000000,1.000000,5943.000000,40.000000,39.250488
6000.000000,1.000000,66.000000,0.000000,1.000000,5943.000000,40.000000,39.250488
6000.000000,1.000000,66.000000,0.000000,1.000000,5943.000000,40.000000,39.250488
6000.000000,1.000000,66.000000,0.000000,1.000000,5943.000000,40.000000,39.250488
6000.000000,1.000000,66.000000,0.000000,1.000000,5943.000000,40.000000,39.250488
6000.000000,1.000000,66.000000,0.000000,1.000000,5943.000000,40.000000,39.250488
6000.000000,1.000000,66.000000,0.000000,1.000000,5943.000000,40.000000,39.250488
6000.000000,1.000000,66.000000,0.000000,1.000000,5943.000000,40.000000,39.250488
6000.000000,1.000000,66.000000,0.000000,1.000000,5943.000000,40.000000,39.250488
6000.000000,1.000000,66.000000,0.000000,1.000000,5943.000000,40.000000,39.250488
6000.000000,1.000000,66.000000,0.000000,1.000000,5943.000000,40.000000,39.250488
6000.000000,1.000000,66.000000,0.000000,1.000000,5943.000000,40.000000,39.250488
6000.000000,1.000000,66.000000,0.000000,1.000000,5943.000000,40.000000,39.250488
6000.000000,1.000000,66.000000,0.000000,1.000000,5943.000000,40.000000,39.250488
6000.000000,1.000000,66.000000,0.000000,1.000000,5943.000000,40.000000,39.250488
6000.000000,1.000000,66.000000,0.000000,1.000000,5943.000000,40.000000,39.250488
6000.000000,1.000000,66.000000,0.000000,1.000000,5943.000000,40.000000,39.250488
6000.000000,1.000000,66.000000,0.000000,1.000000,5943.000000,40.000000,39.250488
6000.000000,1.000000,66.000000,0.000000,1.000000,5943.000000,40.000000,39.250488
6000.000000,1.000000,66.000000,0.000000,1.000000,5943.000000,40.000000,39.250488
6000.000000,1.000000,66.000000,0.000000,1.000000,5943.000000,40.000000,39.250488
6000.000000,1.000000,66.000000,0.000000,1.000000,5943.000000,40.000000,39.250488
6000.000000,1.000000,66.000000,0.000000,1.000000,5943.000000,40.000000,39.250488
6000.000000,1.000000,66.000000,0.000000,1.000000,5943.000000,40.000000,39.250488
6000.000000,1.000000,66.000000,0.000000,1.000000,5943.000000,40.000000,39.250488
6000.000000,1.000000,66.000000,0.000000,1.000000,5943.000000,40.000000,39.250488
6000.000000,1.000000,66.000000,0.000000,1.000000,5943.000000,40.000000,39.250488
6000.000000,1.000000,66.000000,0.000000,1.000000,5943.000000,40.000000,39.250488
6000.000000,1.000000,66.000000,0.000000,1.000000,5943.000000,40.000000,39.250488
6000.000000,1.000000,66.000000,0.000000,1.000000,5943.000000,40.000000,39.250488
6000.000000,1.000000,66.000000,0.000000,1.000000,5943.000000,40.000000,39.250488
6000.000000,1.000000,66.000000,0.000000,1.000000,5943.000000,40.000000,39.250488
6000.000000,1.000000,66.000000,0.000000,1.000000,5943.000000,40.000000,39.250488
6000.000000,1.000000,66.000000,0.000000,1.000000,5943.000000,40.000000,39.250488
6000.000000,1.000000,66.000000,0.000000,1.000000,5943.000000,40.000000,39.250488
6000.000000,1.000000,66.000000,0.000000,1.000000,5943.000000,40.000000,39.250488
6000.000000,1.000000,66.000000,0.000000,1.000000,5943.000000,40.000000,39.250488
6000.000000,1.000000,66.000000,0.000000,1.000000,5943.000000,40.000000,39.250488
6000.000000,1.000000,66.000000,0.000000,1.000000,5943.000000,40.000000,39.250488
6000.000000,1.000000,66.000000,0.000000,1.000000,5943.000000,40.000000,39.250488
6000.000000,1.000000,66.000000,0.000000,1.000000,5943.000000,40.000000,39.250488
6000.000000,1.000000,66.000000,0.000000,1.000000,5943.000000,40.000000,39.250488
6000.000000,1.000000,66.000000,0.000000,1.000000,5943.000000,40.000000,39.250488
6000.000000,1.000000,66.000000,0.000000,1.000000,5943.000000,40.000000,39.250488
6000.000000,1.000000,66.000000,0.000000,1.000000,5943.000000,40.000000,39.250488
6000.000000,1.000000,66.000000,0.000000,1.000000,5943.000000,40.000000,39.250488
6000.000000,1.000000,66.000000,0.000000,1.000000,5943.000000,40.000000,39.250488
6000.000000,1.000000,66.000000,0.000000,1.000000,5943.000000,40.000000,39.250488
6000.000000,1.000000,66.000000,0.000000,1.000000,5943.000000,40.000000,39.250488
6000.000000,1.000000,66.000000,0.000000,1.000000,5943.000000,40.000000,39.250488
6000.000000,1.000000,66.000000,0.000000,1.000000,5943.000000,40.000000,39.250488
6000.000000,1.000000,66.000000,0.000000,1.000000,5943.000000,40.000000,39.250488
6000.000000,1.000000,66.000000,0.000000,1.000000,5943.000000,40.000000,39.250488
6000.000000,1.000000,66.000000,0.000000,1.000000,5943.000000,40.000000,39.250488
6000.000000,1.000000,66.000000,0.000000,1.000000,5943.000000,40.000000,39.250488
6000.000000,1.000000,66.000000,1.000000,0.000000,1086.000000,0.000000,0.000000
6000.000000,1.000000,66.000000,1.000000,0.000000,2768.000000,0.000000,0.000000
6000.000000,1.000000,66.000000,1.000000,0.000000,4344.000000,0.000000,0.000000
6000.000000,1.000000,66.000000,1.000000,0.000000,5639.000000,0.000000,0.000000
6000.000000,1.000000,66.000000,1.000000,0.000000,5947.000000,0.000000,0.000000
6000.000000,1.000000,66.000000,1.000000,0.000000,6026.000000,0.000000,0.000000
6000.000000,1.000000,66.000000,1.000000,0.000000,6047.000000,0.000000,0.000000
6000.000000,1.000000,66.000000,1.000000,0.000000,6049.000000,0.000000,0.000000
6000.000000,1.000000,66.000000,1.000000,0.000000,6045.000000,0.000000,0.000000
6000.000000,1.000000,66.000000,1.000000,0.000000,6045.000000,0.000000,0.000000
6000.000000,1.000000,66.000000,1.000000,0.000000,6047.000000,0.000000,0.000000
6000.000000,1.000000,66.000000,1.000000,0.000000,6051.000000,0.000000,0.000000
6000.000000,1.000000,66.000000,1.000000,0.000000,6045.000000,0.000000,0.000000
6000.000000,1.000000,66.000000,1.000000,0.000000,6041.000000,0.000000,0.000000
6000.000000,1.000000,66.000000,1.000000,0.000000,6035.000000,0.000000,0.000000
6000.000000,1.000000,66.000000,1.000000,0.000000,6033.000000,0.000000,0.000000
6000.000000,1.000000,66.000000,1.000000,0.000000,6028.000000,0.000000,0.000000
6000.000000,1.000000,66.000000,1.000000,0.000000,6022.000000,0.000000,0.000000
6000.000000,1.000000,66.000000,1.000000,0.000000,6012.000000,0.000000,0.000000
6000.000000,1.000000,66.000000,1.000000,0.000000,6051.000000,0.000000,0.000000
6000.000000,1.000000,66.000000,1.000000,0.000000,6058.000000,0.000000,0.000000
6000.000000,1.000000,66.000000,1.000000,0.000000,6060.000000,0.000000,0.000000
6000.000000,1.000000,66.000000,1.000000,0.000000,6060.000000,0.000000,0.000000
6000.000000,1.000000,66.000000,1.000000,0.000000,6062.000000,0.000000,0.000000
6000.000000,1.000000,66.000000,1.000000,0.000000,6058.000000,0.000000,0.000000
6000.000000,1.000000,66.000000,1.000000,0.000000,6051.000000,0.000000,-0.006104
6000.000000,1.000000,66.000000,1.000000,0.000000,6047.000000,0.000000,-0.010986
6000.000000,1.000000,66.000000,1.000000,0.000000,6041.000000,0.000000,-0.029297
6000.000000,1.000000,66.000000,1.000000,0.000000,6033.000000,40.000000,0.941162
6000.000000,1.000000,66.000000,1.000000,0.000000,6020.000000,40.000000,5.318604
6000.000000,1.000000,66.000000,1.000000,0.000000,6022.000000,40.000000,8.981934
6000.000000,1.000000,66.000000,1.000000,0.000000,6016.000000,40.000000,12.615967
6000.000000,1.000000,66.000000,1.000000,0.000000,6016.000000,40.000000,16.424561
6000.000000,1.000000,66.000000,1.000000,0.000000,6012.000000,40.000000,20.504150
6000.000000,1.000000,66.000000,1.000000,0.000000,6012.000000,40.000000,24.205322
6000.000000,1.000000,66.000000,1.000000,0.000000,6007.000000,40.000000,27.634277
6000.000000,1.000000,66.000000,1.000000,0.000000,6003.000000,40.000000,29.814453
6000.000000,1.000000,66.000000,1.000000,0.000000,5995.000000,40.000000,30.952148
6000.000000,1.000000,66.000000,1.000000,0.000000,6028.000000,0.000000,0.000000
6000.000000,1.000000,66.000000,1.000000,0.000000,6024.000000,0.000000,0.000000
6000.000000,1.000000,66.000000,1.000000,0.000000,6030.000000,0.000000,0.000000
6000.000000,1.000000,66.000000,1.000000,0.000000,6039.000000,0.000000,0.000000
6000.000000,1.000000,66.000000,1.000000,0.000000,6041.000000,0.000000,0.000000
6000.000000,1.000000,66.000000,1.000000,0.000000,6037.000000,0.000000,-0.004883
6000.000000,1.000000,66.000000,1.000000,0.000000,6037.000000,0.000000,-0.013428
6000.000000,1.000000,66.000000,1.000000,0.000000,6035.000000,0.000000,-0.017090
6000.000000,1.000000,66.000000,1.000000,0.000000,6028.000000,0.000000,-0.002441
6000.000000,1.000000,66.000000,1.000000,0.000000,6028.000000,40.000000,2.220459
6000.000000,1.000000,66.000000,1.000000,0.000000,6022.000000,40.000000,6.373291
6000.000000,1.000000,66.000000,1.000000,0.000000,6014.000000,40.000000,10.297852
6000.000000,1.000000,66.000000,1.000000,0.000000,6030.000000,0.000000,0.000000
6000.000000,1.000000,66.000000,1.000000,0.000000,5999.000000,0.000000,0.000000
6000.000000,1.000000,66.000000,1.000000,0.000000,5995.000000,0.000000,0.000000
6000.000000,1.000000,66.000000,1.000000,0.000000,5993.000000,0.000000,0.000000
6000.000000,1.000000,66.000000,1.000000,0.000000,5984.000000,0.000000,0.000000
6000.000000,1.000000,66.000000,1.000000,0.000000,5982.000000,0.000000,0.000000
6000.000000,1.000000,66.000000,1.000000,0.000000,5980.000000,0.000000,0.025635
6000.000000,1.000000,66.000000,1.000000,0.000000,5976.000000,0.000000,0.004883
6000.000000,1.000000,66.000000,1.000000,0.000000,5972.000000,0.000000,0.007324
6000.000000,1.000000,66.000000,1.000000,0.000000,5970.000000,40.000000,0.649414
6000.000000,1.000000,66.000000,1.000000,0.000000,5970.000000,40.000000,5.009766
6000.000000,1.000000,66.000000,1.000000,0.000000,5970.000000,40.000000,8.415527
6000.000000,1.000000,66.000000,1.000000,0.000000,5968.000000,40.000000,12.022705
6000.000000,1.000000,66.000000,1.000000,0.000000,5970.000000,40.000000,15.709229
6000.000000,1.000000,66.000000,1.000000,0.000000,5978.000000,40.000000,19.425049
6000.000000,1.000000,66.000000,1.000000,0.000000,5662.000000,0.000000,0.000000
6000.000000,1.000000,66.000000,1.000000,0.000000,5970.000000,0.000000,0.000000
6000.000000,1.000000,66.000000,1.000000,0.000000,6010.000000,0.000000,0.000000
6000.000000,1.000000,66.000000,1.000000,0.000000,5989.000000,0.000000,0.000000
6000.000000,1.000000,66.000000,1.000000,0.000000,5972.000000,0.000000,0.000000
6000.000000,1.000000,66.000000,1.000000,0.000000,5966.000000,0.000000,0.000000
6000.000000,1.000000,66.000000,1.000000,0.000000,5957.000000,0.000000,0.002441
6000.000000,1.000000,66.000000,1.000000,0.000000,5953.000000,0.000000,0.000000
6000.000000,1.000000,66.000000,1.000000,0.000000,5951.000000,0.000000,0.000000
6000.000000,1.000000,66.000000,1.000000,0.000000,5955.000000,40.000000,1.092529
6000.000000,1.000000,66.000000,1.000000,0.000000,5957.000000,40.000000,5.214844
6000.000000,1.000000,66.000000,1.000000,0.000000,5959.000000,40.000000,9.049072
6000.000000,1.000000,66.000000,1.000000,0.000000,5968.000000,40.000000,13.046875
6000.000000,1.000000,66.000000,1.000000,0.000000,5974.000000,40.000000,16.979980
6000.000000,1.000000,66.000000,1.000000,0.000000,5980.000000,40.000000,20.880127
6000.000000,1.000000,66.000000,1.000000,0.000000,5986.000000,40.000000,24.592285
6000.000000,1.000000,66.000000,1.000000,0.000000,5995.000000,40.000000,28.359375
6000.000000,1.000000,66.000000,1.000000,0.000000,5997.000000,40.000000,32.189941
6000.000000,1.000000,66.000000,1.000000,0.000000,5993.000000,40.000000,36.291504
6000.000000,1.000000,66.000000,1.000000,0.000000,5932.000000,40.000000,38.568115
6000.000000,1.000000,66.000000,0.000000,1.000000,5957.000000,40.000000,39.210205
6000.000000,1.000000,66.000000,0.000000,1.000000,5957.000000,40.000000,39.210205
6000.000000,1.000000,66.000000,0.000000,1.000000,5957.000000,40.000000,39.210205
6000.000000,1.000000,66.000000,0.000000,1.000000,5957.000000,40.000000,39.210205
6000.000000,1.000000,66.000000,0.000000,1.000000,5957.000000,40.000000,39.210205
6000.000000,1.000000,66.000000,0.000000,1.000000,5957.000000,40.000000,39.210205
6000.000000,1.000000,66.000000,0.000000,1.000000,5957.000000,40.000000,39.210205
6000.000000,1.000000,66.000000,0.000000,1.000000,5957.000000,40.000000,39.210205
6000.000000,1.000000,66.000000,0.000000,1.000000,5957.000000,40.000000,39.210205
6000.000000,1.000000,66.000000,0.000000,1.000000,5957.000000,40.000000,39.210205
6000.000000,1.000000,66.000000,0.000000,1.000000,5957.000000,40.000000,39.210205
6000.000000,1.000000,66.000000,0.000000,1.000000,5957.000000,40.000000,39.210205
6000.000000,1.000000,66.000000,0.000000,1.000000,5957.000000,40.000000,39.210205
6000.000000,1.000000,66.000000,0.000000,1.000000,5957.000000,40.000000,39.210205
6000.000000,1.000000,66.000000,0.000000,1.000000,5957.000000,40.000000,39.210205
6000.000000,1.000000,66.000000,0.000000,1.000000,5957.000000,40.000000,39.210205
6000.000000,1.000000,66.000000,0.000000,1.000000,5957.000000,40.000000,39.210205
6000.000000,1.000000,66.000000,0.000000,1.000000,5957.000000,40.000000,39.210205
6000.000000,1.000000,66.000000,0.000000,1.000000,5957.000000,40.000000,39.210205
6000.000000,1.000000,66.000000,0.000000,1.000000,5957.000000,40.000000,39.210205
6000.000000,1.000000,66.000000,0.000000,1.000000,5957.000000,40.000000,39.210205
6000.000000,1.000000,66.000000,0.000000,1.000000,5957.000000,40.000000,39.210205
6000.000000,1.000000,66.000000,0.000000,1.000000,5957.000000,40.000000,39.210205
6000.000000,1.000000,66.000000,0.000000,1.000000,5957.000000,40.000000,39.210205
6000.000000,1.000000,66.000000,0.000000,1.000000,5957.000000,40.000000,39.210205
6000.000000,1.000000,66.000000,0.000000,1.000000,5957.000000,40.000000,39.210205
6000.000000,1.000000,66.000000,0.000000,1.000000,5957.000000,40.000000,39.210205
6000.000000,1.000000,66.000000,0.000000,1.000000,5957.000000,40.000000,39.210205
6000.000000,1.000000,66.000000,0.000000,1.000000,5957.000000,40.000000,39.210205
6000.000000,1.000000,66.000000,0.000000,1.000000,5957.000000,40.000000,39.210205
6000.000000,1.000000,66.000000,0.000000,1.000000,5957.000000,40.000000,39.210205
6000.000000,1.000000,66.000000,0.000000,1.000000,5957.000000,40.000000,39.210205
6000.000000,1.000000,66.000000,0.000000,1.000000,5957.000000,40.000000,39.210205
6000.000000,1.000000,66.000000,0.000000,1.000000,5957.000000,40.000000,39.210205
6000.000000,1.000000,66.000000,0.000000,1.000000,5957.000000,40.000000,39.210205
6000.000000,1.000000,66.000000,0.000000,1.000000,5957.000000,40.000000,39.210205
6000.000000,1.000000,66.000000,0.000000,1.000000,5957.000000,40.000000,39.210205
6000.000000,1.000000,66.000000,0.000000,1.000000,5957.000000,40.000000,39.210205
6000.000000,1.000000,66.000000,0.000000,1.000000,5957.000000,40.000000,39.210205
6000.000000,1.000000,66.000000,0.000000,1.000000,5957.000000,40.000000,39.210205
6000.000000,1.000000,66.000000,0.000000,1.000000,5957.000000,40.000000,39.210205
6000.000000,1.000000,66.000000,0.000000,1.000000,5957.000000,40.000000,39.210205
6000.000000,1.000000,66.000000,0.000000,1.000000,5957.000000,40.000000,39.210205
6000.000000,1.000000,66.000000,0.000000,1.000000,5957.000000,40.000000,39.210205
6000.000000,1.000000,66.000000,0.000000,1.000000,5957.000000,40.000000,39.210205
6000.000000,1.000000,66.000000,0.000000,1.000000,5957.000000,40.000000,39.210205
6000.000000,1.000000,66.000000,0.000000,1.000000,5957.000000,40.000000,39.210205
6000.000000,1.000000,66.000000,0.000000,1.000000,5957.000000,40.000000,39.210205
6000.000000,1.000000,66.000000,0.000000,1.000000,5957.000000,40.000000,39.210205
6000.000000,1.000000,66.000000,0.000000,1.000000,5957.000000,40.000000,39.210205
6000.000000,1.000000,66.000000,0.000000,1.000000,5957.000000,40.000000,39.210205
6000.000000,1.000000,66.000000,0.000000,1.000000,5957.000000,40.000000,39.210205
6000.000000,1.000000,66.000000,0.000000,1.000000,5957.000000,40.000000,39.210205
6000.000000,1.000000,66.000000,0.000000,1.000000,5957.000000,40.000000,39.210205
6000.000000,1.000000,66.000000,0.000000,1.000000,5957.000000,40.000000,39.210205
6000.000000,1.000000,66.000000,0.000000,1.000000,5957.000000,40.000000,39.210205
6000.000000,1.000000,66.000000,0.000000,1.000000,5957.000000,40.000000,39.210205
6000.000000,1.000000,66.000000,0.000000,1.000000,5957.000000,40.000000,39.210205
6000.000000,1.000000,66.000000,0.000000,1.000000,5957.000000,40.000000,39.210205
6000.000000,1.000000,66.000000,0.000000,1.000000,5957.000000,40.000000,39.210205
6000.000000,1.000000,66.000000,0.000000,1.000000,5957.000000,40.000000,39.210205
6000.000000,1.000000,66.000000,0.000000,1.000000,5957.000000,40.000000,39.210205
6000.000000,1.000000,66.000000,0.000000,1.000000,5957.000000,40.000000,39.210205
6000.000000,1.000000,66.000000,0.000000,1.000000,5957.000000,40.000000,39.210205
6000.000000,1.000000,66.000000,0.000000,1.000000,5957.000000,40.000000,39.210205
6000.000000,1.000000,66.000000,0.000000,1.000000,5957.000000,40.000000,39.210205
6000.000000,1.000000,66.000000,0.000000,1.000000,5957.000000,40.000000,39.210205
6000.000000,1.000000,66.000000,0.000000,1.000000,5957.000000,40.000000,39.210205
6000.000000,1.000000,66.000000,0.000000,1.000000,5957.000000,40.000000,39.210205
6000.000000,1.000000,66.000000,0.000000,1.000000,5957.000000,40.000000,39.210205
6000.000000,1.000000,66.000000,0.000000,1.000000,5957.000000,40.000000,39.210205
6000.000000,1.000000,66.000000,0.000000,1.000000,5957.000000,40.000000,39.210205
6000.000000,1.000000,66.000000,0.000000,1.000000,5957.000000,40.000000,39.210205
6000.000000,1.000000,66.000000,0.000000,1.000000,5957.000000,40.000000,39.210205
6000.000000,1.000000,66.000000,0.000000,1.000000,5957.000000,40.000000,39.210205
6000.000000,1.000000,66.000000,0.000000,1.000000,5957.000000,40.000000,39.210205
6000.000000,1.000000,66.000000,0.000000,1.000000,5957.000000,40.000000,39.210205
6000.000000,1.000000,66.000000,0.000000,1.000000,5957.000000,40.000000,39.210205
6000.000000,1.000000,66.000000,0.000000,1.000000,5957.000000,40.000000,39.210205
6000.000000,1.000000,66.000000,0.000000,1.000000,5957.000000,40.000000,39.210205
6000.000000,1.000000,66.000000,0.000000,1.000000,5957.000000,40.000000,39.210205
6000.000000,1.000000,66.000000,0.000000,1.000000,5957.000000,40.000000,39.210205
6000.000000,1.000000,66.000000,0.000000,1.000000,5957.000000,40.000000,39.210205
6000.000000,1.000000,66.000000,0.000000,1.000000,5957.000000,40.000000,39.210205
6000.000000,1.000000,66.000000,0.000000,1.000000,5957.000000,40.000000,39.210205
6000.000000,1.000000,66.000000,0.000000,1.000000,5957.000000,40.000000,39.210205
6000.000000,1.000000,66.000000,0.000000,1.000000,5957.000000,40.000000,39.210205
6000.000000,1.000000,66.000000,0.000000,1.000000,5957.000000,40.000000,39.210205
6000.000000,1.000000,66.000000,0.000000,1.000000,5957.000000,40.000000,39.210205
6000.000000,1.000000,66.000000,0.000000,1.000000,5957.000000,40.000000,39.210205
6000.000000,1.000000,66.000000,0.000000,1.000000,5957.000000,40.000000,39.210205
6000.000000,1.000000,66.000000,0.000000,1.000000,5957.000000,40.000000,39.210205
6000.000000,1.000000,66.000000,0.000000,1.000000,5957.000000,40.000000,39.210205
6000.000000,1.000000,66.000000,0.000000,1.000000,5957.000000,40.000000,39.210205
6000.000000,1.000000,66.000000,0.000000,1.000000,5957.000000,40.000000,39.210205
6000.000000,1.000000,66.000000,0.000000,1.000000,5957.000000,40.000000,39.210205
6000.000000,1.000000,66.000000,0.000000,1.000000,5957.000000,40.000000,39.210205
6000.000000,1.000000,66.000000,0.000000,1.000000,5957.000000,40.000000,39.210205
6000.000000,1.000000,66.000000,0.000000,1.000000,5957.000000,40.000000,39.210205
6000.000000,1.000000,66.000000,0.000000,1.000000,5957.000000,40.000000,39.210205
6000.000000,1.000000,66.000000,0.000000,1.000000,5957.000000,40.000000,39.210205
6000.000000,1.000000,66.000000,0.000000,1.000000,5957.000000,40.000000,39.210205
6000.000000,1.000000,66.000000,0.000000,1.000000,5957.000000,40.000000,39.210205
6000.000000,1.000000,66.000000,0.000000,1.000000,5957.000000,40.000000,39.210205
6000.000000,1.000000,66.000000,0.000000,1.000000,5957.000000,40.000000,39.210205
6000.000000,1.000000,66.000000,0.000000,1.000000,5957.000000,40.000000,39.210205
6000.000000,1.000000,66.000000,0.000000,1.000000,5957.000000,40.000000,39.210205
6000.000000,1.000000,66.000000,0.000000,1.000000,5957.000000,40.000000,39.210205
6000.000000,1.000000,66.000000,0.000000,1.000000,5957.000000,40.000000,39.210205
6000.000000,1.000000,66.000000,0.000000,1.000000,5957.000000,40.000000,39.210205
6000.000000,1.000000,66.000000,0.000000,1.000000,5957.000000,40.000000,39.210205
6000.000000,1.000000,66.000000,0.000000,1.000000,5957.000000,40.000000,39.210205
6000.000000,1.000000,66.000000,0.000000,1.000000,5957.000000,40.000000,39.210205
6000.000000,1.000000,66.000000,0.000000,1.000000,5957.000000,40.000000,39.210205
6000.000000,1.000000,66.000000,0.000000,1.000000,5957.000000,40.000000,39.210205
6000.000000,1.000000,66.000000,0.000000,1.000000,5957.000000,40.000000,39.210205
6000.000000,1.000000,66.000000,0.000000,1.000000,5957.000000,40.000000,39.210205
6000.000000,1.000000,66.000000,0.000000,1.000000,5957.000000,40.000000,39.210205
6000.000000,1.000000,66.000000,0.000000,1.000000,5957.000000,40.000000,39.210205
6000.000000,1.000000,66.000000,0.000000,1.000000,5957.000000,40.000000,39.210205
6000.000000,1.000000,66.000000,0.000000,1.000000,5957.000000,40.000000,39.210205
6000.000000,1.000000,66.000000,0.000000,1.000000,5957.000000,40.000000,39.210205
6000.000000,1.000000,66.000000,0.000000,1.000000,5957.000000,40.000000,39.210205
6000.000000,1.000000,66.000000,0.000000,1.000000,5957.000000,40.000000,39.210205
6000.000000,1.000000,66.000000,0.000000,1.000000,5957.000000,40.000000,39.210205
6000.000000,1.000000,66.000000,0.000000,1.000000,5957.000000,40.000000,39.210205
6000.000000,1.000000,66.000000,0.000000,1.000000,5957.000000,40.000000,39.210205
6000.000000,1.000000,66.000000,0.000000,1.000000,5957.000000,40.000000,39.210205
6000.000000,1.000000,66.000000,0.000000,1.000000,5957.000000,40.000000,39.210205
6000.000000,1.000000,66.000000,0.000000,1.000000,5957.000000,40.000000,39.210205
6000.000000,1.000000,66.000000,0.000000,1.000000,5957.000000,40.000000,39.210205
6000.000000,1.000000,66.000000,0.000000,1.000000,5957.000000,40.000000,39.210205
6000.000000,1.000000,66.000000,0.000000,1.000000,5957.000000,40.000000,39.210205
6000.000000,1.000000,66.000000,0.000000,1.000000,5957.000000,40.000000,39.210205
6000.000000,1.000000,66.000000,0.000000,1.000000,5957.000000,40.000000,39.210205
6000.000000,1.000000,66.000000,0.000000,1.000000,5957.000000,40.000000,39.210205
6000.000000,1.000000,66.000000,0.000000,1.000000,5957.000000,40.000000,39.210205
6000.000000,1.000000,66.000000,0.000000,1.000000,5957.000000,40.000000,39.210205
6000.000000,1.000000,66.000000,0.000000,1.000000,5957.000000,40.000000,39.210205
6000.000000,1.000000,66.000000,0.000000,1.000000,5957.000000,40.000000,39.210205
6000.000000,1.000000,66.000000,0.000000,1.000000,5957.000000,40.000000,39.210205
6000.000000,1.000000,66.000000,0.000000,1.000000,5957.000000,40.000000,39.210205
6000.000000,1.000000,66.000000,0.000000,1.000000,5957.000000,40.000000,39.210205
6000.000000,1.000000,66.000000,0.000000,1.000000,5957.000000,40.000000,39.210205
6000.000000,1.000000,66.000000,0.000000,1.000000,5957.000000,40.000000,39.210205
6000.000000,1.000000,66.000000,0.000000,1.000000,5957.000000,40.000000,39.210205
6000.000000,1.000000,66.000000,0.000000,1.000000,5957.000000,40.000000,39.210205
6000.000000,1.000000,66.000000,0.000000,1.000000,5957.000000,40.000000,39.210205
6000.000000,1.000000,66.000000,0.000000,1.000000,5957.000000,40.000000,39.210205
6000.000000,1.000000,66.000000,0.000000,1.000000,5957.000000,40.000000,39.210205
6000.000000,1.000000,66.000000,0.000000,1.000000,5957.000000,40.000000,39.210205
6000.000000,1.000000,66.000000,0.000000,1.000000,5957.000000,40.000000,39.210205
6000.000000,1.000000,66.000000,0.000000,1.000000,5957.000000,40.000000,39.210205
6000.000000,1.000000,66.000000,0.000000,1.000000,5957.000000,40.000000,39.210205
6000.000000,1.000000,66.000000,0.000000,1.000000,5957.000000,40.000000,39.210205
6000.000000,1.000000,66.000000,0.000000,1.000000,5957.000000,40.000000,39.210205
6000.000000,1.000000,66.000000,0.000000,1.000000,5957.000000,40.000000,39.210205
6000.000000,1.000000,66.000000,0.000000,1.000000,5957.000000,40.000000,39.210205
6000.000000,1.000000,66.000000,0.000000,1.000000,5957.000000,40.000000,39.210205
6000.000000,1.000000,66.000000,0.000000,1.000000,5957.000000,40.000000,39.210205
6000.000000,1.000000,66.000000,0.000000,1.000000,5957.000000,40.000000,39.210205
6000.000000,1.000000,66.000000,0.000000,1.000000,5957.000000,40.000000,39.210205
6000.000000,1.000000,66.000000,0.000000,1.000000,5957.000000,40.000000,39.210205
6000.000000,1.000000,66.000000,0.000000,1.000000,5957.000000,40.000000,39.210205
6000.000000,1.000000,66.000000,0.000000,1.000000,5957.000000,40.000000,39.210205
6000.000000,1.000000,66.000000,0.000000,1.000000,5957.000000,40.000000,39.210205
6000.000000,1.000000,66.000000,0.000000,1.000000,5957.000000,40.000000,39.210205
6000.000000,1.000000,66.000000,0.000000,1.000000,5957.000000,40.000000,39.210205
6000.000000,1.000000,66.000000,0.000000,1.000000,5957.000000,40.000000,39.210205
6000.000000,1.000000,66.000000,0.000000,1.000000,5957.000000,40.000000,39.210205
6000.000000,1.000000,66.000000,0.000000,1.000000,5957.000000,40.000000,39.210205
6000.000000,1.000000,66.000000,0.000000,1.000000,5957.000000,40.000000,39.210205
6000.000000,1.000000,66.000000,0.000000,1.000000,5957.000000,40.000000,39.210205
6000.000000,1.000000,66.000000,0.000000,1.000000,5957.000000,40.000000,39.210205
6000.000000,1.000000,66.000000,0.000000,1.000000,5957.000000,40.000000,39.210205
6000.000000,1.000000,66.000000,0.000000,1.000000,5957.000000,40.000000,39.210205
6000.000000,1.000000,66.000000,0.000000,1.000000,5957.000000,40.000000,39.210205
6000.000000,1.000000,66.000000,0.000000,1.000000,5957.000000,40.000000,39.210205
6000.000000,1.000000,66.000000,0.000000,1.000000,5957.000000,40.000000,39.210205
6000.000000,1.000000,66.000000,0.000000,1.000000,5957.000000,40.000000,39.210205
6000.000000,1.000000,66.000000,0.000000,1.000000,5957.000000,40.000000,39.210205
6000.000000,1.000000,66.000000,0.000000,1.000000,5957.000000,40.000000,39.210205
6000.000000,1.000000,66.000000,0.000000,1.000000,5957.000000,40.000000,39.210205
6000.000000,1.000000,66.000000,0.000000,1.000000,5957.000000,40.000000,39.210205
6000.000000,1.000000,66.000000,0.000000,1.000000,5957.000000,40.000000,39.210205
6000.000000,1.000000,66.000000,0.000000,1.000000,5957.000000,40.000000,39.210205
6000.000000,1.000000,66.000000,0.000000,1.000000,5957.000000,40.000000,39.210205
6000.000000,1.000000,66.000000,0.000000,1.000000,5957.000000,40.000000,39.210205
6000.000000,1.000000,66.000000,0.000000,1.000000,5957.000000,40.000000,39.210205
6000.000000,1.000000,66.000000,0.000000,1.000000,5957.000000,40.000000,39.210205
6000.000000,1.000000,66.000000,0.000000,1.000000,5957.000000,40.000000,39.210205
6000.000000,1.000000,66.000000,0.000000,1.000000,5957.000000,40.000000,39.210205
6000.000000,1.000000,66.000000,0.000000,1.000000,5957.000000,40.000000,39.210205
6000.000000,1.000000,66.000000,0.000000,1.000000,5957.000000,40.000000,39.210205
6000.000000,1.000000,66.000000,0.000000,1.000000,5957.000000,40.000000,39.210205
6000.000000,1.000000,66.000000,0.000000,1.000000,5957.000000,40.000000,39.210205
6000.000000,1.000000,66.000000,0.000000,1.000000,5957.000000,40.000000,39.210205
6000.000000,1.000000,66.000000,0.000000,1.000000,5957.000000,40.000000,39.210205
6000.000000,1.000000,66.000000,0.000000,1.000000,5957.000000,40.000000,39.210205
6000.000000,1.000000,66.000000,0.000000,1.000000,5957.000000,40.000000,39.210205
6000.000000,1.000000,66.000000,0.000000,1.000000,5957.000000,40.000000,39.210205
6000.000000,1.000000,66.000000,0.000000,1.000000,5957.000000,40.000000,39.210205
6000.000000,1.000000,66.000000,0.000000,1.000000,5957.000000,40.000000,39.210205
6000.000000,1.000000,66.000000,0.000000,1.000000,5957.000000,40.000000,39.210205
6000.000000,1.000000,66.000000,0.000000,1.000000,5957.000000,40.000000,39.210205
6000.000000,1.000000,66.000000,0.000000,1.000000,5957.000000,40.000000,39.210205
6000.000000,1.000000,66.000000,0.000000,1.000000,5957.000000,40.000000,39.210205
6000.000000,1.000000,66.000000,0.000000,1.000000,5957.000000,40.000000,39.210205
6000.000000,1.000000,66.000000,0.000000,1.000000,5957.000000,40.000000,39.210205
6000.000000,1.000000,66.000000,0.000000,1.000000,5957.000000,40.000000,39.210205
6000.000000,1.000000,66.000000,0.000000,1.000000,5957.000000,40.000000,39.210205
6000.000000,1.000000,66.000000,0.000000,1.000000,5957.000000,40.000000,39.210205
6000.000000,1.000000,66.000000,0.000000,1.000000,5957.000000,40.000000,39.210205
6000.000000,1.000000,66.000000,0.000000,1.000000,5957.000000,40.000000,39.210205
6000.000000,1.000000,66.000000,0.000000,1.000000,5957.000000,40.000000,39.210205
6000.000000,1.000000,66.000000,0.000000,1.000000,5957.000000,40.000000,39.210205
6000.000000,1.000000,66.000000,0.000000,1.000000,5957.000000,40.000000,39.210205
6000.000000,1.000000,66.000000,0.000000,1.000000,5957.000000,40.000000,39.210205
6000.000000,1.000000,66.000000,0.000000,1.000000,5957.000000,40.000000,39.210205
6000.000000,1.000000,66.000000,0.000000,1.000000,5957.000000,40.000000,39.210205
6000.000000,1.000000,66.000000,0.000000,1.000000,5957.000000,40.000000,39.210205
6000.000000,1.000000,66.000000,0.000000,1.000000,5957.000000,40.000000,39.210205
6000.000000,1.000000,66.000000,0.000000,1.000000,5957.000000,40.000000,39.210205
6000.000000,1.000000,66.000000,0.000000,1.000000,5957.000000,40.000000,39.210205
6000.000000,1.000000,66.000000,0.000000,1.000000,5957.000000,40.000000,39.210205
6000.000000,1.000000,66.000000,0.000000,1.000000,5957.000000,40.000000,39.210205
6000.000000,1.000000,66.000000,0.000000,1.000000,5957.000000,40.000000,39.210205
6000.000000,1.000000,66.000000,0.000000,1.000000,5957.000000,40.000000,39.210205
6000.000000,1.000000,66.000000,0.000000,1.000000,5957.000000,40.000000,39.210205
6000.000000,1.000000,66.000000,0.000000,1.000000,5957.000000,40.000000,39.210205
6000.000000,1.000000,66.000000,0.000000,1.000000,5957.000000,40.000000,39.210205
6000.000000,1.000000,66.000000,0.000000,1.000000,5957.000000,40.000000,39.210205
6000.000000,1.000000,66.000000,0.000000,1.000000,5957.000000,40.000000,39.210205
6000.000000,1.000000,66.000000,0.000000,1.000000,5957.000000,40.000000,39.210205
6000.000000,1.000000,66.000000,0.000000,1.000000,5957.000000,40.000000,39.210205
6000.000000,1.000000,66.000000,0.000000,1.000000,5957.000000,40.000000,39.210205
6000.000000,1.000000,66.000000,0.000000,1.000000,5957.000000,40.000000,39.210205
6000.000000,1.000000,66.000000,0.000000,1.000000,5957.000000,40.000000,39.210205
6000.000000,1.000000,66.000000,0.000000,1.000000,5957.000000,40.000000,39.210205
6000.000000,1.000000,66.000000,0.000000,1.000000,5957.000000,40.000000,39.210205
6000.000000,1.000000,66.000000,0.000000,1.000000,5957.000000,40.000000,39.210205
6000.000000,1.000000,66.000000,0.000000,1.000000,5957.000000,40.000000,39.210205
6000.000000,1.000000,66.000000,0.000000,1.000000,5957.000000,40.000000,39.210205
6000.000000,1.000000,66.000000,0.000000,1.000000,5957.000000,40.000000,39.210205
6000.000000,1.000000,66.000000,0.000000,1.000000,5957.000000,40.000000,39.210205
6000.000000,1.000000,66.000000,0.000000,1.000000,5957.000000,40.000000,39.210205
6000.000000,1.000000,66.000000,0.000000,1.000000,5957.000000,40.000000,39.210205
6000.000000,1.000000,66.000000,0.000000,1.000000,5957.000000,40.000000,39.210205
6000.000000,1.000000,66.000000,0.000000,1.000000,5957.000000,40.000000,39.210205
6000.000000,1.000000,66.000000,0.000000,1.000000,5957.000000,40.000000,39.210205
6000.000000,1.000000,66.000000,0.000000,1.000000,5957.000000,40.000000,39.210205
6000.000000,1.000000,66.000000,0.000000,1.000000,5957.000000,40.000000,39.210205
6000.000000,1.000000,66.000000,0.000000,1.000000,5957.000000,40.000000,39.210205
6000.000000,1.000000,66.000000,0.000000,1.000000,5957.000000,40.000000,39.210205
6000.000000,1.000000,66.000000,0.000000,1.000000,5957.000000,40.000000,39.210205
6000.000000,1.000000,66.000000,0.000000,1.000000,5957.000000,40.000000,39.210205
6000.000000,1.000000,66.000000,0.000000,1.000000,5957.000000,40.000000,39.210205
6000.000000,1.000000,66.000000,0.000000,1.000000,5957.000000,40.000000,39.210205
6000.000000,1.000000,66.000000,0.000000,1.000000,5957.000000,40.000000,39.210205
6000.000000,1.000000,66.000000,0.000000,1.000000,5957.000000,40.000000,39.210205
6000.000000,1.000000,66.000000,0.000000,1.000000,5957.000000,40.000000,39.210205
6000.000000,1.000000,66.000000,0.000000,1.000000,5957.000000,40.000000,39.210205
6000.000000,1.000000,66.000000,0.000000,1.000000,5957.000000,40.000000,39.210205
6000.000000,1.000000,66.000000,0.000000,1.000000,5957.000000,40.000000,39.210205
6000.000000,1.000000,66.000000,0.000000,1.000000,5957.000000,40.000000,39.210205
6000.000000,1.000000,66.000000,0.000000,1.000000,5957.000000,40.000000,39.210205
6000.000000,1.000000,66.000000,0.000000,1.000000,5957.000000,40.000000,39.210205
6000.000000,1.000000,66.000000,0.000000,1.000000,5957.000000,40.000000,39.210205
6000.000000,1.000000,66.000000,0.000000,1.000000,5957.000000,40.000000,39.210205
6000.000000,1.000000,66.000000,0.000000,1.000000,5957.000000,40.000000,39.210205
6000.000000,1.000000,66.000000,0.000000,1.000000,5957.000000,40.000000,39.210205
6000.000000,1.000000,66.000000,0.000000,1.000000,5957.000000,40.000000,39.210205
6000.000000,1.000000,66.000000,0.000000,1.000000,5957.000000,40.000000,39.210205
6000.000000,1.000000,66.000000,0.000000,1.000000,5957.000000,40.000000,39.210205
6000.000000,1.000000,66.000000,0.000000,1.000000,5957.000000,40.000000,39.210205
6000.000000,1.000000,66.000000,0.000000,0.000000,0.000000,0.000000,0.000000
6000.000000,1.000000,66.000000,0.000000,0.000000,0.000000,0.000000,0.000000
6000.000000,1.000000,66.000000,0.000000,0.000000,0.000000,0.000000,0.000000
6000.000000,1.000000,66.000000,0.000000,0.000000,0.000000,0.000000,0.000000
6000.000000,1.000000,66.000000,0.000000,0.000000,0.000000,0.000000,0.000000
6000.000000,1.000000,66.000000,0.000000,0.000000,0.000000,0.000000,0.000000
6000.000000,1.000000,66.000000,0.000000,0.000000,0.000000,0.000000,0.000000
6000.000000,1.000000,66.000000,0.000000,0.000000,0.000000,0.000000,0.000000
6000.000000,1.000000,66.000000,0.000000,0.000000,0.000000,0.000000,0.000000
6000.000000,1.000000,66.000000,0.000000,0.000000,0.000000,0.000000,0.000000
6000.000000,1.000000,66.000000,0.000000,0.000000,0.000000,0.000000,0.000000
6000.000000,1.000000,66.000000,0.000000,0.000000,0.000000,0.000000,0.000000
6000.000000,1.000000,66.000000,0.000000,0.000000,0.000000,0.000000,0.000000
6000.000000,1.000000,66.000000,0.000000,0.000000,0.000000,0.000000,0.000000
6000.000000,1.000000,66.000000,0.000000,0.000000,0.000000,0.000000,0.000000
6000.000000,1.000000,66.000000,0.000000,0.000000,0.000000,0.000000,0.000000
6000.000000,1.000000,66.000000,0.000000,0.000000,0.000000,0.000000,0.000000
6000.000000,1.000000,66.000000,0.000000,0.000000,0.000000,0.000000,0.000000
6000.000000,1.000000,66.000000,0.000000,0.000000,0.000000,0.000000,0.000000
6000.000000,1.000000,66.000000,0.000000,0.000000,0.000000,0.000000,0.000000
6000.000000,1.000000,66.000000,0.000000,0.000000,0.000000,0.000000,0.000000
6000.000000,1.000000,66.000000,0.000000,0.000000,0.000000,0.000000,0.000000
6000.000000,1.000000,66.000000,0.000000,0.000000,0.000000,0.000000,0.000000
6000.000000,1.000000,66.000000,0.000000,0.000000,0.000000,0.000000,0.000000
6000.000000,1.000000,66.000000,0.000000,0.000000,0.000000,0.000000,0.000000
6000.000000,1.000000,66.000000,0.000000,0.000000,0.000000,0.000000,0.000000
6000.000000,1.000000,66.000000,0.000000,0.000000,0.000000,0.000000,0.000000
6000.000000,1.000000,66.000000,0.000000,0.000000,0.000000,0.000000,0.000000
6000.000000,1.000000,66.000000,0.000000,0.000000,0.000000,0.000000,0.000000
6000.000000,1.000000,66.000000,0.000000,0.000000,0.000000,0.000000,0.000000
6000.000000,1.000000,66.000000,0.000000,0.000000,0.000000,0.000000,0.000000
6000.000000,1.000000,66.000000,0.000000,0.000000,0.000000,0.000000,0.000000
6000.000000,1.000000,66.000000,0.000000,0.000000,0.000000,0.000000,0.000000
6000.000000,1.000000,66.000000,0.000000,0.000000,0.000000,0.000000,0.000000
6000.000000,1.000000,66.000000,0.000000,0.000000,0.000000,0.000000,0.000000
6000.000000,1.000000,66.000000,0.000000,0.000000,0.000000,0.000000,0.000000
6000.000000,1.000000,66.000000,0.000000,0.000000,0.000000,0.000000,0.000000
6000.000000,1.000000,66.000000,0.000000,0.000000,0.000000,0.000000,0.000000
6000.000000,1.000000,66.000000,0.000000,0.000000,0.000000,0.000000,0.000000
6000.000000,1.000000,66.000000,0.000000,0.000000,0.000000,0.000000,0.000000
6000.000000,1.000000,66.000000,0.000000,0.000000,0.000000,0.000000,0.000000
6000.000000,1.000000,66.000000,0.000000,0.000000,0.000000,0.000000,0.000000
6000.000000,1.000000,66.000000,0.000000,0.000000,0.000000,0.000000,0.000000
6000.000000,1.000000,66.000000,0.000000,0.000000,0.000000,0.000000,0.000000
6000.000000,1.000000,66.000000,0.000000,0.000000,0.000000,0.000000,0.000000
6000.000000,1.000000,66.000000,0.000000,0.000000,0.000000,0.000000,0.000000
6000.000000,1.000000,66.000000,0.000000,0.000000,0.000000,0.000000,0.000000
6000.000000,1.000000,66.000000,0.000000,0.000000,0.000000,0.000000,0.000000
6000.000000,1.000000,66.000000,0.000000,0.000000,0.000000,0.000000,0.000000
6000.000000,1.000000,66.000000,0.000000,0.000000,0.000000,0.000000,0.000000
6000.000000,1.000000,66.000000,0.000000,0.000000,0.000000,0.000000,0.000000
6000.000000,1.000000,66.000000,0.000000,0.000000,0.000000,0.000000,0.000000
6000.000000,1.000000,66.000000,0.000000,0.000000,0.000000,0.000000,0.000000
6000.000000,1.000000,66.000000,0.000000,0.000000,0.000000,0.000000,0.000000
6000.000000,1.000000,66.000000,0.000000,0.000000,0.000000,0.000000,0.000000
6000.000000,1.000000,66.000000,0.000000,0.000000,0.000000,0.000000,0.000000
6000.000000,1.000000,66.000000,0.000000,0.000000,0.000000,0.000000,0.000000
6000.000000,1.000000,66.000000,0.000000,0.000000,0.000000,0.000000,0.000000
6000.000000,1.000000,66.000000,0.000000,0.000000,0.000000,0.000000,0.000000
6000.000000,1.000000,66.000000,0.000000,0.000000,0.000000,0.000000,0.000000
6000.000000,1.000000,66.000000,0.000000,0.000000,0.000000,0.000000,0.000000
6000.000000,1.000000,66.000000,0.000000,0.000000,0.000000,0.000000,0.000000
6000.000000,1.000000,66.000000,0.000000,0.000000,0.000000,0.000000,0.000000
6000.000000,1.000000,66.000000,0.000000,0.000000,0.000000,0.000000,0.000000
6000.000000,1.000000,66.000000,0.000000,0.000000,0.000000,0.000000,0.000000
6000.000000,1.000000,66.000000,0.000000,0.000000,0.000000,0.000000,0.000000
6000.000000,1.000000,66.000000,0.000000,0.000000,0.000000,0.000000,0.000000
6000.000000,1.000000,66.000000,0.000000,0.000000,0.000000,0.000000,0.000000
6000.000000,1.000000,66.000000,0.000000,0.000000,0.000000,0.000000,0.000000
6000.000000,1.000000,66.000000,0.000000,0.000000,0.000000,0.000000,0.000000
6000.000000,1.000000,66.000000,0.000000,0.000000,0.000000,0.000000,0.000000
6000.000000,1.000000,66.000000,0.000000,0.000000,0.000000,0.000000,0.000000
6000.000000,1.000000,66.000000,0.000000,0.000000,0.000000,0.000000,0.000000
6000.000000,1.000000,66.000000,0.000000,0.000000,0.000000,0.000000,0.000000
6000.000000,1.000000,66.000000,0.000000,0.000000,0.000000,0.000000,0.000000
6000.000000,1.000000,66.000000,0.000000,0.000000,0.000000,0.000000,0.000000
6000.000000,1.000000,66.000000,0.000000,0.000000,0.000000,0.000000,0.000000
6000.000000,1.000000,66.000000,0.000000,0.000000,0.000000,0.000000,0.000000
6000.000000,1.000000,66.000000,0.000000,0.000000,0.000000,0.000000,0.000000
6000.000000,1.000000,66.000000,0.000000,0.000000,0.000000,0.000000,0.000000
6000.000000,1.000000,66.000000,0.000000,0.000000,0.000000,0.000000,0.000000
6000.000000,1.000000,66.000000,0.000000,0.000000,0.000000,0.000000,0.000000
6000.000000,1.000000,66.000000,0.000000,0.000000,0.000000,0.000000,0.000000
6000.000000,1.000000,66.000000,0.000000,0.000000,0.000000,0.000000,0.000000
6000.000000,1.000000,66.000000,0.000000,0.000000,0.000000,0.000000,0.000000
6000.000000,1.000000,66.000000,0.000000,0.000000,0.000000,0.000000,0.000000
6000.000000,1.000000,66.000000,0.000000,0.000000,0.000000,0.000000,0.000000
6000.000000,1.000000,66.000000,0.000000,0.000000,0.000000,0.000000,0.000000
6000.000000,1.000000,66.000000,0.000000,0.000000,0.000000,0.000000,0.000000
6000.000000,1.000000,66.000000,0.000000,0.000000,0.000000,0.000000,0.000000
6000.000000,1.000000,66.000000,0.000000,0.000000,0.000000,0.000000,0.000000
6000.000000,1.000000,66.000000,0.000000,0.000000,0.000000,0.000000,0.000000
6000.000000,1.000000,66.000000,0.000000,0.000000,0.000000,0.000000,0.000000
6000.000000,1.000000,66.000000,0.000000,0.000000,0.000000,0.000000,0.000000
6000.000000,1.000000,66.000000,0.000000,0.000000,0.000000,0.000000,0.000000
6000.000000,1.000000,66.000000,0.000000,0.000000,0.000000,0.000000,0.000000
6000.000000,1.000000,66.000000,0.000000,0.000000,0.000000,0.000000,0.000000
6000.000000,1.000000,66.000000,0.000000,0.000000,0.000000,0.000000,0.000000
6000.000000,1.000000,66.000000,0.000000,0.000000,0.000000,0.000000,0.000000
6000.000000,1.000000,66.000000,0.000000,0.000000,0.000000,0.000000,0.000000
6000.000000,1.000000,66.000000,0.000000,0.000000,0.000000,0.000000,0.000000
6000.000000,1.000000,66.000000,0.000000,0.000000,0.000000,0.000000,0.000000
6000.000000,1.000000,66.000000,0.000000,0.000000,0.000000,0.000000,0.000000
6000.000000,1.000000,66.000000,0.000000,0.000000,0.000000,0.000000,0.000000
6000.000000,1.000000,66.000000,0.000000,0.000000,0.000000,0.000000,0.000000
6000.000000,1.000000,66.000000,0.000000,0.000000,0.000000,0.000000,0.000000
6000.000000,1.000000,66.000000,0.000000,0.000000,0.000000,0.000000,0.000000
6000.000000,1.000000,66.000000,0.000000,0.000000,0.000000,0.000000,0.000000
6000.000000,1.000000,66.000000,0.000000,0.000000,0.000000,0.000000,0.000000
6000.000000,1.000000,66.000000,0.000000,0.000000,0.000000,0.000000,0.000000
6000.000000,1.000000,66.000000,0.000000,0.000000,0.000000,0.000000,0.000000
6000.000000,1.000000,66.000000,0.000000,0.000000,0.000000,0.000000,0.000000
6000.000000,1.000000,66.000000,0.000000,0.000000,0.000000,0.000000,0.000000
6000.000000,1.000000,66.000000,0.000000,0.000000,0.000000,0.000000,0.000000
6000.000000,1.000000,66.000000,0.000000,0.000000,0.000000,0.000000,0.000000
6000.000000,1.000000,66.000000,0.000000,0.000000,0.000000,0.000000,0.000000
6000.000000,1.000000,66.000000,0.000000,0.000000,0.000000,0.000000,0.000000
6000.000000,1.000000,66.000000,0.000000,0.000000,0.000000,0.000000,0.000000
6000.000000,1.000000,66.000000,0.000000,0.000000,0.000000,0.000000,0.000000
6000.000000,1.000000,66.000000,0.000000,0.000000,0.000000,0.000000,0.000000
6000.000000,1.000000,66.000000,0.000000,0.000000,0.000000,0.000000,0.000000
6000.000000,1.000000,66.000000,0.000000,0.000000,0.000000,0.000000,0.000000
6000.000000,1.000000,66.000000,0.000000,0.000000,0.000000,0.000000,0.000000
6000.000000,1.000000,66.000000,0.000000,0.000000,0.000000,0.000000,0.000000
6000.000000,1.000000,66.000000,0.000000,0.000000,0.000000,0.000000,0.000000
6000.000000,1.000000,66.000000,0.000000,0.000000,0.000000,0.000000,0.000000
6000.000000,1.000000,66.000000,0.000000,0.000000,0.000000,0.000000,0.000000
6000.000000,1.000000,66.000000,0.000000,0.000000,0.000000,0.000000,0.000000
6000.000000,1.000000,66.000000,0.000000,0.000000,0.000000,0.000000,0.000000
6000.000000,1.000000,66.000000,0.000000,0.000000,0.000000,0.000000,0.000000
6000.000000,1.000000,66.000000,0.000000,0.000000,0.000000,0.000000,0.000000
6000.000000,1.000000,66.000000,0.000000,0.000000,0.000000,0.000000,0.000000
6000.000000,1.000000,66.000000,0.000000,0.000000,0.000000,0.000000,0.000000
6000.000000,1.000000,66.000000,0.000000,0.000000,0.000000,0.000000,0.000000
6000.000000,1.000000,66.000000,0.000000,0.000000,0.000000,0.000000,0.000000
6000.000000,1.000000,66.000000,0.000000,0.000000,0.000000,0.000000,0.000000
6000.000000,1.000000,66.000000,0.000000,0.000000,0.000000,0.000000,0.000000
6000.000000,1.000000,66.000000,0.000000,0.000000,0.000000,0.000000,0.000000
6000.000000,1.000000,66.000000,0.000000,0.000000,0.000000,0.000000,0.000000
6000.000000,1.000000,66.000000,0.000000,0.000000,0.000000,0.000000,0.000000
6000.000000,1.000000,66.000000,0.000000,0.000000,0.000000,0.000000,0.000000
6000.000000,1.000000,66.000000,0.000000,0.000000,0.000000,0.000000,0.000000
6000.000000,1.000000,66.000000,0.000000,0.000000,0.000000,0.000000,0.000000
6000.000000,1.000000,66.000000,0.000000,0.000000,0.000000,0.000000,0.000000
6000.000000,1.000000,66.000000,0.000000,0.000000,0.000000,0.000000,0.000000
6000.000000,1.000000,66.000000,0.000000,0.000000,0.000000,0.000000,0.000000
6000.000000,1.000000,66.000000,0.000000,0.000000,0.000000,0.000000,0.000000
6000.000000,1.000000,66.000000,0.000000,0.000000,0.000000,0.000000,0.000000
6000.000000,1.000000,66.000000,0.000000,0.000000,0.000000,0.000000,0.000000
6000.000000,1.000000,66.000000,0.000000,0.000000,0.000000,0.000000,0.000000
6000.000000,1.000000,66.000000,0.000000,0.000000,0.000000,0.000000,0.000000
6000.000000,1.000000,66.000000,0.000000,0.000000,0.000000,0.000000,0.000000
6000.000000,1.000000,66.000000,0.000000,0.000000,0.000000,0.000000,0.000000
6000.000000,1.000000,66.000000,0.000000,0.000000,0.000000,0.000000,0.000000
6000.000000,1.000000,66.000000,0.000000,0.000000,0.000000,0.000000,0.000000
6000.000000,1.000000,66.000000,0.000000,0.000000,0.000000,0.000000,0.000000
6000.000000,1.000000,66.000000,0.000000,0.000000,0.000000,0.000000,0.000000
6000.000000,1.000000,66.000000,0.000000,0.000000,0.000000,0.000000,0.000000
6000.000000,1.000000,66.000000,0.000000,0.000000,0.000000,0.000000,0.000000
6000.000000,1.000000,66.000000,0.000000,0.000000,0.000000,0.000000,0.000000
6000.000000,1.000000,66.000000,0.000000,0.000000,0.000000,0.000000,0.000000
6000.000000,1.000000,66.000000,0.000000,0.000000,0.000000,0.000000,0.000000
6000.000000,1.000000,66.000000,0.000000,0.000000,0.000000,0.000000,0.000000
6000.000000,1.000000,66.000000,0.000000,0.000000,0.000000,0.000000,0.000000
6000.000000,1.000000,66.000000,0.000000,0.000000,0.000000,0.000000,0.000000
6000.000000,1.000000,66.000000,0.000000,0.000000,0.000000,0.000000,0.000000
6000.000000,1.000000,66.000000,0.000000,0.000000,0.000000,0.000000,0.000000
6000.000000,1.000000,66.000000,0.000000,0.000000,0.000000,0.000000,0.000000
6000.000000,1.000000,66.000000,0.000000,0.000000,0.000000,0.000000,0.000000
6000.000000,1.000000,66.000000,0.000000,0.000000,0.000000,0.000000,0.000000
6000.000000,1.000000,66.000000,0.000000,0.000000,0.000000,0.000000,0.000000
6000.000000,1.000000,66.000000,0.000000,0.000000,0.000000,0.000000,0.000000
6000.000000,1.000000,66.000000,0.000000,0.000000,0.000000,0.000000,0.000000
6000.000000,1.000000,66.000000,0.000000,0.000000,0.000000,0.000000,0.000000
6000.000000,1.000000,66.000000,0.000000,0.000000,0.000000,0.000000,0.000000
6000.000000,1.000000,66.000000,0.000000,0.000000,0.000000,0.000000,0.000000
6000.000000,1.000000,66.000000,0.000000,0.000000,0.000000,0.000000,0.000000
6000.000000,1.000000,66.000000,0.000000,0.000000,0.000000,0.000000,0.000000
6000.000000,1.000000,66.000000,0.000000,0.000000,0.000000,0.000000,0.000000
6000.000000,1.000000,66.000000,0.000000,0.000000,0.000000,0.000000,0.000000
6000.000000,1.000000,66.000000,0.000000,0.000000,0.000000,0.000000,0.000000
6000.000000,1.000000,66.000000,0.000000,0.000000,0.000000,0.000000,0.000000
6000.000000,1.000000,66.000000,0.000000,0.000000,0.000000,0.000000,0.000000
6000.000000,1.000000,66.000000,0.000000,0.000000,0.000000,0.000000,0.000000
6000.000000,1.000000,66.000000,0.000000,0.000000,0.000000,0.000000,0.000000
6000.000000,1.000000,66.000000,0.000000,0.000000,0.000000,0.000000,0.000000
6000.000000,1.000000,66.000000,0.000000,0.000000,0.000000,0.000000,0.000000
6000.000000,1.000000,66.000000,0.000000,0.000000,0.000000,0.000000,0.000000
6000.000000,1.000000,66.000000,0.000000,0.000000,0.000000,0.000000,0.000000
6000.000000,1.000000,66.000000,1.000000,0.000000,1075.000000,0.000000,0.000000
6000.000000,1.000000,66.000000,1.000000,0.000000,2622.000000,0.000000,0.000000
6000.000000,1.000000,66.000000,1.000000,0.000000,4361.000000,0.000000,0.000000
6000.000000,1.000000,66.000000,1.000000,0.000000,5641.000000,0.000000,0.000000
6000.000000,1.000000,66.000000,1.000000,0.000000,5892.000000,0.000000,0.000000
6000.000000,1.000000,66.000000,1.000000,0.000000,5984.000000,0.000000,0.000000
6000.000000,1.000000,66.000000,1.000000,0.000000,6003.000000,0.000000,0.000000
6000.000000,1.000000,66.000000,1.000000,0.000000,5999.000000,0.000000,0.000000
6000.000000,1.000000,66.000000,1.000000,0.000000,6001.000000,0.000000,0.000000
6000.000000,1.000000,66.000000,1.000000,0.000000,5999.000000,0.000000,0.000000
6000.000000,1.000000,66.000000,1.000000,0.000000,5993.000000,0.000000,0.000000
6000.000000,1.000000,66.000000,1.000000,0.000000,5984.000000,0.000000,0.000000
6000.000000,1.000000,66.000000,1.000000,0.000000,5980.000000,0.000000,0.000000
6000.000000,1.000000,66.000000,1.000000,0.000000,5976.000000,0.000000,0.000000
6000.000000,1.000000,66.000000,1.000000,0.000000,5976.000000,0.000000,0.000000
6000.000000,1.000000,66.000000,1.000000,0.000000,5978.000000,0.000000,0.000000
6000.000000,1.000000,66.000000,1.000000,0.000000,5982.000000,0.000000,0.000000
6000.000000,1.000000,66.000000,1.000000,0.000000,5989.000000,0.000000,0.000000
6000.000000,1.000000,66.000000,1.000000,0.000000,5995.000000,0.000000,0.000000
6000.000000,1.000000,66.000000,1.000000,0.000000,6010.000000,0.000000,0.000000
6000.000000,1.000000,66.000000,1.000000,0.000000,6010.000000,0.000000,0.000000
6000.000000,1.000000,66.000000,1.000000,0.000000,6012.000000,0.000000,0.000000
6000.000000,1.000000,66.000000,1.000000,0.000000,6016.000000,0.000000,0.000000
6000.000000,1.000000,66.000000,1.000000,0.000000,6010.000000,0.000000,0.000000
6000.000000,1.000000,66.000000,1.000000,0.000000,6007.000000,0.000000,0.000000
6000.000000,1.000000,66.000000,1.000000,0.000000,5999.000000,0.000000,0.001221
6000.000000,1.000000,66.000000,1.000000,0.000000,6010.000000,0.000000,0.000000
6000.000000,1.000000,66.000000,1.000000,0.000000,6026.000000,0.000000,0.000000
6000.000000,1.000000,66.000000,1.000000,0.000000,6028.000000,0.000000,0.000000
6000.000000,1.000000,66.000000,1.000000,0.000000,6033.000000,0.000000,0.000000
6000.000000,1.000000,66.000000,1.000000,0.000000,6035.000000,0.000000,0.000000
6000.000000,1.000000,66.000000,1.000000,0.000000,6033.000000,0.000000,0.004883
6000.000000,1.000000,66.000000,1.000000,0.000000,6035.000000,0.000000,0.004883
6000.000000,1.000000,66.000000,1.000000,0.000000,6035.000000,0.000000,0.001221
6000.000000,1.000000,66.000000,1.000000,0.000000,6030.000000,40.000000,0.170898
6000.000000,1.000000,66.000000,1.000000,0.000000,6024.000000,40.000000,3.963623
6000.000000,1.000000,66.000000,1.000000,0.000000,6022.000000,40.000000,7.730713
6000.000000,1.000000,66.000000,1.000000,0.000000,6016.000000,40.000000,11.760254
6000.000000,1.000000,66.000000,1.000000,0.000000,6010.000000,40.000000,15.609131
6000.000000,1.000000,66.000000,1.000000,0.000000,6007.000000,40.000000,19.549561
6000.000000,1.000000,66.000000,1.000000,0.000000,6003.000000,40.000000,23.267822
6000.000000,1.000000,66.000000,1.000000,0.000000,6018.000000,40.000000,26.964111
6000.000000,1.000000,66.000000,1.000000,0.000000,6030.000000,40.000000,30.695801
6000.000000,1.000000,66.000000,1.000000,0.000000,6005.000000,40.000000,34.318848
6000.000000,1.000000,66.000000,1.000000,0.000000,5901.000000,40.000000,37.447510
6000.000000,1.000000,66.000000,0.000000,1.000000,5984.000000,40.000000,39.267578
6000.000000,1.000000,66.000000,0.000000,1.000000,5984.000000,40.000000,39.267578
6000.000000,1.000000,66.000000,0.000000,1.000000,5984.000000,40.000000,39.267578
6000.000000,1.000000,66.000000,0.000000,1.000000,5984.000000,40.000000,39.267578
6000.000000,1.000000,66.000000,0.000000,1.000000,5984.000000,40.000000,39.267578
6000.000000,1.000000,66.000000,0.000000,1.000000,5984.000000,40.000000,39.267578
6000.000000,1.000000,66.000000,0.000000,1.000000,5984.000000,40.000000,39.267578
6000.000000,1.000000,66.000000,0.000000,1.000000,5984.000000,40.000000,39.267578
6000.000000,1.000000,66.000000,0.000000,1.000000,5984.000000,40.000000,39.267578
6000.000000,1.000000,66.000000,0.000000,1.000000,5984.000000,40.000000,39.267578
6000.000000,1.000000,66.000000,0.000000,1.000000,5984.000000,40.000000,39.267578
6000.000000,1.000000,66.000000,0.000000,1.000000,5984.000000,40.000000,39.267578
6000.000000,1.000000,66.000000,0.000000,1.000000,5984.000000,40.000000,39.267578
6000.000000,1.000000,66.000000,0.000000,1.000000,5984.000000,40.000000,39.267578
6000.000000,1.000000,66.000000,0.000000,1.000000,5984.000000,40.000000,39.267578
6000.000000,1.000000,66.000000,0.000000,1.000000,5984.000000,40.000000,39.267578
6000.000000,1.000000,66.000000,0.000000,1.000000,5984.000000,40.000000,39.267578
6000.000000,1.000000,66.000000,0.000000,1.000000,5984.000000,40.000000,39.267578
6000.000000,1.000000,66.000000,0.000000,1.000000,5984.000000,40.000000,39.267578
6000.000000,1.000000,66.000000,0.000000,1.000000,5984.000000,40.000000,39.267578
6000.000000,1.000000,66.000000,0.000000,1.000000,5984.000000,40.000000,39.267578
6000.000000,1.000000,66.000000,0.000000,1.000000,5984.000000,40.000000,39.267578
6000.000000,1.000000,66.000000,0.000000,1.000000,5984.000000,40.000000,39.267578
6000.000000,1.000000,66.000000,0.000000,1.000000,5984.000000,40.000000,39.267578
6000.000000,1.000000,66.000000,0.000000,1.000000,5984.000000,40.000000,39.267578
6000.000000,1.000000,66.000000,0.000000,1.000000,5984.000000,40.000000,39.267578
6000.000000,1.000000,66.000000,0.000000,1.000000,5984.000000,40.000000,39.267578
6000.000000,1.000000,66.000000,0.000000,1.000000,5984.000000,40.000000,39.267578
6000.000000,1.000000,66.000000,0.000000,1.000000,5984.000000,40.000000,39.267578
6000.000000,1.000000,66.000000,0.000000,1.000000,5984.000000,40.000000,39.267578
6000.000000,1.000000,66.000000,0.000000,1.000000,5984.000000,40.000000,39.267578
6000.000000,1.000000,66.000000,0.000000,1.000000,5984.000000,40.000000,39.267578
6000.000000,1.000000,66.000000,0.000000,1.000000,5984.000000,40.000000,39.267578
6000.000000,1.000000,66.000000,0.000000,1.000000,5984.000000,40.000000,39.267578
6000.000000,1.000000,66.000000,0.000000,1.000000,5984.000000,40.000000,39.267578
6000.000000,1.000000,66.000000,0.000000,1.000000,5984.000000,40.000000,39.267578
6000.000000,1.000000,66.000000,0.000000,1.000000,5984.000000,40.000000,39.267578
6000.000000,1.000000,66.000000,0.000000,1.000000,5984.000000,40.000000,39.267578
6000.000000,1.000000,66.000000,0.000000,1.000000,5984.000000,40.000000,39.267578
6000.000000,1.000000,66.000000,0.000000,1.000000,5984.000000,40.000000,39.267578
6000.000000,1.000000,66.000000,0.000000,1.000000,5984.000000,40.000000,39.267578
6000.000000,1.000000,66.000000,0.000000,1.000000,5984.000000,40.000000,39.267578
6000.000000,1.000000,66.000000,0.000000,1.000000,5984.000000,40.000000,39.267578
6000.000000,1.000000,66.000000,0.000000,1.000000,5984.000000,40.000000,39.267578
6000.000000,1.000000,66.000000,0.000000,1.000000,5984.000000,40.000000,39.267578
6000.000000,1.000000,66.000000,0.000000,1.000000,5984.000000,40.000000,39.267578
6000.000000,1.000000,66.000000,0.000000,1.000000,5984.000000,40.000000,39.267578
6000.000000,1.000000,66.000000,0.000000,1.000000,5984.000000,40.000000,39.267578
6000.000000,1.000000,66.000000,0.000000,1.000000,5984.000000,40.000000,39.267578
6000.000000,1.000000,66.000000,0.000000,1.000000,5984.000000,40.000000,39.267578
6000.000000,1.000000,66.000000,0.000000,1.000000,5984.000000,40.000000,39.267578
6000.000000,1.000000,66.000000,0.000000,1.000000,5984.000000,40.000000,39.267578
6000.000000,1.000000,66.000000,0.000000,1.000000,5984.000000,40.000000,39.267578
6000.000000,1.000000,66.000000,0.000000,1.000000,5984.000000,40.000000,39.267578
6000.000000,1.000000,66.000000,0.000000,1.000000,5984.000000,40.000000,39.267578
6000.000000,1.000000,66.000000,0.000000,1.000000,5984.000000,40.000000,39.267578
6000.000000,1.000000,66.000000,0.000000,1.000000,5984.000000,40.000000,39.267578
6000.000000,1.000000,66.000000,0.000000,1.000000,5984.000000,40.000000,39.267578
6000.000000,1.000000,66.000000,0.000000,1.000000,5984.000000,40.000000,39.267578
6000.000000,1.000000,66.000000,0.000000,1.000000,5984.000000,40.000000,39.267578
6000.000000,1.000000,66.000000,0.000000,1.000000,5984.000000,40.000000,39.267578
6000.000000,1.000000,66.000000,0.000000,1.000000,5984.000000,40.000000,39.267578
6000.000000,1.000000,66.000000,0.000000,1.000000,5984.000000,40.000000,39.267578
6000.000000,1.000000,66.000000,0.000000,1.000000,5984.000000,40.000000,39.267578
6000.000000,1.000000,66.000000,0.000000,1.000000,5984.000000,40.000000,39.267578
6000.000000,1.000000,66.000000,0.000000,1.000000,5984.000000,40.000000,39.267578
6000.000000,1.000000,66.000000,0.000000,1.000000,5984.000000,40.000000,39.267578
6000.000000,1.000000,66.000000,0.000000,1.000000,5984.000000,40.000000,39.267578
6000.000000,1.000000,66.000000,0.000000,1.000000,5984.000000,40.000000,39.267578
6000.000000,1.000000,66.000000,0.000000,1.000000,5984.000000,40.000000,39.267578
6000.000000,1.000000,66.000000,0.000000,1.000000,5984.000000,40.000000,39.267578
6000.000000,1.000000,66.000000,0.000000,1.000000,5984.000000,40.000000,39.267578
6000.000000,1.000000,66.000000,0.000000,1.000000,5984.000000,40.000000,39.267578
6000.000000,1.000000,66.000000,0.000000,1.000000,5984.000000,40.000000,39.267578
6000.000000,1.000000,66.000000,0.000000,1.000000,5984.000000,40.000000,39.267578
6000.000000,1.000000,66.000000,0.000000,1.000000,5984.000000,40.000000,39.267578
6000.000000,1.000000,66.000000,0.000000,1.000000,5984.000000,40.000000,39.267578
6000.000000,1.000000,66.000000,0.000000,1.000000,5984.000000,40.000000,39.267578
6000.000000,1.000000,66.000000,0.000000,1.000000,5984.000000,40.000000,39.267578
6000.000000,1.000000,66.000000,0.000000,1.000000,5984.000000,40.000000,39.267578
6000.000000,1.000000,66.000000,0.000000,1.000000,5984.000000,40.000000,39.267578
6000.000000,1.000000,66.000000,0.000000,1.000000,5984.000000,40.000000,39.267578
6000.000000,1.000000,66.000000,0.000000,1.000000,5984.000000,40.000000,39.267578
6000.000000,1.000000,66.000000,0.000000,1.000000,5984.000000,40.000000,39.267578
6000.000000,1.000000,66.000000,0.000000,1.000000,5984.000000,40.000000,39.267578
6000.000000,1.000000,66.000000,0.000000,1.000000,5984.000000,40.000000,39.267578
6000.000000,1.000000,66.000000,0.000000,1.000000,5984.000000,40.000000,39.267578
6000.000000,1.000000,66.000000,0.000000,1.000000,5984.000000,40.000000,39.267578
6000.000000,1.000000,66.000000,0.000000,1.000000,5984.000000,40.000000,39.267578
6000.000000,1.000000,66.000000,0.000000,1.000000,5984.000000,40.000000,39.267578
6000.000000,1.000000,66.000000,0.000000,1.000000,5984.000000,40.000000,39.267578
6000.000000,1.000000,66.000000,0.000000,1.000000,5984.000000,40.000000,39.267578
6000.000000,1.000000,66.000000,0.000000,1.000000,5984.000000,40.000000,39.267578
6000.000000,1.000000,66.000000,0.000000,1.000000,5984.000000,40.000000,39.267578
6000.000000,1.000000,66.000000,0.000000,1.000000,5984.000000,40.000000,39.267578
6000.000000,1.000000,66.000000,0.000000,1.000000,5984.000000,40.000000,39.267578
6000.000000,1.000000,66.000000,0.000000,1.000000,5984.000000,40.000000,39.267578
6000.000000,1.000000,66.000000,0.000000,1.000000,5984.000000,40.000000,39.267578
6000.000000,1.000000,66.000000,0.000000,1.000000,5984.000000,40.000000,39.267578
6000.000000,1.000000,66.000000,0.000000,1.000000,5984.000000,40.000000,39.267578
6000.000000,1.000000,66.000000,0.000000,1.000000,5984.000000,40.000000,39.267578
6000.000000,1.000000,66.000000,0.000000,1.000000,5984.000000,40.000000,39.267578
6000.000000,1.000000,66.000000,0.000000,1.000000,5984.000000,40.000000,39.267578
6000.000000,1.000000,66.000000,0.000000,1.000000,5984.000000,40.000000,39.267578
6000.000000,1.000000,66.000000,0.000000,1.000000,5984.000000,40.000000,39.267578
6000.000000,1.000000,66.000000,0.000000,1.000000,5984.000000,40.000000,39.267578
6000.000000,1.000000,66.000000,0.000000,1.000000,5984.000000,40.000000,39.267578
6000.000000,1.000000,66.000000,0.000000,1.000000,5984.000000,40.000000,39.267578
6000.000000,1.000000,66.000000,0.000000,1.000000,5984.000000,40.000000,39.267578
6000.000000,1.000000,66.000000,0.000000,1.000000,5984.000000,40.000000,39.267578
6000.000000,1.000000,66.000000,0.000000,1.000000,5984.000000,40.000000,39.267578
6000.000000,1.000000,66.000000,0.000000,1.000000,5984.000000,40.000000,39.267578
6000.000000,1.000000,66.000000,0.000000,1.000000,5984.000000,40.000000,39.267578
6000.000000,1.000000,66.000000,0.000000,1.000000,5984.000000,40.000000,39.267578
6000.000000,1.000000,66.000000,0.000000,1.000000,5984.000000,40.000000,39.267578
6000.000000,1.000000,66.000000,0.000000,1.000000,5984.000000,40.000000,39.267578
6000.000000,1.000000,66.000000,0.000000,1.000000,5984.000000,40.000000,39.267578
6000.000000,1.000000,66.000000,0.000000,1.000000,5984.000000,40.000000,39.267578
6000.000000,1.000000,66.000000,0.000000,1.000000,5984.000000,40.000000,39.267578
6000.000000,1.000000,66.000000,0.000000,1.000000,5984.000000,40.000000,39.267578
6000.000000,1.000000,66.000000,0.000000,1.000000,5984.000000,40.000000,39.267578
6000.000000,1.000000,66.000000,0.000000,1.000000,5984.000000,40.000000,39.267578
6000.000000,1.000000,66.000000,0.000000,1.000000,5984.000000,40.000000,39.267578
6000.000000,1.000000,66.000000,0.000000,1.000000,5984.000000,40.000000,39.267578
6000.000000,1.000000,66.000000,0.000000,1.000000,5984.000000,40.000000,39.267578
6000.000000,1.000000,66.000000,0.000000,1.000000,5984.000000,40.000000,39.267578
6000.000000,1.000000,66.000000,0.000000,1.000000,5984.000000,40.000000,39.267578
6000.000000,1.000000,66.000000,0.000000,1.000000,5984.000000,40.000000,39.267578
6000.000000,1.000000,66.000000,0.000000,1.000000,5984.000000,40.000000,39.267578
6000.000000,1.000000,66.000000,0.000000,1.000000,5984.000000,40.000000,39.267578
6000.000000,1.000000,66.000000,0.000000,1.000000,5984.000000,40.000000,39.267578
6000.000000,1.000000,66.000000,0.000000,1.000000,5984.000000,40.000000,39.267578
6000.000000,1.000000,66.000000,0.000000,1.000000,5984.000000,40.000000,39.267578
6000.000000,1.000000,66.000000,0.000000,1.000000,5984.000000,40.000000,39.267578
6000.000000,1.000000,66.000000,0.000000,1.000000,5984.000000,40.000000,39.267578
6000.000000,1.000000,66.000000,0.000000,1.000000,5984.000000,40.000000,39.267578
6000.000000,1.000000,66.000000,0.000000,1.000000,5984.000000,40.000000,39.267578
6000.000000,1.000000,66.000000,0.000000,1.000000,5984.000000,40.000000,39.267578
6000.000000,1.000000,66.000000,0.000000,1.000000,5984.000000,40.000000,39.267578
6000.000000,1.000000,66.000000,0.000000,1.000000,5984.000000,40.000000,39.267578
6000.000000,1.000000,66.000000,0.000000,1.000000,5984.000000,40.000000,39.267578
6000.000000,1.000000,66.000000,0.000000,1.000000,5984.000000,40.000000,39.267578
6000.000000,1.000000,66.000000,0.000000,1.000000,5984.000000,40.000000,39.267578
6000.000000,1.000000,66.000000,0.000000,1.000000,5984.000000,40.000000,39.267578
6000.000000,1.000000,66.000000,0.000000,1.000000,5984.000000,40.000000,39.267578
6000.000000,1.000000,66.000000,0.000000,1.000000,5984.000000,40.000000,39.267578
6000.000000,1.000000,66.000000,0.000000,1.000000,5984.000000,40.000000,39.267578
6000.000000,1.000000,66.000000,0.000000,1.000000,5984.000000,40.000000,39.267578
6000.000000,1.000000,66.000000,0.000000,1.000000,5984.000000,40.000000,39.267578
6000.000000,1.000000,66.000000,0.000000,1.000000,5984.000000,40.000000,39.267578
6000.000000,1.000000,66.000000,0.000000,1.000000,5984.000000,40.000000,39.267578
6000.000000,1.000000,66.000000,0.000000,1.000000,5984.000000,40.000000,39.267578
6000.000000,1.000000,66.000000,0.000000,1.000000,5984.000000,40.000000,39.267578
6000.000000,1.000000,66.000000,0.000000,1.000000,5984.000000,40.000000,39.267578
6000.000000,1.000000,66.000000,0.000000,1.000000,5984.000000,40.000000,39.267578
6000.000000,1.000000,66.000000,0.000000,1.000000,5984.000000,40.000000,39.267578
6000.000000,1.000000,66.000000,0.000000,1.000000,5984.000000,40.000000,39.267578
6000.000000,1.000000,66.000000,0.000000,1.000000,5984.000000,40.000000,39.267578
6000.000000,1.000000,66.000000,0.000000,1.000000,5984.000000,40.000000,39.267578
6000.000000,1.000000,66.000000,0.000000,1.000000,5984.000000,40.000000,39.267578
6000.000000,1.000000,66.000000,0.000000,1.000000,5984.000000,40.000000,39.267578
6000.000000,1.000000,66.000000,0.000000,1.000000,5984.000000,40.000000,39.267578
6000.000000,1.000000,66.000000,0.000000,1.000000,5984.000000,40.000000,39.267578
6000.000000,1.000000,66.000000,0.000000,1.000000,5984.000000,40.000000,39.267578
6000.000000,1.000000,66.000000,0.000000,1.000000,5984.000000,40.000000,39.267578
6000.000000,1.000000,66.000000,0.000000,1.000000,5984.000000,40.000000,39.267578
6000.000000,1.000000,66.000000,0.000000,1.000000,5984.000000,40.000000,39.267578
6000.000000,1.000000,66.000000,0.000000,1.000000,5984.000000,40.000000,39.267578
6000.000000,1.000000,66.000000,0.000000,1.000000,5984.000000,40.000000,39.267578
6000.000000,1.000000,66.000000,0.000000,1.000000,5984.000000,40.000000,39.267578
6000.000000,1.000000,66.000000,0.000000,1.000000,5984.000000,40.000000,39.267578
6000.000000,1.000000,66.000000,0.000000,1.000000,5984.000000,40.000000,39.267578
6000.000000,1.000000,66.000000,0.000000,1.000000,5984.000000,40.000000,39.267578
6000.000000,1.000000,66.000000,0.000000,1.000000,5984.000000,40.000000,39.267578
6000.000000,1.000000,66.000000,0.000000,1.000000,5984.000000,40.000000,39.267578
6000.000000,1.000000,66.000000,0.000000,1.000000,5984.000000,40.000000,39.267578
6000.000000,1.000000,66.000000,0.000000,1.000000,5984.000000,40.000000,39.267578
6000.000000,1.000000,66.000000,0.000000,1.000000,5984.000000,40.000000,39.267578
6000.000000,1.000000,66.000000,0.000000,1.000000,5984.000000,40.000000,39.267578
6000.000000,1.000000,66.000000,0.000000,1.000000,5984.000000,40.000000,39.267578
6000.000000,1.000000,66.000000,0.000000,1.000000,5984.000000,40.000000,39.267578
6000.000000,1.000000,66.000000,0.000000,1.000000,5984.000000,40.000000,39.267578
6000.000000,1.000000,66.000000,0.000000,1.000000,5984.000000,40.000000,39.267578
6000.000000,1.000000,66.000000,0.000000,1.000000,5984.000000,40.000000,39.267578
6000.000000,1.000000,66.000000,0.000000,1.000000,5984.000000,40.000000,39.267578
6000.000000,1.000000,66.000000,0.000000,1.000000,5984.000000,40.000000,39.267578
6000.000000,1.000000,66.000000,0.000000,1.000000,5984.000000,40.000000,39.267578
6000.000000,1.000000,66.000000,0.000000,1.000000,5984.000000,40.000000,39.267578
6000.000000,1.000000,66.000000,0.000000,1.000000,5984.000000,40.000000,39.267578
6000.000000,1.000000,66.000000,0.000000,1.000000,5984.000000,40.000000,39.267578
6000.000000,1.000000,66.000000,0.000000,1.000000,5984.000000,40.000000,39.267578
6000.000000,1.000000,66.000000,0.000000,1.000000,5984.000000,40.000000,39.267578
6000.000000,1.000000,66.000000,0.000000,1.000000,5984.000000,40.000000,39.267578
6000.000000,1.000000,66.000000,0.000000,1.000000,5984.000000,40.000000,39.267578
6000.000000,1.000000,66.000000,0.000000,1.000000,5984.000000,40.000000,39.267578
6000.000000,1.000000,66.000000,0.000000,1.000000,5984.000000,40.000000,39.267578
6000.000000,1.000000,66.000000,0.000000,1.000000,5984.000000,40.000000,39.267578
6000.000000,1.000000,66.000000,0.000000,1.000000,5984.000000,40.000000,39.267578
6000.000000,1.000000,66.000000,0.000000,1.000000,5984.000000,40.000000,39.267578
6000.000000,1.000000,66.000000,0.000000,1.000000,5984.000000,40.000000,39.267578
6000.000000,1.000000,66.000000,0.000000,1.000000,5984.000000,40.000000,39.267578
6000.000000,1.000000,66.000000,0.000000,1.000000,5984.000000,40.000000,39.267578
6000.000000,1.000000,66.000000,0.000000,1.000000,5984.000000,40.000000,39.267578
6000.000000,1.000000,66.000000,0.000000,1.000000,5984.000000,40.000000,39.267578
6000.000000,1.000000,66.000000,0.000000,1.000000,5984.000000,40.000000,39.267578
6000.000000,1.000000,66.000000,0.000000,1.000000,5984.000000,40.000000,39.267578
6000.000000,1.000000,66.000000,0.000000,1.000000,5984.000000,40.000000,39.267578
6000.000000,1.000000,66.000000,0.000000,1.000000,5984.000000,40.000000,39.267578
6000.000000,1.000000,66.000000,0.000000,1.000000,5984.000000,40.000000,39.267578
6000.000000,1.000000,66.000000,0.000000,1.000000,5984.000000,40.000000,39.267578
6000.000000,1.000000,66.000000,0.000000,1.000000,5984.000000,40.000000,39.267578
6000.000000,1.000000,66.000000,0.000000,1.000000,5984.000000,40.000000,39.267578
6000.000000,1.000000,66.000000,0.000000,1.000000,5984.000000,40.000000,39.267578
6000.000000,1.000000,66.000000,0.000000,1.000000,5984.000000,40.000000,39.267578
6000.000000,1.000000,66.000000,0.000000,1.000000,5984.000000,40.000000,39.267578
6000.000000,1.000000,66.000000,0.000000,1.000000,5984.000000,40.000000,39.267578
6000.000000,1.000000,66.000000,0.000000,1.000000,5984.000000,40.000000,39.267578
6000.000000,1.000000,66.000000,0.000000,1.000000,5984.000000,40.000000,39.267578
6000.000000,1.000000,66.000000,0.000000,1.000000,5984.000000,40.000000,39.267578
6000.000000,1.000000,66.000000,0.000000,1.000000,5984.000000,40.000000,39.267578
6000.000000,1.000000,66.000000,0.000000,1.000000,5984.000000,40.000000,39.267578
6000.000000,1.000000,66.000000,0.000000,1.000000,5984.000000,40.000000,39.267578
6000.000000,1.000000,66.000000,0.000000,1.000000,5984.000000,40.000000,39.267578
6000.000000,1.000000,66.000000,0.000000,1.000000,5984.000000,40.000000,39.267578
6000.000000,1.000000,66.000000,0.000000,1.000000,5984.000000,40.000000,39.267578
6000.000000,1.000000,66.000000,0.000000,1.000000,5984.000000,40.000000,39.267578
6000.000000,1.000000,66.000000,0.000000,1.000000,5984.000000,40.000000,39.267578
6000.000000,1.000000,66.000000,0.000000,1.000000,5984.000000,40.000000,39.267578
6000.000000,1.000000,66.000000,0.000000,1.000000,5984.000000,40.000000,39.267578
6000.000000,1.000000,66.000000,0.000000,1.000000,5984.000000,40.000000,39.267578
6000.000000,1.000000,66.000000,0.000000,1.000000,5984.000000,40.000000,39.267578
6000.000000,1.000000,66.000000,0.000000,1.000000,5984.000000,40.000000,39.267578
6000.000000,1.000000,66.000000,0.000000,1.000000,5984.000000,40.000000,39.267578
6000.000000,1.000000,66.000000,0.000000,1.000000,5984.000000,40.000000,39.267578
6000.000000,1.000000,66.000000,0.000000,1.000000,5984.000000,40.000000,39.267578
6000.000000,1.000000,66.000000,0.000000,1.000000,5984.000000,40.000000,39.267578
6000.000000,1.000000,66.000000,0.000000,1.000000,5984.000000,40.000000,39.267578
6000.000000,1.000000,66.000000,0.000000,1.000000,5984.000000,40.000000,39.267578
6000.000000,1.000000,66.000000,0.000000,1.000000,5984.000000,40.000000,39.267578
6000.000000,1.000000,66.000000,0.000000,1.000000,5984.000000,40.000000,39.267578
6000.000000,1.000000,66.000000,0.000000,1.000000,5984.000000,40.000000,39.267578
6000.000000,1.000000,66.000000,0.000000,1.000000,5984.000000,40.000000,39.267578
6000.000000,1.000000,66.000000,0.000000,1.000000,5984.000000,40.000000,39.267578
6000.000000,1.000000,66.000000,0.000000,1.000000,5984.000000,40.000000,39.267578
6000.000000,1.000000,66.000000,0.000000,1.000000,5984.000000,40.000000,39.267578
6000.000000,1.000000,66.000000,0.000000,1.000000,5984.000000,40.000000,39.267578
6000.000000,1.000000,66.000000,0.000000,1.000000,5984.000000,40.000000,39.267578
6000.000000,1.000000,66.000000,0.000000,1.000000,5984.000000,40.000000,39.267578
6000.000000,1.000000,66.000000,0.000000,1.000000,5984.000000,40.000000,39.267578
6000.000000,1.000000,66.000000,0.000000,1.000000,5984.000000,40.000000,39.267578
6000.000000,1.000000,66.000000,0.000000,1.000000,5984.000000,40.000000,39.267578
6000.000000,1.000000,66.000000,0.000000,1.000000,5984.000000,40.000000,39.267578
6000.000000,1.000000,66.000000,0.000000,1.000000,5984.000000,40.000000,39.267578
6000.000000,1.000000,66.000000,0.000000,1.000000,5984.000000,40.000000,39.267578
6000.000000,1.000000,66.000000,0.000000,1.000000,5984.000000,40.000000,39.267578
6000.000000,1.000000,66.000000,0.000000,1.000000,5984.000000,40.000000,39.267578
6000.000000,1.000000,66.000000,0.000000,1.000000,5984.000000,40.000000,39.267578
6000.000000,1.000000,66.000000,0.000000,1.000000,5984.000000,40.000000,39.267578
6000.000000,1.000000,66.000000,0.000000,1.000000,5984.000000,40.000000,39.267578
6000.000000,1.000000,66.000000,0.000000,1.000000,5984.000000,40.000000,39.267578
6000.000000,1.000000,66.000000,0.000000,1.000000,5984.000000,40.000000,39.267578
6000.000000,1.000000,66.000000,0.000000,1.000000,5984.000000,40.000000,39.267578
6000.000000,1.000000,66.000000,0.000000,1.000000,5984.000000,40.000000,39.267578
6000.000000,1.000000,66.000000,0.000000,1.000000,5984.000000,40.000000,39.267578
6000.000000,1.000000,66.000000,0.000000,1.000000,5984.000000,40.000000,39.267578
6000.000000,1.000000,66.000000,0.000000,1.000000,5984.000000,40.000000,39.267578
6000.000000,1.000000,66.000000,0.000000,1.000000,5984.000000,40.000000,39.267578
6000.000000,1.000000,66.000000,0.000000,1.000000,5984.000000,40.000000,39.267578
6000.000000,1.000000,66.000000,0.000000,1.000000,5984.000000,40.000000,39.267578
6000.000000,1.000000,66.000000,0.000000,1.000000,5984.000000,40.000000,39.267578
6000.000000,1.000000,66.000000,0.000000,1.000000,5984.000000,40.000000,39.267578
6000.000000,1.000000,66.000000,0.000000,1.000000,5984.000000,40.000000,39.267578
6000.000000,1.000000,66.000000,0.000000,1.000000,5984.000000,40.000000,39.267578
6000.000000,1.000000,66.000000,0.000000,1.000000,5984.000000,40.000000,39.267578
6000.000000,1.000000,66.000000,0.000000,1.000000,5984.000000,40.000000,39.267578
6000.000000,1.000000,66.000000,0.000000,1.000000,5984.000000,40.000000,39.267578
6000.000000,1.000000,66.000000,0.000000,1.000000,5984.000000,40.000000,39.267578
6000.000000,1.000000,66.000000,0.000000,1.000000,5984.000000,40.000000,39.267578
6000.000000,1.000000,66.000000,0.000000,1.000000,5984.000000,40.000000,39.267578
6000.000000,1.000000,66.000000,0.000000,1.000000,5984.000000,40.000000,39.267578
6000.000000,1.000000,66.000000,0.000000,1.000000,5984.000000,40.000000,39.267578
6000.000000,1.000000,66.000000,0.000000,1.000000,5984.000000,40.000000,39.267578
6000.000000,1.000000,66.000000,0.000000,1.000000,5984.000000,40.000000,39.267578
6000.000000,1.000000,66.000000,0.000000,1.000000,5984.000000,40.000000,39.267578
6000.000000,1.000000,66.000000,0.000000,1.000000,5984.000000,40.000000,39.267578
6000.000000,1.000000,66.000000,0.000000,1.000000,5984.000000,40.000000,39.267578
6000.000000,1.000000,66.000000,0.000000,1.000000,5984.000000,40.000000,39.267578
6000.000000,1.000000,66.000000,0.000000,1.000000,5984.000000,40.000000,39.267578
6000.000000,1.000000,66.000000,0.000000,1.000000,5984.000000,40.000000,39.267578
6000.000000,1.000000,66.000000,0.000000,1.000000,5984.000000,40.000000,39.267578
6000.000000,1.000000,66.000000,0.000000,1.000000,5984.000000,40.000000,39.267578
6000.000000,1.000000,66.000000,0.000000,1.000000,5984.000000,40.000000,39.267578
6000.000000,1.000000,66.000000,0.000000,1.000000,5984.000000,40.000000,39.267578
6000.000000,1.000000,66.000000,0.000000,1.000000,5984.000000,40.000000,39.267578
6000.000000,1.000000,66.000000,0.000000,1.000000,5984.000000,40.000000,39.267578
6000.000000,1.000000,66.000000,0.000000,1.000000,5984.000000,40.000000,39.267578
6000.000000,1.000000,66.000000,0.000000,1.000000,5984.000000,40.000000,39.267578
6000.000000,1.000000,66.000000,0.000000,1.000000,5984.000000,40.000000,39.267578
6000.000000,1.000000,66.000000,0.000000,1.000000,5984.000000,40.000000,39.267578
6000.000000,1.000000,66.000000,0.000000,1.000000,5984.000000,40.000000,39.267578
6000.000000,1.000000,66.000000,0.000000,1.000000,5984.000000,40.000000,39.267578
6000.000000,1.000000,66.000000,0.000000,1.000000,5984.000000,40.000000,39.267578
6000.000000,1.000000,66.000000,0.000000,1.000000,5984.000000,40.000000,39.267578
6000.000000,1.000000,66.000000,0.000000,1.000000,5984.000000,40.000000,39.267578
6000.000000,1.000000,66.000000,0.000000,1.000000,5984.000000,40.000000,39.267578
6000.000000,1.000000,66.000000,0.000000,1.000000,5984.000000,40.000000,39.267578
6000.000000,1.000000,66.000000,0.000000,1.000000,5984.000000,40.000000,39.267578
6000.000000,1.000000,66.000000,0.000000,1.000000,5984.000000,40.000000,39.267578
6000.000000,1.000000,66.000000,0.000000,1.000000,5984.000000,40.000000,39.267578
6000.000000,1.000000,66.000000,0.000000,1.000000,5984.000000,40.000000,39.267578
6000.000000,1.000000,66.000000,0.000000,1.000000,5984.000000,40.000000,39.267578
6000.000000,1.000000,66.000000,0.000000,1.000000,5984.000000,40.000000,39.267578
6000.000000,1.000000,66.000000,0.000000,1.000000,5984.000000,40.000000,39.267578
6000.000000,1.000000,66.000000,0.000000,1.000000,5984.000000,40.000000,39.267578
6000.000000,1.000000,66.000000,0.000000,1.000000,5984.000000,40.000000,39.267578
6000.000000,1.000000,66.000000,0.000000,1.000000,5984.000000,40.000000,39.267578
6000.000000,1.000000,66.000000,0.000000,1.000000,5984.000000,40.000000,39.267578
6000.000000,1.000000,66.000000,0.000000,1.000000,5984.000000,40.000000,39.267578
6000.000000,1.000000,66.000000,0.000000,1.000000,5984.000000,40.000000,39.267578
6000.000000,1.000000,66.000000,0.000000,1.000000,5984.000000,40.000000,39.267578
6000.000000,1.000000,66.000000,0.000000,1.000000,5984.000000,40.000000,39.267578
6000.000000,1.000000,66.000000,0.000000,1.000000,5984.000000,40.000000,39.267578
6000.000000,1.000000,66.000000,0.000000,1.000000,5984.000000,40.000000,39.267578
6000.000000,1.000000,66.000000,0.000000,1.000000,5984.000000,40.000000,39.267578
6000.000000,1.000000,66.000000,0.000000,1.000000,5984.000000,40.000000,39.267578
6000.000000,1.000000,66.000000,0.000000,1.000000,5984.000000,40.000000,39.267578
6000.000000,1.000000,66.000000,0.000000,1.000000,5984.000000,40.000000,39.267578
6000.000000,1.000000,66.000000,0.000000,1.000000,5984.000000,40.000000,39.267578
6000.000000,1.000000,66.000000,0.000000,1.000000,5984.000000,40.000000,39.267578
6000.000000,1.000000,66.000000,0.000000,1.000000,5984.000000,40.000000,39.267578
6000.000000,1.000000,66.000000,0.000000,1.000000,5984.000000,40.000000,39.267578
6000.000000,1.000000,66.000000,0.000000,1.000000,5984.000000,40.000000,39.267578
6000.000000,1.000000,66.000000,0.000000,1.000000,5984.000000,40.000000,39.267578
6000.000000,1.000000,66.000000,0.000000,1.000000,5984.000000,40.000000,39.267578
6000.000000,1.000000,66.000000,0.000000,1.000000,5984.000000,40.000000,39.267578
6000.000000,1.000000,66.000000,0.000000,1.000000,5984.000000,40.000000,39.267578
6000.000000,1.000000,66.000000,0.000000,1.000000,5984.000000,40.000000,39.267578
6000.000000,1.000000,66.000000,0.000000,1.000000,5984.000000,40.000000,39.267578
6000.000000,1.000000,66.000000,0.000000,1.000000,5984.000000,40.000000,39.267578
6000.000000,1.000000,66.000000,0.000000,1.000000,5984.000000,40.000000,39.267578
6000.000000,1.000000,66.000000,0.000000,1.000000,5984.000000,40.000000,39.267578
6000.000000,1.000000,66.000000,0.000000,1.000000,5984.000000,40.000000,39.267578
6000.000000,1.000000,66.000000,0.000000,1.000000,5984.000000,40.000000,39.267578
6000.000000,1.000000,66.000000,0.000000,1.000000,5984.000000,40.000000,39.267578
6000.000000,1.000000,66.000000,0.000000,1.000000,5984.000000,40.000000,39.267578
6000.000000,1.000000,66.000000,0.000000,1.000000,5984.000000,40.000000,39.267578
6000.000000,1.000000,66.000000,0.000000,1.000000,5984.000000,40.000000,39.267578
6000.000000,1.000000,66.000000,0.000000,1.000000,5984.000000,40.000000,39.267578
6000.000000,1.000000,66.000000,0.000000,1.000000,5984.000000,40.000000,39.267578
6000.000000,1.000000,66.000000,0.000000,1.000000,5984.000000,40.000000,39.267578
6000.000000,1.000000,66.000000,0.000000,1.000000,5984.000000,40.000000,39.267578
6000.000000,1.000000,66.000000,0.000000,1.000000,5984.000000,40.000000,39.267578
6000.000000,1.000000,66.000000,0.000000,1.000000,5984.000000,40.000000,39.267578
6000.000000,1.000000,66.000000,0.000000,1.000000,5984.000000,40.000000,39.267578
6000.000000,1.000000,66.000000,0.000000,1.000000,5984.000000,40.000000,39.267578
6000.000000,1.000000,66.000000,0.000000,1.000000,5984.000000,40.000000,39.267578
6000.000000,1.000000,66.000000,0.000000,1.000000,5984.000000,40.000000,39.267578
6000.000000,1.000000,66.000000,0.000000,1.000000,5984.000000,40.000000,39.267578
6000.000000,1.000000,66.000000,0.000000,1.000000,5984.000000,40.000000,39.267578
6000.000000,1.000000,66.000000,0.000000,1.000000,5984.000000,40.000000,39.267578
6000.000000,1.000000,66.000000,0.000000,1.000000,5984.000000,40.000000,39.267578
6000.000000,1.000000,66.000000,0.000000,1.000000,5984.000000,40.000000,39.267578
6000.000000,1.000000,66.000000,0.000000,1.000000,5984.000000,40.000000,39.267578
6000.000000,1.000000,66.000000,0.000000,1.000000,5984.000000,40.000000,39.267578
6000.000000,1.000000,66.000000,0.000000,1.000000,5984.000000,40.000000,39.267578
6000.000000,1.000000,66.000000,0.000000,1.000000,5984.000000,40.000000,39.267578
6000.000000,1.000000,66.000000,0.000000,1.000000,5984.000000,40.000000,39.267578
6000.000000,1.000000,66.000000,0.000000,1.000000,5984.000000,40.000000,39.267578
6000.000000,1.000000,66.000000,0.000000,1.000000,5984.000000,40.000000,39.267578
6000.000000,1.000000,66.000000,0.000000,1.000000,5984.000000,40.000000,39.267578
6000.000000,1.000000,66.000000,0.000000,1.000000,5984.000000,40.000000,39.267578
6000.000000,1.000000,66.000000,0.000000,1.000000,5984.000000,40.000000,39.267578
6000.000000,1.000000,66.000000,0.000000,1.000000,5984.000000,40.000000,39.267578
6000.000000,1.000000,66.000000,0.000000,1.000000,5984.000000,40.000000,39.267578
6000.000000,1.000000,66.000000,0.000000,1.000000,5984.000000,40.000000,39.267578
6000.000000,1.000000,66.000000,0.000000,1.000000,5984.000000,40.000000,39.267578
6000.000000,1.000000,66.000000,0.000000,1.000000,5984.000000,40.000000,39.267578
6000.000000,1.000000,66.000000,0.000000,1.000000,5984.000000,40.000000,39.267578
6000.000000,1.000000,66.000000,0.000000,1.000000,5984.000000,40.000000,39.267578
6000.000000,1.000000,66.000000,0.000000,1.000000,5984.000000,40.000000,39.267578
6000.000000,1.000000,66.000000,0.000000,1.000000,5984.000000,40.000000,39.267578
6000.000000,1.000000,66.000000,0.000000,1.000000,5984.000000,40.000000,39.267578
6000.000000,1.000000,66.000000,0.000000,1.000000,5984.000000,40.000000,39.267578
6000.000000,1.000000,66.000000,0.000000,1.000000,5984.000000,40.000000,39.267578
6000.000000,1.000000,66.000000,0.000000,1.000000,5984.000000,40.000000,39.267578
6000.000000,1.000000,66.000000,0.000000,1.000000,5984.000000,40.000000,39.267578
6000.000000,1.000000,66.000000,0.000000,1.000000,5984.000000,40.000000,39.267578
6000.000000,1.000000,66.000000,0.000000,1.000000,5984.000000,40.000000,39.267578
6000.000000,1.000000,66.000000,0.000000,1.000000,5984.000000,40.000000,39.267578
6000.000000,1.000000,66.000000,0.000000,1.000000,5984.000000,40.000000,39.267578
6000.000000,1.000000,66.000000,0.000000,1.000000,5984.000000,40.000000,39.267578
6000.000000,1.000000,66.000000,0.000000,1.000000,5984.000000,40.000000,39.267578
6000.000000,1.000000,66.000000,0.000000,1.000000,5984.000000,40.000000,39.267578
6000.000000,1.000000,66.000000,0.000000,1.000000,5984.000000,40.000000,39.267578
6000.000000,1.000000,66.000000,0.000000,1.000000,5984.000000,40.000000,39.267578
6000.000000,1.000000,66.000000,0.000000,1.000000,5984.000000,40.000000,39.267578
6000.000000,1.000000,66.000000,0.000000,1.000000,5984.000000,40.000000,39.267578
6000.000000,1.000000,66.000000,0.000000,1.000000,5984.000000,40.000000,39.267578
6000.000000,1.000000,66.000000,0.000000,1.000000,5984.000000,40.000000,39.267578
6000.000000,1.000000,66.000000,0.000000,1.000000,5984.000000,40.000000,39.267578
6000.000000,1.000000,66.000000,0.000000,1.000000,5984.000000,40.000000,39.267578
6000.000000,1.000000,66.000000,0.000000,1.000000,5984.000000,40.000000,39.267578
6000.000000,1.000000,66.000000,0.000000,1.000000,5984.000000,40.000000,39.267578
6000.000000,1.000000,66.000000,0.000000,1.000000,5984.000000,40.000000,39.267578
6000.000000,1.000000,66.000000,0.000000,1.000000,5984.000000,40.000000,39.267578
6000.000000,1.000000,66.000000,0.000000,1.000000,5984.000000,40.000000,39.267578
6000.000000,1.000000,66.000000,0.000000,1.000000,5984.000000,40.000000,39.267578
6000.000000,1.000000,66.000000,0.000000,1.000000,5984.000000,40.000000,39.267578
6000.000000,1.000000,66.000000,0.000000,1.000000,5984.000000,40.000000,39.267578
6000.000000,1.000000,66.000000,0.000000,1.000000,5984.000000,40.000000,39.267578
6000.000000,1.000000,66.000000,0.000000,1.000000,5984.000000,40.000000,39.267578
6000.000000,1.000000,66.000000,0.000000,1.000000,5984.000000,40.000000,39.267578
6000.000000,1.000000,66.000000,0.000000,1.000000,5984.000000,40.000000,39.267578
6000.000000,1.000000,66.000000,0.000000,1.000000,5984.000000,40.000000,39.267578
6000.000000,1.000000,66.000000,0.000000,1.000000,5984.000000,40.000000,39.267578
6000.000000,1.000000,66.000000,0.000000,1.000000,5984.000000,40.000000,39.267578
6000.000000,1.000000,66.000000,0.000000,1.000000,5984.000000,40.000000,39.267578
6000.000000,1.000000,66.000000,0.000000,1.000000,5984.000000,40.000000,39.267578
6000.000000,1.000000,66.000000,0.000000,1.000000,5984.000000,40.000000,39.267578
6000.000000,1.000000,66.000000,0.000000,1.000000,5984.000000,40.000000,39.267578
6000.000000,1.000000,66.000000,0.000000,1.000000,5984.000000,40.000000,39.267578
6000.000000,1.000000,66.000000,0.000000,1.000000,5984.000000,40.000000,39.267578
6000.000000,1.000000,66.000000,0.000000,1.000000,5984.000000,40.000000,39.267578
6000.000000,1.000000,66.000000,0.000000,1.000000,5984.000000,40.000000,39.267578
6000.000000,1.000000,66.000000,0.000000,1.000000,5984.000000,40.000000,39.267578
6000.000000,1.000000,66.000000,0.000000,1.000000,5984.000000,40.000000,39.267578
6000.000000,1.000000,66.000000,0.000000,1.000000,5984.000000,40.000000,39.267578
6000.000000,1.000000,66.000000,0.000000,1.000000,5984.000000,40.000000,39.267578
6000.000000,1.000000,66.000000,0.000000,1.000000,5984.000000,40.000000,39.267578
6000.000000,1.000000,66.000000,0.000000,1.000000,5984.000000,40.000000,39.267578
6000.000000,1.000000,66.000000,0.000000,1.000000,5984.000000,40.000000,39.267578
6000.000000,1.000000,66.000000,0.000000,1.000000,5984.000000,40.000000,39.267578
6000.000000,1.000000,66.000000,0.000000,1.000000,5984.000000,40.000000,39.267578
6000.000000,1.000000,66.000000,0.000000,1.000000,5984.000000,40.000000,39.267578
6000.000000,1.000000,66.000000,0.000000,1.000000,5984.000000,40.000000,39.267578
6000.000000,1.000000,66.000000,0.000000,1.000000,5984.000000,40.000000,39.267578
6000.000000,1.000000,66.000000,0.000000,1.000000,5984.000000,40.000000,39.267578
6000.000000,1.000000,66.000000,0.000000,1.000000,5984.000000,40.000000,39.267578
6000.000000,1.000000,66.000000,0.000000,1.000000,5984.000000,40.000000,39.267578
6000.000000,1.000000,66.000000,0.000000,1.000000,5984.000000,40.000000,39.267578
6000.000000,1.000000,66.000000,0.000000,1.000000,5984.000000,40.000000,39.267578
6000.000000,1.000000,66.000000,0.000000,1.000000,5984.000000,40.000000,39.267578
6000.000000,1.000000,66.000000,0.000000,1.000000,5984.000000,40.000000,39.267578
6000.000000,1.000000,66.000000,0.000000,1.000000,5984.000000,40.000000,39.267578
6000.000000,1.000000,66.000000,0.000000,1.000000,5984.000000,40.000000,39.267578
6000.000000,1.000000,66.000000,0.000000,1.000000,5984.000000,40.000000,39.267578
6000.000000,1.000000,66.000000,0.000000,1.000000,5984.000000,40.000000,39.267578
6000.000000,1.000000,66.000000,0.000000,1.000000,5984.000000,40.000000,39.267578
6000.000000,1.000000,66.000000,0.000000,1.000000,5984.000000,40.000000,39.267578
6000.000000,1.000000,66.000000,0.000000,1.000000,5984.000000,40.000000,39.267578
6000.000000,1.000000,66.000000,0.000000,1.000000,5984.000000,40.000000,39.267578
6000.000000,1.000000,66.000000,0.000000,1.000000,5984.000000,40.000000,39.267578
6000.000000,1.000000,66.000000,0.000000,1.000000,5984.000000,40.000000,39.267578
6000.000000,1.000000,66.000000,0.000000,1.000000,5984.000000,40.000000,39.267578
6000.000000,1.000000,66.000000,0.000000,1.000000,5984.000000,40.000000,39.267578
6000.000000,1.000000,66.000000,0.000000,1.000000,5984.000000,40.000000,39.267578
6000.000000,1.000000,66.000000,0.000000,1.000000,5984.000000,40.000000,39.267578
6000.000000,1.000000,66.000000,0.000000,1.000000,5984.000000,40.000000,39.267578
6000.000000,1.000000,66.000000,0.000000,1.000000,5984.000000,40.000000,39.267578
6000.000000,1.000000,66.000000,0.000000,1.000000,5984.000000,40.000000,39.267578
6000.000000,1.000000,66.000000,0.000000,1.000000,5984.000000,40.000000,39.267578
6000.000000,1.000000,66.000000,0.000000,1.000000,5984.000000,40.000000,39.267578
6000.000000,1.000000,66.000000,0.000000,1.000000,5984.000000,40.000000,39.267578
6000.000000,1.000000,66.000000,0.000000,1.000000,5984.000000,40.000000,39.267578
6000.000000,1.000000,66.000000,0.000000,1.000000,5984.000000,40.000000,39.267578
6000.000000,1.000000,66.000000,0.000000,1.000000,5984.000000,40.000000,39.267578
6000.000000,1.000000,66.000000,0.000000,1.000000,5984.000000,40.000000,39.267578
6000.000000,1.000000,66.000000,0.000000,1.000000,5984.000000,40.000000,39.267578
6000.000000,1.000000,66.000000,0.000000,1.000000,5984.000000,40.000000,39.267578
6000.000000,1.000000,66.000000,0.000000,1.000000,5984.000000,40.000000,39.267578
6000.000000,1.000000,66.000000,0.000000,1.000000,5984.000000,40.000000,39.267578
6000.000000,1.000000,66.000000,0.000000,1.000000,5984.000000,40.000000,39.267578
6000.000000,1.000000,66.000000,0.000000,1.000000,5984.000000,40.000000,39.267578
6000.000000,1.000000,66.000000,0.000000,1.000000,5984.000000,40.000000,39.267578
6000.000000,1.000000,66.000000,0.000000,1.000000,5984.000000,40.000000,39.267578
6000.000000,1.000000,66.000000,0.000000,1.000000,5984.000000,40.000000,39.267578
6000.000000,1.000000,66.000000,0.000000,1.000000,5984.000000,40.000000,39.267578
6000.000000,1.000000,66.000000,0.000000,1.000000,5984.000000,40.000000,39.267578
6000.000000,1.000000,66.000000,0.000000,1.000000,5984.000000,40.000000,39.267578
6000.000000,1.000000,66.000000,0.000000,1.000000,5984.000000,40.000000,39.267578
6000.000000,1.000000,66.000000,0.000000,1.000000,5984.000000,40.000000,39.267578
6000.000000,1.000000,66.000000,0.000000,1.000000,5984.000000,40.000000,39.267578
6000.000000,1.000000,66.000000,0.000000,1.000000,5984.000000,40.000000,39.267578
6000.000000,1.000000,66.000000,0.000000,1.000000,5984.000000,40.000000,39.267578
6000.000000,1.000000,66.000000,0.000000,1.000000,5984.000000,40.000000,39.267578
6000.000000,1.000000,66.000000,0.000000,1.000000,5984.000000,40.000000,39.267578
6000.000000,1.000000,66.000000,0.000000,1.000000,5984.000000,40.000000,39.267578
6000.000000,1.000000,66.000000,0.000000,1.000000,5984.000000,40.000000,39.267578
6000.000000,1.000000,66.000000,0.000000,1.000000,5984.000000,40.000000,39.267578
6000.000000,1.000000,66.000000,0.000000,1.000000,5984.000000,40.000000,39.267578
6000.000000,1.000000,66.000000,0.000000,1.000000,5984.000000,40.000000,39.267578
6000.000000,1.000000,66.000000,0.000000,1.000000,5984.000000,40.000000,39.267578
6000.000000,1.000000,66.000000,0.000000,1.000000,5984.000000,40.000000,39.267578
6000.000000,1.000000,66.000000,0.000000,1.000000,5984.000000,40.000000,39.267578
6000.000000,1.000000,66.000000,0.000000,1.000000,5984.000000,40.000000,39.267578
6000.000000,1.000000,66.000000,0.000000,1.000000,5984.000000,40.000000,39.267578
6000.000000,1.000000,66.000000,0.000000,1.000000,5984.000000,40.000000,39.267578
6000.000000,1.000000,66.000000,0.000000,1.000000,5984.000000,40.000000,39.267578
6000.000000,1.000000,66.000000,0.000000,1.000000,5984.000000,40.000000,39.267578
6000.000000,1.000000,66.000000,0.000000,1.000000,5984.000000,40.000000,39.267578
6000.000000,1.000000,66.000000,0.000000,1.000000,5984.000000,40.000000,39.267578
6000.000000,1.000000,66.000000,0.000000,1.000000,5984.000000,40.000000,39.267578
6000.000000,1.000000,66.000000,0.000000,1.000000,5984.000000,40.000000,39.267578
6000.000000,1.000000,66.000000,0.000000,1.000000,5984.000000,40.000000,39.267578
6000.000000,1.000000,66.000000,0.000000,1.000000,5984.000000,40.000000,39.267578
6000.000000,1.000000,66.000000,0.000000,1.000000,5984.000000,40.000000,39.267578
6000.000000,1.000000,66.000000,0.000000,1.000000,5984.000000,40.000000,39.267578
6000.000000,1.000000,66.000000,0.000000,1.000000,5984.000000,40.000000,39.267578
6000.000000,1.000000,66.000000,0.000000,1.000000,5984.000000,40.000000,39.267578
6000.000000,1.000000,66.000000,0.000000,1.000000,5984.000000,40.000000,39.267578
6000.000000,1.000000,66.000000,0.000000,1.000000,5984.000000,40.000000,39.267578
6000.000000,1.000000,66.000000,0.000000,1.000000,5984.000000,40.000000,39.267578
6000.000000,1.000000,66.000000,0.000000,1.000000,5984.000000,40.000000,39.267578
6000.000000,1.000000,66.000000,0.000000,1.000000,5984.000000,40.000000,39.267578
6000.000000,1.000000,66.000000,0.000000,1.000000,5984.000000,40.000000,39.267578
6000.000000,1.000000,66.000000,0.000000,1.000000,5984.000000,40.000000,39.267578
6000.000000,1.000000,66.000000,0.000000,1.000000,5984.000000,40.000000,39.267578
6000.000000,1.000000,66.000000,0.000000,1.000000,5984.000000,40.000000,39.267578
6000.000000,1.000000,66.000000,0.000000,1.000000,5984.000000,40.000000,39.267578
6000.000000,1.000000,66.000000,0.000000,1.000000,5984.000000,40.000000,39.267578
6000.000000,1.000000,66.000000,0.000000,1.000000,5984.000000,40.000000,39.267578
6000.000000,1.000000,66.000000,0.000000,1.000000,5984.000000,40.000000,39.267578
6000.000000,1.000000,66.000000,0.000000,1.000000,5984.000000,40.000000,39.267578
6000.000000,1.000000,66.000000,0.000000,1.000000,5984.000000,40.000000,39.267578
6000.000000,1.000000,66.000000,0.000000,1.000000,5984.000000,40.000000,39.267578
6000.000000,1.000000,66.000000,0.000000,1.000000,5984.000000,40.000000,39.267578
6000.000000,1.000000,66.000000,0.000000,1.000000,5984.000000,40.000000,39.267578
6000.000000,1.000000,66.000000,0.000000,1.000000,5984.000000,40.000000,39.267578
6000.000000,1.000000,66.000000,0.000000,1.000000,5984.000000,40.000000,39.267578
6000.000000,1.000000,66.000000,0.000000,1.000000,5984.000000,40.000000,39.267578
6000.000000,1.000000,66.000000,0.000000,1.000000,5984.000000,40.000000,39.267578
6000.000000,1.000000,66.000000,0.000000,1.000000,5984.000000,40.000000,39.267578
6000.000000,1.000000,66.000000,0.000000,1.000000,5984.000000,40.000000,39.267578
6000.000000,1.000000,66.000000,0.000000,1.000000,5984.000000,40.000000,39.267578
6000.000000,1.000000,66.000000,0.000000,1.000000,5984.000000,40.000000,39.267578
6000.000000,1.000000,66.000000,0.000000,1.000000,5984.000000,40.000000,39.267578
6000.000000,1.000000,66.000000,0.000000,1.000000,5984.000000,40.000000,39.267578
6000.000000,1.000000,66.000000,0.000000,1.000000,5984.000000,40.000000,39.267578
6000.000000,1.000000,66.000000,0.000000,1.000000,5984.000000,40.000000,39.267578
6000.000000,1.000000,66.000000,0.000000,1.000000,5984.000000,40.000000,39.267578
6000.000000,1.000000,66.000000,0.000000,1.000000,5984.000000,40.000000,39.267578
6000.000000,1.000000,66.000000,0.000000,1.000000,5984.000000,40.000000,39.267578
6000.000000,1.000000,66.000000,0.000000,1.000000,5984.000000,40.000000,39.267578
6000.000000,1.000000,66.000000,0.000000,1.000000,5984.000000,40.000000,39.267578
6000.000000,1.000000,66.000000,0.000000,1.000000,5984.000000,40.000000,39.267578
6000.000000,1.000000,66.000000,0.000000,1.000000,5984.000000,40.000000,39.267578
6000.000000,1.000000,66.000000,0.000000,1.000000,5984.000000,40.000000,39.267578
6000.000000,1.000000,66.000000,0.000000,1.000000,5984.000000,40.000000,39.267578
6000.000000,1.000000,66.000000,0.000000,1.000000,5984.000000,40.000000,39.267578
6000.000000,1.000000,66.000000,0.000000,1.000000,5984.000000,40.000000,39.267578
6000.000000,1.000000,66.000000,0.000000,1.000000,5984.000000,40.000000,39.267578
6000.000000,1.000000,66.000000,0.000000,1.000000,5984.000000,40.000000,39.267578
6000.000000,1.000000,66.000000,0.000000,1.000000,5984.000000,40.000000,39.267578
6000.000000,1.000000,66.000000,0.000000,1.000000,5984.000000,40.000000,39.267578
6000.000000,1.000000,66.000000,0.000000,1.000000,5984.000000,40.000000,39.267578
6000.000000,1.000000,66.000000,0.000000,1.000000,5984.000000,40.000000,39.267578
6000.000000,1.000000,66.000000,0.000000,1.000000,5984.000000,40.000000,39.267578
6000.000000,1.000000,66.000000,0.000000,1.000000,5984.000000,40.000000,39.267578
6000.000000,1.000000,66.000000,0.000000,1.000000,5984.000000,40.000000,39.267578
6000.000000,1.000000,66.000000,0.000000,1.000000,5984.000000,40.000000,39.267578
6000.000000,1.000000,66.000000,0.000000,1.000000,5984.000000,40.000000,39.267578
6000.000000,1.000000,66.000000,0.000000,1.000000,5984.000000,40.000000,39.267578
6000.000000,1.000000,66.000000,0.000000,1.000000,5984.000000,40.000000,39.267578
6000.000000,1.000000,66.000000,0.000000,1.000000,5984.000000,40.000000,39.267578
6000.000000,1.000000,66.000000,0.000000,1.000000,5984.000000,40.000000,39.267578
6000.000000,1.000000,66.000000,0.000000,1.000000,5984.000000,40.000000,39.267578
6000.000000,1.000000,66.000000,0.000000,1.000000,5984.000000,40.000000,39.267578
6000.000000,1.000000,66.000000,0.000000,1.000000,5984.000000,40.000000,39.267578
6000.000000,1.000000,66.000000,0.000000,1.000000,5984.000000,40.000000,39.267578
6000.000000,1.000000,66.000000,0.000000,1.000000,5984.000000,40.000000,39.267578
6000.000000,1.000000,66.000000,0.000000,1.000000,5984.000000,40.000000,39.267578
6000.000000,1.000000,66.000000,0.000000,1.000000,5984.000000,40.000000,39.267578
6000.000000,1.000000,66.000000,0.000000,1.000000,5984.000000,40.000000,39.267578
6000.000000,1.000000,66.000000,0.000000,1.000000,5984.000000,40.000000,39.267578
6000.000000,1.000000,66.000000,0.000000,1.000000,5984.000000,40.000000,39.267578
6000.000000,1.000000,66.000000,0.000000,1.000000,5984.000000,40.000000,39.267578
6000.000000,1.000000,66.000000,0.000000,1.000000,5984.000000,40.000000,39.267578
6000.000000,1.000000,66.000000,0.000000,1.000000,5984.000000,40.000000,39.267578
6000.000000,1.000000,66.000000,0.000000,1.000000,5984.000000,40.000000,39.267578
6000.000000,1.000000,66.000000,0.000000,1.000000,5984.000000,40.000000,39.267578
6000.000000,1.000000,66.000000,0.000000,1.000000,5984.000000,40.000000,39.267578
6000.000000,1.000000,66.000000,0.000000,1.000000,5984.000000,40.000000,39.267578
6000.000000,1.000000,66.000000,0.000000,1.000000,5984.000000,40.000000,39.267578
6000.000000,1.000000,66.000000,0.000000,1.000000,5984.000000,40.000000,39.267578
6000.000000,1.000000,66.000000,0.000000,1.000000,5984.000000,40.000000,39.267578
6000.000000,1.000000,66.000000,0.000000,1.000000,5984.000000,40.000000,39.267578
6000.000000,1.000000,66.000000,0.000000,1.000000,5984.000000,40.000000,39.267578
6000.000000,1.000000,66.000000,0.000000,1.000000,5984.000000,40.000000,39.267578
6000.000000,1.000000,66.000000,0.000000,1.000000,5984.000000,40.000000,39.267578
6000.000000,1.000000,66.000000,0.000000,1.000000,5984.000000,40.000000,39.267578
6000.000000,1.000000,66.000000,0.000000,1.000000,5984.000000,40.000000,39.267578
6000.000000,1.000000,66.000000,0.000000,1.000000,5984.000000,40.000000,39.267578
6000.000000,1.000000,66.000000,0.000000,1.000000,5984.000000,40.000000,39.267578
6000.000000,1.000000,66.000000,0.000000,1.000000,5984.000000,40.000000,39.267578
6000.000000,1.000000,66.000000,0.000000,1.000000,5984.000000,40.000000,39.267578
6000.000000,1.000000,66.000000,0.000000,1.000000,5984.000000,40.000000,39.267578
6000.000000,1.000000,66.000000,0.000000,1.000000,5984.000000,40.000000,39.267578
6000.000000,1.000000,66.000000,0.000000,1.000000,5984.000000,40.000000,39.267578
6000.000000,1.000000,66.000000,0.000000,1.000000,5984.000000,40.000000,39.267578
6000.000000,1.000000,66.000000,0.000000,1.000000,5984.000000,40.000000,39.267578
6000.000000,1.000000,66.000000,0.000000,1.000000,5984.000000,40.000000,39.267578
6000.000000,1.000000,66.000000,0.000000,1.000000,5984.000000,40.000000,39.267578
6000.000000,1.000000,66.000000,0.000000,1.000000,5984.000000,40.000000,39.267578
6000.000000,1.000000,66.000000,0.000000,1.000000,5984.000000,40.000000,39.267578
6000.000000,1.000000,66.000000,0.000000,1.000000,5984.000000,40.000000,39.267578
6000.000000,1.000000,66.000000,0.000000,1.000000,5984.000000,40.000000,39.267578
6000.000000,1.000000,66.000000,0.000000,1.000000,5984.000000,40.000000,39.267578
6000.000000,1.000000,66.000000,0.000000,1.000000,5984.000000,40.000000,39.267578
6000.000000,1.000000,66.000000,0.000000,1.000000,5984.000000,40.000000,39.267578
6000.000000,1.000000,66.000000,0.000000,1.000000,5984.000000,40.000000,39.267578
6000.000000,1.000000,66.000000,0.000000,1.000000,5984.000000,40.000000,39.267578
6000.000000,1.000000,66.000000,0.000000,1.000000,5984.000000,40.000000,39.267578
6000.000000,1.000000,66.000000,0.000000,1.000000,5984.000000,40.000000,39.267578
6000.000000,1.000000,66.000000,0.000000,1.000000,5984.000000,40.000000,39.267578
6000.000000,1.000000,66.000000,0.000000,1.000000,5984.000000,40.000000,39.267578
6000.000000,1.000000,66.000000,0.000000,1.000000,5984.000000,40.000000,39.267578
6000.000000,1.000000,66.000000,0.000000,1.000000,5984.000000,40.000000,39.267578
6000.000000,1.000000,66.000000,0.000000,1.000000,5984.000000,40.000000,39.267578
6000.000000,1.000000,66.000000,0.000000,1.000000,5984.000000,40.000000,39.267578
6000.000000,1.000000,66.000000,0.000000,1.000000,5984.000000,40.000000,39.267578
6000.000000,1.000000,66.000000,0.000000,1.000000,5984.000000,40.000000,39.267578
6000.000000,1.000000,66.000000,0.000000,1.000000,5984.000000,40.000000,39.267578
6000.000000,1.000000,66.000000,0.000000,1.000000,5984.000000,40.000000,39.267578
6000.000000,1.000000,66.000000,0.000000,1.000000,5984.000000,40.000000,39.267578
6000.000000,1.000000,66.000000,0.000000,1.000000,5984.000000,40.000000,39.267578
6000.000000,1.000000,66.000000,0.000000,1.000000,5984.000000,40.000000,39.267578
6000.000000,1.000000,66.000000,0.000000,1.000000,5984.000000,40.000000,39.267578
6000.000000,1.000000,66.000000,0.000000,1.000000,5984.000000,40.000000,39.267578
6000.000000,1.000000,66.000000,0.000000,1.000000,5984.000000,40.000000,39.267578
6000.000000,1.000000,66.000000,0.000000,1.000000,5984.000000,40.000000,39.267578
6000.000000,1.000000,66.000000,0.000000,1.000000,5984.000000,40.000000,39.267578
6000.000000,1.000000,66.000000,0.000000,1.000000,5984.000000,40.000000,39.267578
6000.000000,1.000000,66.000000,0.000000,1.000000,5984.000000,40.000000,39.267578
6000.000000,1.000000,66.000000,0.000000,1.000000,5984.000000,40.000000,39.267578
6000.000000,1.000000,66.000000,0.000000,1.000000,5984.000000,40.000000,39.267578
6000.000000,1.000000,66.000000,0.000000,1.000000,5984.000000,40.000000,39.267578
6000.000000,1.000000,66.000000,0.000000,1.000000,5984.000000,40.000000,39.267578
6000.000000,1.000000,66.000000,0.000000,1.000000,5984.000000,40.000000,39.267578
6000.000000,1.000000,66.000000,0.000000,1.000000,5984.000000,40.000000,39.267578
6000.000000,1.000000,66.000000,0.000000,1.000000,5984.000000,40.000000,39.267578
6000.000000,1.000000,66.000000,0.000000,1.000000,5984.000000,40.000000,39.267578
6000.000000,1.000000,66.000000,0.000000,1.000000,5984.000000,40.000000,39.267578
6000.000000,1.000000,66.000000,0.000000,1.000000,5984.000000,40.000000,39.267578
6000.000000,1.000000,66.000000,0.000000,1.000000,5984.000000,40.000000,39.267578
6000.000000,1.000000,66.000000,0.000000,1.000000,5984.000000,40.000000,39.267578
6000.000000,1.000000,66.000000,0.000000,1.000000,5984.000000,40.000000,39.267578
6000.000000,1.000000,66.000000,0.000000,1.000000,5984.000000,40.000000,39.267578
6000.000000,1.000000,66.000000,0.000000,1.000000,5984.000000,40.000000,39.267578
6000.000000,1.000000,66.000000,0.000000,1.000000,5984.000000,40.000000,39.267578
6000.000000,1.000000,66.000000,0.000000,1.000000,5984.000000,40.000000,39.267578
6000.000000,1.000000,66.000000,0.000000,1.000000,5984.000000,40.000000,39.267578
6000.000000,1.000000,66.000000,0.000000,1.000000,5984.000000,40.000000,39.267578
6000.000000,1.000000,66.000000,0.000000,1.000000,5984.000000,40.000000,39.267578
6000.000000,1.000000,66.000000,0.000000,1.000000,5984.000000,40.000000,39.267578
6000.000000,1.000000,66.000000,0.000000,1.000000,5984.000000,40.000000,39.267578
6000.000000,1.000000,66.000000,0.000000,1.000000,5984.000000,40.000000,39.267578
6000.000000,1.000000,66.000000,0.000000,1.000000,5984.000000,40.000000,39.267578
6000.000000,1.000000,66.000000,0.000000,1.000000,5984.000000,40.000000,39.267578
6000.000000,1.000000,66.000000,0.000000,1.000000,5984.000000,40.000000,39.267578
6000.000000,1.000000,66.000000,0.000000,1.000000,5984.000000,40.000000,39.267578
6000.000000,1.000000,66.000000,0.000000,1.000000,5984.000000,40.000000,39.267578
6000.000000,1.000000,66.000000,0.000000,1.000000,5984.000000,40.000000,39.267578
6000.000000,1.000000,66.000000,0.000000,1.000000,5984.000000,40.000000,39.267578
6000.000000,1.000000,66.000000,0.000000,1.000000,5984.000000,40.000000,39.267578
6000.000000,1.000000,66.000000,0.000000,1.000000,5984.000000,40.000000,39.267578
6000.000000,1.000000,66.000000,0.000000,1.000000,5984.000000,40.000000,39.267578
6000.000000,1.000000,66.000000,0.000000,1.000000,5984.000000,40.000000,39.267578
6000.000000,1.000000,66.000000,0.000000,1.000000,5984.000000,40.000000,39.267578
6000.000000,1.000000,66.000000,0.000000,1.000000,5984.000000,40.000000,39.267578
6000.000000,1.000000,66.000000,0.000000,1.000000,5984.000000,40.000000,39.267578
6000.000000,1.000000,66.000000,0.000000,1.000000,5984.000000,40.000000,39.267578
6000.000000,1.000000,66.000000,0.000000,1.000000,5984.000000,40.000000,39.267578
6000.000000,1.000000,66.000000,0.000000,1.000000,5984.000000,40.000000,39.267578
6000.000000,1.000000,66.000000,0.000000,1.000000,5984.000000,40.000000,39.267578
6000.000000,1.000000,66.000000,0.000000,1.000000,5984.000000,40.000000,39.267578
6000.000000,1.000000,66.000000,0.000000,1.000000,5984.000000,40.000000,39.267578
6000.000000,1.000000,66.000000,0.000000,1.000000,5984.000000,40.000000,39.267578
6000.000000,1.000000,66.000000,0.000000,1.000000,5984.000000,40.000000,39.267578
6000.000000,1.000000,66.000000,0.000000,1.000000,5984.000000,40.000000,39.267578
6000.000000,1.000000,66.000000,0.000000,1.000000,5984.000000,40.000000,39.267578
6000.000000,1.000000,66.000000,0.000000,1.000000,5984.000000,40.000000,39.267578
6000.000000,1.000000,66.000000,0.000000,1.000000,5984.000000,40.000000,39.267578
6000.000000,1.000000,66.000000,0.000000,1.000000,5984.000000,40.000000,39.267578
6000.000000,1.000000,66.000000,0.000000,1.000000,5984.000000,40.000000,39.267578
6000.000000,1.000000,66.000000,0.000000,1.000000,5984.000000,40.000000,39.267578
6000.000000,1.000000,66.000000,0.000000,1.000000,5984.000000,40.000000,39.267578
6000.000000,1.000000,66.000000,0.000000,1.000000,5984.000000,40.000000,39.267578
6000.000000,1.000000,66.000000,0.000000,1.000000,5984.000000,40.000000,39.267578
6000.000000,1.000000,66.000000,0.000000,1.000000,5984.000000,40.000000,39.267578
6000.000000,1.000000,66.000000,0.000000,1.000000,5984.000000,40.000000,39.267578
6000.000000,1.000000,66.000000,0.000000,1.000000,5984.000000,40.000000,39.267578
6000.000000,1.000000,66.000000,0.000000,1.000000,5984.000000,40.000000,39.267578
6000.000000,1.000000,66.000000,0.000000,1.000000,5984.000000,40.000000,39.267578
6000.000000,1.000000,66.000000,0.000000,1.000000,5984.000000,40.000000,39.267578
6000.000000,1.000000,66.000000,0.000000,1.000000,5984.000000,40.000000,39.267578
6000.000000,1.000000,66.000000,0.000000,1.000000,5984.000000,40.000000,39.267578
6000.000000,1.000000,66.000000,0.000000,1.000000,5984.000000,40.000000,39.267578
6000.000000,1.000000,66.000000,0.000000,1.000000,5984.000000,40.000000,39.267578
6000.000000,1.000000,66.000000,0.000000,1.000000,5984.000000,40.000000,39.267578
6000.000000,1.000000,66.000000,0.000000,1.000000,5984.000000,40.000000,39.267578
6000.000000,1.000000,66.000000,0.000000,1.000000,5984.000000,40.000000,39.267578
6000.000000,1.000000,66.000000,0.000000,1.000000,5984.000000,40.000000,39.267578
6000.000000,1.000000,66.000000,0.000000,1.000000,5984.000000,40.000000,39.267578
6000.000000,1.000000,66.000000,0.000000,1.000000,5984.000000,40.000000,39.267578
6000.000000,1.000000,66.000000,0.000000,1.000000,5984.000000,40.000000,39.267578
6000.000000,1.000000,66.000000,0.000000,1.000000,5984.000000,40.000000,39.267578
6000.000000,1.000000,66.000000,0.000000,1.000000,5984.000000,40.000000,39.267578
6000.000000,1.000000,66.000000,0.000000,1.000000,5984.000000,40.000000,39.267578
6000.000000,1.000000,66.000000,0.000000,1.000000,5984.000000,40.000000,39.267578
6000.000000,1.000000,66.000000,0.000000,1.000000,5984.000000,40.000000,39.267578
6000.000000,1.000000,66.000000,0.000000,1.000000,5984.000000,40.000000,39.267578
6000.000000,1.000000,66.000000,0.000000,1.000000,5984.000000,40.000000,39.267578
6000.000000,1.000000,66.000000,0.000000,1.000000,5984.000000,40.000000,39.267578
6000.000000,1.000000,66.000000,0.000000,1.000000,5984.000000,40.000000,39.267578
6000.000000,1.000000,66.000000,0.000000,1.000000,5984.000000,40.000000,39.267578
6000.000000,1.000000,66.000000,0.000000,1.000000,5984.000000,40.000000,39.267578
6000.000000,1.000000,66.000000,0.000000,1.000000,5984.000000,40.000000,39.267578
6000.000000,1.000000,66.000000,0.000000,1.000000,5984.000000,40.000000,39.267578
6000.000000,1.000000,66.000000,0.000000,1.000000,5984.000000,40.000000,39.267578
6000.000000,1.000000,66.000000,0.000000,1.000000,5984.000000,40.000000,39.267578
6000.000000,1.000000,66.000000,0.000000,1.000000,5984.000000,40.000000,39.267578
6000.000000,1.000000,66.000000,0.000000,1.000000,5984.000000,40.000000,39.267578
6000.000000,1.000000,66.000000,0.000000,1.000000,5984.000000,40.000000,39.267578
6000.000000,1.000000,66.000000,0.000000,1.000000,5984.000000,40.000000,39.267578
6000.000000,1.000000,66.000000,0.000000,1.000000,5984.000000,40.000000,39.267578
6000.000000,1.000000,66.000000,0.000000,1.000000,5984.000000,40.000000,39.267578
6000.000000,1.000000,66.000000,0.000000,1.000000,5984.000000,40.000000,39.267578
6000.000000,1.000000,66.000000,0.000000,1.000000,5984.000000,40.000000,39.267578
6000.000000,1.000000,66.000000,0.000000,1.000000,5984.000000,40.000000,39.267578
6000.000000,1.000000,66.000000,0.000000,1.000000,5984.000000,40.000000,39.267578
6000.000000,1.000000,66.000000,0.000000,1.000000,5984.000000,40.000000,39.267578
6000.000000,1.000000,66.000000,0.000000,1.000000,5984.000000,40.000000,39.267578
6000.000000,1.000000,66.000000,0.000000,1.000000,5984.000000,40.000000,39.267578
6000.000000,1.000000,66.000000,0.000000,1.000000,5984.000000,40.000000,39.267578
6000.000000,1.000000,66.000000,0.000000,1.000000,5984.000000,40.000000,39.267578
6000.000000,1.000000,66.000000,0.000000,1.000000,5984.000000,40.000000,39.267578
6000.000000,1.000000,66.000000,0.000000,1.000000,5984.000000,40.000000,39.267578
6000.000000,1.000000,66.000000,0.000000,1.000000,5984.000000,40.000000,39.267578
6000.000000,1.000000,66.000000,0.000000,1.000000,5984.000000,40.000000,39.267578
6000.000000,1.000000,66.000000,0.000000,1.000000,5984.000000,40.000000,39.267578
6000.000000,1.000000,66.000000,0.000000,1.000000,5984.000000,40.000000,39.267578
6000.000000,1.000000,66.000000,0.000000,1.000000,5984.000000,40.000000,39.267578
6000.000000,1.000000,66.000000,0.000000,1.000000,5984.000000,40.000000,39.267578
6000.000000,1.000000,66.000000,0.000000,1.000000,5984.000000,40.000000,39.267578
6000.000000,1.000000,66.000000,0.000000,1.000000,5984.000000,40.000000,39.267578
6000.000000,1.000000,66.000000,0.000000,1.000000,5984.000000,40.000000,39.267578
6000.000000,1.000000,66.000000,0.000000,1.000000,5984.000000,40.000000,39.267578
6000.000000,1.000000,66.000000,0.000000,1.000000,5984.000000,40.000000,39.267578
6000.000000,1.000000,66.000000,0.000000,1.000000,5984.000000,40.000000,39.267578
6000.000000,1.000000,66.000000,0.000000,1.000000,5984.000000,40.000000,39.267578
6000.000000,1.000000,66.000000,0.000000,1.000000,5984.000000,40.000000,39.267578
6000.000000,1.000000,66.000000,0.000000,1.000000,5984.000000,40.000000,39.267578
6000.000000,1.000000,66.000000,0.000000,1.000000,5984.000000,40.000000,39.267578
6000.000000,1.000000,66.000000,0.000000,1.000000,5984.000000,40.000000,39.267578
6000.000000,1.000000,66.000000,0.000000,1.000000,5984.000000,40.000000,39.267578
6000.000000,1.000000,66.000000,0.000000,1.000000,5984.000000,40.000000,39.267578
6000.000000,1.000000,66.000000,0.000000,1.000000,5984.000000,40.000000,39.267578
6000.000000,1.000000,66.000000,0.000000,1.000000,5984.000000,40.000000,39.267578
6000.000000,1.000000,66.000000,0.000000,1.000000,5984.000000,40.000000,39.267578
6000.000000,1.000000,66.000000,0.000000,1.000000,5984.000000,40.000000,39.267578
6000.000000,1.000000,66.000000,0.000000,1.000000,5984.000000,40.000000,39.267578
6000.000000,1.000000,66.000000,0.000000,1.000000,5984.000000,40.000000,39.267578
6000.000000,1.000000,66.000000,0.000000,1.000000,5984.000000,40.000000,39.267578
6000.000000,1.000000,66.000000,0.000000,1.000000,5984.000000,40.000000,39.267578
6000.000000,1.000000,66.000000,0.000000,1.000000,5984.000000,40.000000,39.267578
6000.000000,1.000000,66.000000,0.000000,1.000000,5984.000000,40.000000,39.267578
6000.000000,1.000000,66.000000,0.000000,1.000000,5984.000000,40.000000,39.267578
6000.000000,1.000000,66.000000,0.000000,1.000000,5984.000000,40.000000,39.267578
6000.000000,1.000000,66.000000,0.000000,1.000000,5984.000000,40.000000,39.267578
6000.000000,1.000000,66.000000,0.000000,1.000000,5984.000000,40.000000,39.267578
6000.000000,1.000000,66.000000,0.000000,1.000000,5984.000000,40.000000,39.267578
6000.000000,1.000000,66.000000,0.000000,1.000000,5984.000000,40.000000,39.267578
6000.000000,1.000000,66.000000,0.000000,1.000000,5984.000000,40.000000,39.267578
6000.000000,1.000000,66.000000,0.000000,1.000000,5984.000000,40.000000,39.267578
6000.000000,1.000000,66.000000,0.000000,1.000000,5984.000000,40.000000,39.267578
6000.000000,1.000000,66.000000,0.000000,1.000000,5984.000000,40.000000,39.267578
6000.000000,1.000000,66.000000,0.000000,1.000000,5984.000000,40.000000,39.267578
6000.000000,1.000000,66.000000,0.000000,1.000000,5984.000000,40.000000,39.267578
6000.000000,1.000000,66.000000,0.000000,1.000000,5984.000000,40.000000,39.267578
6000.000000,1.000000,66.000000,0.000000,1.000000,5984.000000,40.000000,39.267578
6000.000000,1.000000,66.000000,0.000000,1.000000,5984.000000,40.000000,39.267578
6000.000000,1.000000,66.000000,0.000000,1.000000,5984.000000,40.000000,39.267578
6000.000000,1.000000,66.000000,0.000000,1.000000,5984.000000,40.000000,39.267578
6000.000000,1.000000,66.000000,0.000000,1.000000,5984.000000,40.000000,39.267578
6000.000000,1.000000,66.000000,0.000000,1.000000,5984.000000,40.000000,39.267578
6000.000000,1.000000,66.000000,0.000000,1.000000,5984.000000,40.000000,39.267578
6000.000000,1.000000,66.000000,0.000000,1.000000,5984.000000,40.000000,39.267578
6000.000000,1.000000,66.000000,0.000000,1.000000,5984.000000,40.000000,39.267578
6000.000000,1.000000,66.000000,0.000000,1.000000,5984.000000,40.000000,39.267578
6000.000000,1.000000,66.000000,0.000000,1.000000,5984.000000,40.000000,39.267578
6000.000000,1.000000,66.000000,0.000000,1.000000,5984.000000,40.000000,39.267578
6000.000000,1.000000,66.000000,0.000000,1.000000,5984.000000,40.000000,39.267578
6000.000000,1.000000,66.000000,0.000000,1.000000,5984.000000,40.000000,39.267578
6000.000000,1.000000,66.000000,0.000000,1.000000,5984.000000,40.000000,39.267578
6000.000000,1.000000,66.000000,0.000000,1.000000,5984.000000,40.000000,39.267578
6000.000000,1.000000,66.000000,0.000000,1.000000,5984.000000,40.000000,39.267578
6000.000000,1.000000,66.000000,0.000000,1.000000,5984.000000,40.000000,39.267578
6000.000000,1.000000,66.000000,0.000000,1.000000,5984.000000,40.000000,39.267578
6000.000000,1.000000,66.000000,0.000000,1.000000,5984.000000,40.000000,39.267578
6000.000000,1.000000,66.000000,0.000000,1.000000,5984.000000,40.000000,39.267578
6000.000000,1.000000,66.000000,0.000000,1.000000,5984.000000,40.000000,39.267578
6000.000000,1.000000,66.000000,0.000000,1.000000,5984.000000,40.000000,39.267578
6000.000000,1.000000,66.000000,0.000000,1.000000,5984.000000,40.000000,39.267578
6000.000000,1.000000,66.000000,0.000000,1.000000,5984.000000,40.000000,39.267578
6000.000000,1.000000,66.000000,0.000000,1.000000,5984.000000,40.000000,39.267578
6000.000000,1.000000,66.000000,0.000000,1.000000,5984.000000,40.000000,39.267578
6000.000000,1.000000,66.000000,0.000000,1.000000,5984.000000,40.000000,39.267578
6000.000000,1.000000,66.000000,0.000000,1.000000,5984.000000,40.000000,39.267578
6000.000000,1.000000,66.000000,0.000000,1.000000,5984.000000,40.000000,39.267578
6000.000000,1.000000,66.000000,0.000000,1.000000,5984.000000,40.000000,39.267578
6000.000000,1.000000,66.000000,0.000000,1.000000,5984.000000,40.000000,39.267578
6000.000000,1.000000,66.000000,0.000000,1.000000,5984.000000,40.000000,39.267578
6000.000000,1.000000,66.000000,0.000000,1.000000,5984.000000,40.000000,39.267578
6000.000000,1.000000,66.000000,0.000000,1.000000,5984.000000,40.000000,39.267578
6000.000000,1.000000,66.000000,0.000000,1.000000,5984.000000,40.000000,39.267578
6000.000000,1.000000,66.000000,0.000000,1.000000,5984.000000,40.000000,39.267578
6000.000000,1.000000,66.000000,0.000000,1.000000,5984.000000,40.000000,39.267578
6000.000000,1.000000,66.000000,0.000000,1.000000,5984.000000,40.000000,39.267578
6000.000000,1.000000,66.000000,0.000000,1.000000,5984.000000,40.000000,39.267578
6000.000000,1.000000,66.000000,0.000000,1.000000,5984.000000,40.000000,39.267578
6000.000000,1.000000,66.000000,0.000000,1.000000,5984.000000,40.000000,39.267578
6000.000000,1.000000,66.000000,0.000000,1.000000,5984.000000,40.000000,39.267578
6000.000000,1.000000,66.000000,0.000000,1.000000,5984.000000,40.000000,39.267578
6000.000000,1.000000,66.000000,0.000000,1.000000,5984.000000,40.000000,39.267578
6000.000000,1.000000,66.000000,0.000000,1.000000,5984.000000,40.000000,39.267578
6000.000000,1.000000,66.000000,0.000000,1.000000,5984.000000,40.000000,39.267578
6000.000000,1.000000,66.000000,0.000000,1.000000,5984.000000,40.000000,39.267578
6000.000000,1.000000,66.000000,0.000000,1.000000,5984.000000,40.000000,39.267578
6000.000000,1.000000,66.000000,0.000000,1.000000,5984.000000,40.000000,39.267578
6000.000000,1.000000,66.000000,0.000000,1.000000,5984.000000,40.000000,39.267578
6000.000000,1.000000,66.000000,0.000000,1.000000,5984.000000,40.000000,39.267578
6000.000000,1.000000,66.000000,0.000000,1.000000,5984.000000,40.000000,39.267578
6000.000000,1.000000,66.000000,0.000000,1.000000,5984.000000,40.000000,39.267578
6000.000000,1.000000,66.000000,0.000000,1.000000,5984.000000,40.000000,39.267578
6000.000000,1.000000,66.000000,0.000000,1.000000,5984.000000,40.000000,39.267578
6000.000000,1.000000,66.000000,0.000000,1.000000,5984.000000,40.000000,39.267578
6000.000000,1.000000,66.000000,0.000000,1.000000,5984.000000,40.000000,39.267578
6000.000000,1.000000,66.000000,0.000000,1.000000,5984.000000,40.000000,39.267578
6000.000000,1.000000,66.000000,0.000000,1.000000,5984.000000,40.000000,39.267578
6000.000000,1.000000,66.000000,0.000000,1.000000,5984.000000,40.000000,39.267578
6000.000000,1.000000,66.000000,0.000000,1.000000,5984.000000,40.000000,39.267578
6000.000000,1.000000,66.000000,0.000000,1.000000,5984.000000,40.000000,39.267578
6000.000000,1.000000,66.000000,0.000000,1.000000,5984.000000,40.000000,39.267578
6000.000000,1.000000,66.000000,0.000000,1.000000,5984.000000,40.000000,39.267578
6000.000000,1.000000,66.000000,0.000000,1.000000,5984.000000,40.000000,39.267578
6000.000000,1.000000,66.000000,0.000000,1.000000,5984.000000,40.000000,39.267578
6000.000000,1.000000,66.000000,0.000000,1.000000,5984.000000,40.000000,39.267578
6000.000000,1.000000,66.000000,0.000000,1.000000,5984.000000,40.000000,39.267578
6000.000000,1.000000,66.000000,0.000000,1.000000,5984.000000,40.000000,39.267578
6000.000000,1.000000,66.000000,0.000000,1.000000,5984.000000,40.000000,39.267578
6000.000000,1.000000,66.000000,0.000000,1.000000,5984.000000,40.000000,39.267578
6000.000000,1.000000,66.000000,0.000000,1.000000,5984.000000,40.000000,39.267578
6000.000000,1.000000,66.000000,0.000000,1.000000,5984.000000,40.000000,39.267578
6000.000000,1.000000,66.000000,0.000000,1.000000,5984.000000,40.000000,39.267578
6000.000000,1.000000,66.000000,0.000000,1.000000,5984.000000,40.000000,39.267578
6000.000000,1.000000,66.000000,0.000000,1.000000,5984.000000,40.000000,39.267578
6000.000000,1.000000,66.000000,0.000000,1.000000,5984.000000,40.000000,39.267578
6000.000000,1.000000,66.000000,0.000000,1.000000,5984.000000,40.000000,39.267578
6000.000000,1.000000,66.000000,0.000000,1.000000,5984.000000,40.000000,39.267578
6000.000000,1.000000,66.000000,0.000000,1.000000,5984.000000,40.000000,39.267578
6000.000000,1.000000,66.000000,0.000000,1.000000,5984.000000,40.000000,39.267578
6000.000000,1.000000,66.000000,0.000000,1.000000,5984.000000,40.000000,39.267578
6000.000000,1.000000,66.000000,0.000000,1.000000,5984.000000,40.000000,39.267578
6000.000000,1.000000,66.000000,0.000000,1.000000,5984.000000,40.000000,39.267578
6000.000000,1.000000,66.000000,0.000000,1.000000,5984.000000,40.000000,39.267578
6000.000000,1.000000,66.000000,0.000000,1.000000,5984.000000,40.000000,39.267578
6000.000000,1.000000,66.000000,0.000000,1.000000,5984.000000,40.000000,39.267578
6000.000000,1.000000,66.000000,0.000000,1.000000,5984.000000,40.000000,39.267578
6000.000000,1.000000,66.000000,0.000000,1.000000,5984.000000,40.000000,39.267578
6000.000000,1.000000,66.000000,0.000000,1.000000,5984.000000,40.000000,39.267578
6000.000000,1.000000,66.000000,0.000000,1.000000,5984.000000,40.000000,39.267578
6000.000000,1.000000,66.000000,0.000000,1.000000,5984.000000,40.000000,39.267578
6000.000000,1.000000,66.000000,0.000000,1.000000,5984.000000,40.000000,39.267578
6000.000000,1.000000,66.000000,0.000000,1.000000,5984.000000,40.000000,39.267578
6000.000000,1.000000,66.000000,0.000000,1.000000,5984.000000,40.000000,39.267578
6000.000000,1.000000,66.000000,0.000000,1.000000,5984.000000,40.000000,39.267578
6000.000000,1.000000,66.000000,0.000000,1.000000,5984.000000,40.000000,39.267578
6000.000000,1.000000,66.000000,0.000000,1.000000,5984.000000,40.000000,39.267578
6000.000000,1.000000,66.000000,0.000000,1.000000,5984.000000,40.000000,39.267578
6000.000000,1.000000,66.000000,0.000000,1.000000,5984.000000,40.000000,39.267578
6000.000000,1.000000,66.000000,0.000000,1.000000,5984.000000,40.000000,39.267578
6000.000000,1.000000,66.000000,0.000000,1.000000,5984.000000,40.000000,39.267578
6000.000000,1.000000,66.000000,0.000000,1.000000,5984.000000,40.000000,39.267578
6000.000000,1.000000,66.000000,0.000000,1.000000,5984.000000,40.000000,39.267578
6000.000000,1.000000,66.000000,0.000000,1.000000,5984.000000,40.000000,39.267578
6000.000000,1.000000,66.000000,0.000000,1.000000,5984.000000,40.000000,39.267578
6000.000000,1.000000,66.000000,0.000000,1.000000,5984.000000,40.000000,39.267578
6000.000000,1.000000,66.000000,0.000000,1.000000,5984.000000,40.000000,39.267578
6000.000000,1.000000,66.000000,0.000000,1.000000,5984.000000,40.000000,39.267578
6000.000000,1.000000,66.000000,0.000000,1.000000,5984.000000,40.000000,39.267578
6000.000000,1.000000,66.000000,0.000000,1.000000,5984.000000,40.000000,39.267578
6000.000000,1.000000,66.000000,0.000000,1.000000,5984.000000,40.000000,39.267578
6000.000000,1.000000,66.000000,0.000000,1.000000,5984.000000,40.000000,39.267578
6000.000000,1.000000,66.000000,0.000000,1.000000,5984.000000,40.000000,39.267578
6000.000000,1.000000,66.000000,0.000000,1.000000,5984.000000,40.000000,39.267578
6000.000000,1.000000,66.000000,0.000000,1.000000,5984.000000,40.000000,39.267578
6000.000000,1.000000,66.000000,0.000000,1.000000,5984.000000,40.000000,39.267578
6000.000000,1.000000,66.000000,0.000000,1.000000,5984.000000,40.000000,39.267578
6000.000000,1.000000,66.000000,0.000000,1.000000,5984.000000,40.000000,39.267578
6000.000000,1.000000,66.000000,0.000000,1.000000,5984.000000,40.000000,39.267578
6000.000000,1.000000,66.000000,0.000000,1.000000,5984.000000,40.000000,39.267578
6000.000000,1.000000,66.000000,0.000000,1.000000,5984.000000,40.000000,39.267578
6000.000000,1.000000,66.000000,0.000000,1.000000,5984.000000,40.000000,39.267578
6000.000000,1.000000,66.000000,0.000000,1.000000,5984.000000,40.000000,39.267578
6000.000000,1.000000,66.000000,0.000000,1.000000,5984.000000,40.000000,39.267578
6000.000000,1.000000,66.000000,0.000000,1.000000,5984.000000,40.000000,39.267578
6000.000000,1.000000,66.000000,0.000000,1.000000,5984.000000,40.000000,39.267578
6000.000000,1.000000,66.000000,0.000000,1.000000,5984.000000,40.000000,39.267578
6000.000000,1.000000,66.000000,0.000000,1.000000,5984.000000,40.000000,39.267578
6000.000000,1.000000,66.000000,0.000000,1.000000,5984.000000,40.000000,39.267578
6000.000000,1.000000,66.000000,0.000000,1.000000,5984.000000,40.000000,39.267578
6000.000000,1.000000,66.000000,1.000000,0.000000,175.000000,0.000000,0.000000
6000.000000,1.000000,66.000000,1.000000,0.000000,1690.000000,0.000000,0.000000
6000.000000,1.000000,66.000000,1.000000,0.000000,3440.000000,0.000000,0.000000
6000.000000,1.000000,66.000000,1.000000,0.000000,5082.000000,0.000000,0.000000
6000.000000,1.000000,66.000000,1.000000,0.000000,5804.000000,0.000000,0.000000
6000.000000,1.000000,66.000000,1.000000,0.000000,5980.000000,0.000000,0.000000
6000.000000,1.000000,66.000000,1.000000,0.000000,6058.000000,0.000000,0.000000
6000.000000,1.000000,66.000000,1.000000,0.000000,6035.000000,0.000000,0.000000
6000.000000,1.000000,66.000000,1.000000,0.000000,6033.000000,0.000000,0.000000
6000.000000,1.000000,66.000000,1.000000,0.000000,6033.000000,0.000000,0.000000
6000.000000,1.000000,66.000000,1.000000,0.000000,6028.000000,0.000000,0.000000
6000.000000,1.000000,66.000000,1.000000,0.000000,6022.000000,0.000000,0.000000
6000.000000,1.000000,66.000000,1.000000,0.000000,6016.000000,0.000000,0.000000
6000.000000,1.000000,66.000000,1.000000,0.000000,6010.000000,0.000000,0.000000
6000.000000,1.000000,66.000000,1.000000,0.000000,6010.000000,0.000000,0.000000
6000.000000,1.000000,66.000000,1.000000,0.000000,6007.000000,0.000000,0.000000
6000.000000,1.000000,66.000000,1.000000,0.000000,6010.000000,0.000000,0.000000
6000.000000,1.000000,66.000000,1.000000,0.000000,6016.000000,0.000000,0.000000
6000.000000,1.000000,66.000000,1.000000,0.000000,6016.000000,0.000000,0.000000
6000.000000,1.000000,66.000000,1.000000,0.000000,6018.000000,0.000000,0.000000
6000.000000,1.000000,66.000000,1.000000,0.000000,6020.000000,0.000000,0.000000
6000.000000,1.000000,66.000000,1.000000,0.000000,6030.000000,0.000000,0.000000
6000.000000,1.000000,66.000000,1.000000,0.000000,6026.000000,0.000000,0.000000
6000.000000,1.000000,66.000000,1.000000,0.000000,6022.000000,0.000000,0.000000
6000.000000,1.000000,66.000000,1.000000,0.000000,6022.000000,0.000000,0.000000
6000.000000,1.000000,66.000000,1.000000,0.000000,6022.000000,0.000000,-0.003662
6000.000000,1.000000,66.000000,1.000000,0.000000,6022.000000,0.000000,-0.003662
6000.000000,1.000000,66.000000,1.000000,0.000000,6020.000000,0.000000,-0.002441
6000.000000,1.000000,66.000000,1.000000,0.000000,6024.000000,40.000000,-0.002441
6000.000000,1.000000,66.000000,1.000000,0.000000,6024.000000,40.000000,2.916260
6000.000000,1.000000,66.000000,1.000000,0.000000,6028.000000,40.000000,6.684570
6000.000000,1.000000,66.000000,1.000000,0.000000,6028.000000,40.000000,10.711670
6000.000000,1.000000,66.000000,1.000000,0.000000,6010.000000,40.000000,14.692383
6000.000000,1.000000,66.000000,1.000000,0.000000,6007.000000,40.000000,18.465576
6000.000000,1.000000,66.000000,1.000000,0.000000,6028.000000,40.000000,21.947021
6000.000000,1.000000,66.000000,1.000000,0.000000,6020.000000,40.000000,25.793457
6000.000000,1.000000,66.000000,1.000000,0.000000,5995.000000,40.000000,29.667969
6000.000000,1.000000,66.000000,1.000000,0.000000,5993.000000,40.000000,33.306885
6000.000000,1.000000,66.000000,1.000000,0.000000,5917.000000,0.000000,0.000000
6000.000000,1.000000,66.000000,1.000000,0.000000,5986.000000,0.000000,0.000000
6000.000000,1.000000,66.000000,1.000000,0.000000,6014.000000,0.000000,0.000000
6000.000000,1.000000,66.000000,1.000000,0.000000,6033.000000,0.000000,0.000000
6000.000000,1.000000,66.000000,1.000000,0.000000,6041.000000,0.000000,0.000000
6000.000000,1.000000,66.000000,1.000000,0.000000,6045.000000,0.000000,0.000000
6000.000000,1.000000,66.000000,1.000000,0.000000,6049.000000,0.000000,-0.003662
6000.000000,1.000000,66.000000,1.000000,0.000000,6060.000000,0.000000,-0.004883
6000.000000,1.000000,66.000000,1.000000,0.000000,6041.000000,0.000000,-0.006104
6000.000000,1.000000,66.000000,1.000000,0.000000,6056.000000,40.000000,0.334473
6000.000000,1.000000,66.000000,1.000000,0.000000,6033.000000,40.000000,4.284668
6000.000000,1.000000,66.000000,1.000000,0.000000,6037.000000,40.000000,7.990723
6000.000000,1.000000,66.000000,1.000000,0.000000,6014.000000,40.000000,11.785889
6000.000000,1.000000,66.000000,1.000000,0.000000,6024.000000,40.000000,15.864258
6000.000000,1.000000,66.000000,1.000000,0.000000,6018.000000,40.000000,19.865723
6000.000000,1.000000,66.000000,1.000000,0.000000,6018.000000,40.000000,23.531494
6000.000000,1.000000,66.000000,1.000000,0.000000,6012.000000,40.000000,27.210693
6000.000000,1.000000,66.000000,1.000000,0.000000,6010.000000,40.000000,31.134033
6000.000000,1.000000,66.000000,1.000000,0.000000,6005.000000,40.000000,35.025635
6000.000000,1.000000,66.000000,1.000000,0.000000,5997.000000,0.000000,0.000000
6000.000000,1.000000,66.000000,1.000000,0.000000,5961.000000,0.000000,0.000000
6000.000000,1.000000,66.000000,1.000000,0.000000,5982.000000,0.000000,0.000000
6000.000000,1.000000,66.000000,1.000000,0.000000,5966.000000,0.000000,0.000000
6000.000000,1.000000,66.000000,1.000000,0.000000,5938.000000,0.000000,0.000000
6000.000000,1.000000,66.000000,1.000000,0.000000,5932.000000,0.000000,0.000000
6000.000000,1.000000,66.000000,1.000000,0.000000,5959.000000,0.000000,0.000000
6000.000000,1.000000,66.000000,1.000000,0.000000,5997.000000,0.000000,0.000000
6000.000000,1.000000,66.000000,1.000000,0.000000,6005.000000,0.000000,0.000000
6000.000000,1.000000,66.000000,1.000000,0.000000,5986.000000,0.000000,0.000000
6000.000000,1.000000,66.000000,1.000000,0.000000,5974.000000,0.000000,0.000000
6000.000000,1.000000,66.000000,1.000000,0.000000,5972.000000,0.000000,0.000000
6000.000000,1.000000,66.000000,1.000000,0.000000,5936.000000,0.000000,0.000000
6000.000000,1.000000,66.000000,1.000000,0.000000,5963.000000,0.000000,0.000000
6000.000000,1.000000,66.000000,1.000000,0.000000,5999.000000,0.000000,0.000000
6000.000000,1.000000,66.000000,1.000000,0.000000,6018.000000,0.000000,0.000000
6000.000000,1.000000,66.000000,1.000000,0.000000,6024.000000,0.000000,0.000000
6000.000000,1.000000,66.000000,1.000000,0.000000,6016.000000,0.000000,0.000000
6000.000000,1.000000,66.000000,1.000000,0.000000,5997.000000,0.000000,0.000000
6000.000000,1.000000,66.000000,1.000000,0.000000,5984.000000,0.000000,0.000000
6000.000000,1.000000,66.000000,1.000000,0.000000,5991.000000,0.000000,0.000000
6000.000000,1.000000,66.000000,1.000000,0.000000,5995.000000,0.000000,0.000000
6000.000000,1.000000,66.000000,1.000000,0.000000,6001.000000,0.000000,0.000000
6000.000000,1.000000,66.000000,1.000000,0.000000,5999.000000,0.000000,0.000000
6000.000000,1.000000,66.000000,1.000000,0.000000,6007.000000,0.000000,0.000000
6000.000000,1.000000,66.000000,1.000000,0.000000,6005.000000,0.000000,0.000000
6000.000000,1.000000,66.000000,1.000000,0.000000,6007.000000,0.000000,-0.002441
6000.000000,1.000000,66.000000,1.000000,0.000000,6010.000000,0.000000,-0.003662
6000.000000,1.000000,66.000000,1.000000,0.000000,5980.000000,0.000000,-0.003662
6000.000000,1.000000,66.000000,1.000000,0.000000,5989.000000,0.000000,-0.003662
6000.000000,1.000000,66.000000,1.000000,0.000000,6018.000000,40.000000,1.229248
6000.000000,1.000000,66.000000,1.000000,0.000000,6007.000000,40.000000,3.864746
6000.000000,1.000000,66.000000,1.000000,0.000000,5976.000000,40.000000,5.386963
6000.000000,1.000000,66.000000,1.000000,0.000000,6043.000000,0.000000,0.000000
6000.000000,1.000000,66.000000,1.000000,0.000000,6047.000000,0.000000,0.000000
6000.000000,1.000000,66.000000,1.000000,0.000000,6074.000000,0.000000,0.000000
6000.000000,1.000000,66.000000,1.000000,0.000000,6068.000000,0.000000,0.000000
6000.000000,1.000000,66.000000,1.000000,0.000000,6033.000000,0.000000,0.000000
6000.000000,1.000000,66.000000,1.000000,0.000000,6028.000000,0.000000,0.000000
6000.000000,1.000000,66.000000,1.000000,0.000000,6018.000000,0.000000,0.000000
6000.000000,1.000000,66.000000,1.000000,0.000000,6041.000000,0.000000,0.000000
6000.000000,1.000000,66.000000,1.000000,0.000000,6033.000000,0.000000,0.000000
6000.000000,1.000000,66.000000,1.000000,0.000000,6018.000000,0.000000,0.000000
6000.000000,1.000000,66.000000,1.000000,0.000000,6001.000000,0.000000,0.000000
6000.000000,1.000000,66.000000,1.000000,0.000000,5991.000000,0.000000,0.000000
6000.000000,1.000000,66.000000,1.000000,0.000000,5986.000000,0.000000,0.000000
6000.000000,1.000000,66.000000,1.000000,0.000000,5991.000000,0.000000,0.000000
6000.000000,1.000000,66.000000,1.000000,0.000000,6012.000000,0.000000,0.000000
6000.000000,1.000000,66.000000,1.000000,0.000000,6024.000000,0.000000,0.000000
6000.000000,1.000000,66.000000,1.000000,0.000000,6024.000000,0.000000,0.000000
6000.000000,1.000000,66.000000,1.000000,0.000000,6018.000000,0.000000,0.000000
6000.000000,1.000000,66.000000,1.000000,0.000000,6010.000000,0.000000,0.000000
6000.000000,1.000000,66.000000,1.000000,0.000000,6003.000000,0.000000,0.000000
6000.000000,1.000000,66.000000,1.000000,0.000000,5989.000000,0.000000,0.000000
6000.000000,1.000000,66.000000,1.000000,0.000000,5980.000000,0.000000,0.000000
6000.000000,1.000000,66.000000,1.000000,0.000000,5991.000000,0.000000,0.000000
6000.000000,1.000000,66.000000,1.000000,0.000000,6005.000000,0.000000,0.000000
6000.000000,1.000000,66.000000,1.000000,0.000000,6024.000000,0.000000,0.000000
6000.000000,1.000000,66.000000,1.000000,0.000000,6035.000000,0.000000,0.000000
6000.000000,1.000000,66.000000,1.000000,0.000000,6041.000000,0.000000,0.000000
6000.000000,1.000000,66.000000,1.000000,0.000000,6033.000000,0.000000,0.000000
6000.000000,1.000000,66.000000,1.000000,0.000000,6020.000000,0.000000,0.000000
6000.000000,1.000000,66.000000,1.000000,0.000000,5984.000000,0.000000,0.000000
6000.000000,1.000000,66.000000,1.000000,0.000000,5993.000000,0.000000,0.000000
6000.000000,1.000000,66.000000,1.000000,0.000000,6003.000000,0.000000,0.000000
6000.000000,1.000000,66.000000,1.000000,0.000000,6014.000000,0.000000,0.001221
6000.000000,1.000000,66.000000,1.000000,0.000000,6018.000000,0.000000,0.001221
6000.000000,1.000000,66.000000,1.000000,0.000000,6020.000000,0.000000,0.000000
6000.000000,1.000000,66.000000,1.000000,0.000000,6018.000000,40.000000,1.011963
6000.000000,1.000000,66.000000,1.000000,0.000000,6016.000000,40.000000,5.139160
6000.000000,1.000000,66.000000,1.000000,0.000000,6007.000000,40.000000,8.896484
6000.000000,1.000000,66.000000,1.000000,0.000000,6007.000000,0.000000,0.000000
6000.000000,1.000000,66.000000,1.000000,0.000000,5970.000000,0.000000,0.000000
6000.000000,1.000000,66.000000,1.000000,0.000000,5951.000000,0.000000,0.000000
6000.000000,1.000000,66.000000,1.000000,0.000000,5947.000000,0.000000,0.000000
6000.000000,1.000000,66.000000,1.000000,0.000000,5947.000000,0.000000,0.000000
6000.000000,1.000000,66.000000,1.000000,0.000000,5951.000000,0.000000,0.000000
6000.000000,1.000000,66.000000,1.000000,0.000000,5959.000000,0.000000,0.000000
6000.000000,1.000000,66.000000,1.000000,0.000000,5972.000000,0.000000,0.000000
6000.000000,1.000000,66.000000,1.000000,0.000000,5982.000000,0.000000,0.000000
6000.000000,1.000000,66.000000,1.000000,0.000000,5995.000000,0.000000,0.000000
6000.000000,1.000000,66.000000,1.000000,0.000000,6001.000000,0.000000,0.000000
6000.000000,1.000000,66.000000,1.000000,0.000000,5980.000000,0.000000,-0.001221
6000.000000,1.000000,66.000000,1.000000,0.000000,5980.000000,0.000000,-0.001221
6000.000000,1.000000,66.000000,1.000000,0.000000,5980.000000,0.000000,-0.001221
6000.000000,1.000000,66.000000,1.000000,0.000000,6030.000000,40.000000,1.127930
6000.000000,1.000000,66.000000,1.000000,0.000000,6033.000000,40.000000,5.587158
6000.000000,1.000000,66.000000,1.000000,0.000000,6033.000000,40.000000,9.017334
6000.000000,1.000000,66.000000,1.000000,0.000000,6033.000000,40.000000,12.879639
6000.000000,1.000000,66.000000,1.000000,0.000000,6030.000000,40.000000,16.634521
6000.000000,1.000000,66.000000,1.000000,0.000000,6024.000000,40.000000,20.495605
6000.000000,1.000000,66.000000,1.000000,0.000000,5894.000000,40.000000,23.811035
6000.000000,1.000000,66.000000,1.000000,0.000000,5982.000000,40.000000,27.741699
6000.000000,1.000000,66.000000,1.000000,0.000000,5999.000000,40.000000,31.658936
6000.000000,1.000000,66.000000,1.000000,0.000000,6012.000000,40.000000,35.709229
6000.000000,1.000000,66.000000,1.000000,0.000000,6018.000000,40.000000,38.859863
6000.000000,1.000000,66.000000,0.000000,1.000000,6024.000000,40.000000,39.232178
6000.000000,1.000000,66.000000,0.000000,1.000000,6024.000000,40.000000,39.232178
6000.000000,1.000000,66.000000,0.000000,1.000000,6024.000000,40.000000,39.232178
6000.000000,1.000000,66.000000,0.000000,1.000000,6024.000000,40.000000,39.232178
6000.000000,1.000000,66.000000,0.000000,1.000000,6024.000000,40.000000,39.232178
6000.000000,1.000000,66.000000,0.000000,1.000000,6024.000000,40.000000,39.232178
6000.000000,1.000000,66.000000,0.000000,1.000000,6024.000000,40.000000,39.232178
6000.000000,1.000000,66.000000,0.000000,1.000000,6024.000000,40.000000,39.232178
6000.000000,1.000000,66.000000,0.000000,1.000000,6024.000000,40.000000,39.232178
6000.000000,1.000000,66.000000,0.000000,1.000000,6024.000000,40.000000,39.232178
6000.000000,1.000000,66.000000,0.000000,1.000000,6024.000000,40.000000,39.232178
6000.000000,1.000000,66.000000,0.000000,1.000000,6024.000000,40.000000,39.232178
6000.000000,1.000000,66.000000,0.000000,1.000000,6024.000000,40.000000,39.232178
6000.000000,1.000000,66.000000,0.000000,1.000000,6024.000000,40.000000,39.232178
6000.000000,1.000000,66.000000,0.000000,1.000000,6024.000000,40.000000,39.232178
6000.000000,1.000000,66.000000,0.000000,1.000000,6024.000000,40.000000,39.232178
6000.000000,1.000000,66.000000,0.000000,1.000000,6024.000000,40.000000,39.232178
6000.000000,1.000000,66.000000,0.000000,1.000000,6024.000000,40.000000,39.232178
6000.000000,1.000000,66.000000,0.000000,1.000000,6024.000000,40.000000,39.232178
6000.000000,1.000000,66.000000,0.000000,1.000000,6024.000000,40.000000,39.232178
6000.000000,1.000000,66.000000,0.000000,1.000000,6024.000000,40.000000,39.232178
6000.000000,1.000000,66.000000,0.000000,1.000000,6024.000000,40.000000,39.232178
6000.000000,1.000000,66.000000,0.000000,1.000000,6024.000000,40.000000,39.232178
6000.000000,1.000000,66.000000,0.000000,1.000000,6024.000000,40.000000,39.232178
6000.000000,1.000000,66.000000,0.000000,1.000000,6024.000000,40.000000,39.232178
6000.000000,1.000000,66.000000,0.000000,1.000000,6024.000000,40.000000,39.232178
6000.000000,1.000000,66.000000,0.000000,1.000000,6024.000000,40.000000,39.232178
6000.000000,1.000000,66.000000,0.000000,1.000000,6024.000000,40.000000,39.232178
6000.000000,1.000000,66.000000,0.000000,1.000000,6024.000000,40.000000,39.232178
6000.000000,1.000000,66.000000,0.000000,1.000000,6024.000000,40.000000,39.232178
6000.000000,1.000000,66.000000,0.000000,1.000000,6024.000000,40.000000,39.232178
6000.000000,1.000000,66.000000,0.000000,1.000000,6024.000000,40.000000,39.232178
6000.000000,1.000000,66.000000,0.000000,1.000000,6024.000000,40.000000,39.232178
6000.000000,1.000000,66.000000,0.000000,1.000000,6024.000000,40.000000,39.232178
6000.000000,1.000000,66.000000,0.000000,1.000000,6024.000000,40.000000,39.232178
6000.000000,1.000000,66.000000,0.000000,1.000000,6024.000000,40.000000,39.232178
6000.000000,1.000000,66.000000,0.000000,1.000000,6024.000000,40.000000,39.232178
6000.000000,1.000000,66.000000,0.000000,1.000000,6024.000000,40.000000,39.232178
6000.000000,1.000000,66.000000,0.000000,1.000000,6024.000000,40.000000,39.232178
6000.000000,1.000000,66.000000,0.000000,1.000000,6024.000000,40.000000,39.232178
6000.000000,1.000000,66.000000,0.000000,1.000000,6024.000000,40.000000,39.232178
6000.000000,1.000000,66.000000,0.000000,1.000000,6024.000000,40.000000,39.232178
6000.000000,1.000000,66.000000,0.000000,1.000000,6024.000000,40.000000,39.232178
6000.000000,1.000000,66.000000,0.000000,1.000000,6024.000000,40.000000,39.232178
6000.000000,1.000000,66.000000,0.000000,1.000000,6024.000000,40.000000,39.232178
6000.000000,1.000000,66.000000,0.000000,1.000000,6024.000000,40.000000,39.232178
6000.000000,1.000000,66.000000,0.000000,1.000000,6024.000000,40.000000,39.232178
6000.000000,1.000000,66.000000,0.000000,1.000000,6024.000000,40.000000,39.232178
6000.000000,1.000000,66.000000,0.000000,1.000000,6024.000000,40.000000,39.232178
6000.000000,1.000000,66.000000,0.000000,1.000000,6024.000000,40.000000,39.232178
6000.000000,1.000000,66.000000,0.000000,1.000000,6024.000000,40.000000,39.232178
6000.000000,1.000000,66.000000,0.000000,1.000000,6024.000000,40.000000,39.232178
6000.000000,1.000000,66.000000,0.000000,1.000000,6024.000000,40.000000,39.232178
6000.000000,1.000000,66.000000,0.000000,1.000000,6024.000000,40.000000,39.232178
6000.000000,1.000000,66.000000,0.000000,1.000000,6024.000000,40.000000,39.232178
6000.000000,1.000000,66.000000,0.000000,1.000000,6024.000000,40.000000,39.232178
6000.000000,1.000000,66.000000,0.000000,1.000000,6024.000000,40.000000,39.232178
6000.000000,1.000000,66.000000,0.000000,1.000000,6024.000000,40.000000,39.232178
6000.000000,1.000000,66.000000,0.000000,1.000000,6024.000000,40.000000,39.232178
6000.000000,1.000000,66.000000,0.000000,1.000000,6024.000000,40.000000,39.232178
6000.000000,1.000000,66.000000,0.000000,1.000000,6024.000000,40.000000,39.232178
6000.000000,1.000000,66.000000,0.000000,1.000000,6024.000000,40.000000,39.232178
6000.000000,1.000000,66.000000,0.000000,1.000000,6024.000000,40.000000,39.232178
6000.000000,1.000000,66.000000,0.000000,1.000000,6024.000000,40.000000,39.232178
6000.000000,1.000000,66.000000,0.000000,1.000000,6024.000000,40.000000,39.232178
6000.000000,1.000000,66.000000,0.000000,1.000000,6024.000000,40.000000,39.232178
6000.000000,1.000000,66.000000,0.000000,1.000000,6024.000000,40.000000,39.232178
6000.000000,1.000000,66.000000,0.000000,1.000000,6024.000000,40.000000,39.232178
6000.000000,1.000000,66.000000,0.000000,1.000000,6024.000000,40.000000,39.232178
6000.000000,1.000000,66.000000,0.000000,1.000000,6024.000000,40.000000,39.232178
6000.000000,1.000000,66.000000,0.000000,1.000000,6024.000000,40.000000,39.232178
6000.000000,1.000000,66.000000,0.000000,1.000000,6024.000000,40.000000,39.232178
6000.000000,1.000000,66.000000,0.000000,1.000000,6024.000000,40.000000,39.232178
6000.000000,1.000000,66.000000,0.000000,1.000000,6024.000000,40.000000,39.232178
6000.000000,1.000000,66.000000,0.000000,1.000000,6024.000000,40.000000,39.232178
6000.000000,1.000000,66.000000,0.000000,1.000000,6024.000000,40.000000,39.232178
6000.000000,1.000000,66.000000,0.000000,1.000000,6024.000000,40.000000,39.232178
6000.000000,1.000000,66.000000,0.000000,1.000000,6024.000000,40.000000,39.232178
6000.000000,1.000000,66.000000,0.000000,1.000000,6024.000000,40.000000,39.232178
6000.000000,1.000000,66.000000,0.000000,1.000000,6024.000000,40.000000,39.232178
6000.000000,1.000000,66.000000,0.000000,1.000000,6024.000000,40.000000,39.232178
6000.000000,1.000000,66.000000,0.000000,1.000000,6024.000000,40.000000,39.232178
6000.000000,1.000000,66.000000,0.000000,1.000000,6024.000000,40.000000,39.232178
6000.000000,1.000000,66.000000,0.000000,1.000000,6024.000000,40.000000,39.232178
6000.000000,1.000000,66.000000,0.000000,1.000000,6024.000000,40.000000,39.232178
6000.000000,1.000000,66.000000,0.000000,1.000000,6024.000000,40.000000,39.232178
6000.000000,1.000000,66.000000,0.000000,1.000000,6024.000000,40.000000,39.232178
6000.000000,1.000000,66.000000,0.000000,1.000000,6024.000000,40.000000,39.232178
6000.000000,1.000000,66.000000,0.000000,1.000000,6024.000000,40.000000,39.232178
6000.000000,1.000000,66.000000,0.000000,1.000000,6024.000000,40.000000,39.232178
6000.000000,1.000000,66.000000,0.000000,1.000000,6024.000000,40.000000,39.232178
6000.000000,1.000000,66.000000,0.000000,1.000000,6024.000000,40.000000,39.232178
6000.000000,1.000000,66.000000,0.000000,1.000000,6024.000000,40.000000,39.232178
6000.000000,1.000000,66.000000,0.000000,1.000000,6024.000000,40.000000,39.232178
6000.000000,1.000000,66.000000,0.000000,1.000000,6024.000000,40.000000,39.232178
6000.000000,1.000000,66.000000,0.000000,1.000000,6024.000000,40.000000,39.232178
6000.000000,1.000000,66.000000,0.000000,1.000000,6024.000000,40.000000,39.232178
6000.000000,1.000000,66.000000,0.000000,1.000000,6024.000000,40.000000,39.232178
6000.000000,1.000000,66.000000,0.000000,1.000000,6024.000000,40.000000,39.232178
6000.000000,1.000000,66.000000,0.000000,1.000000,6024.000000,40.000000,39.232178
6000.000000,1.000000,66.000000,0.000000,1.000000,6024.000000,40.000000,39.232178
6000.000000,1.000000,66.000000,0.000000,1.000000,6024.000000,40.000000,39.232178
6000.000000,1.000000,66.000000,0.000000,1.000000,6024.000000,40.000000,39.232178
6000.000000,1.000000,66.000000,0.000000,1.000000,6024.000000,40.000000,39.232178
6000.000000,1.000000,66.000000,0.000000,1.000000,6024.000000,40.000000,39.232178
6000.000000,1.000000,66.000000,0.000000,1.000000,6024.000000,40.000000,39.232178
6000.000000,1.000000,66.000000,0.000000,1.000000,6024.000000,40.000000,39.232178
6000.000000,1.000000,66.000000,0.000000,1.000000,6024.000000,40.000000,39.232178
6000.000000,1.000000,66.000000,0.000000,1.000000,6024.000000,40.000000,39.232178
6000.000000,1.000000,66.000000,0.000000,1.000000,6024.000000,40.000000,39.232178
6000.000000,1.000000,66.000000,0.000000,1.000000,6024.000000,40.000000,39.232178
6000.000000,1.000000,66.000000,0.000000,1.000000,6024.000000,40.000000,39.232178
6000.000000,1.000000,66.000000,0.000000,1.000000,6024.000000,40.000000,39.232178
6000.000000,1.000000,66.000000,0.000000,1.000000,6024.000000,40.000000,39.232178
6000.000000,1.000000,66.000000,0.000000,1.000000,6024.000000,40.000000,39.232178
6000.000000,1.000000,66.000000,0.000000,1.000000,6024.000000,40.000000,39.232178
6000.000000,1.000000,66.000000,0.000000,1.000000,6024.000000,40.000000,39.232178
6000.000000,1.000000,66.000000,0.000000,1.000000,6024.000000,40.000000,39.232178
6000.000000,1.000000,66.000000,0.000000,1.000000,6024.000000,40.000000,39.232178
6000.000000,1.000000,66.000000,0.000000,1.000000,6024.000000,40.000000,39.232178
6000.000000,1.000000,66.000000,0.000000,1.000000,6024.000000,40.000000,39.232178
6000.000000,1.000000,66.000000,0.000000,1.000000,6024.000000,40.000000,39.232178
6000.000000,1.000000,66.000000,0.000000,1.000000,6024.000000,40.000000,39.232178
6000.000000,1.000000,66.000000,0.000000,1.000000,6024.000000,40.000000,39.232178
6000.000000,1.000000,66.000000,0.000000,1.000000,6024.000000,40.000000,39.232178
6000.000000,1.000000,66.000000,0.000000,1.000000,6024.000000,40.000000,39.232178
6000.000000,1.000000,66.000000,0.000000,1.000000,6024.000000,40.000000,39.232178
6000.000000,1.000000,66.000000,0.000000,1.000000,6024.000000,40.000000,39.232178
6000.000000,1.000000,66.000000,0.000000,1.000000,6024.000000,40.000000,39.232178
6000.000000,1.000000,66.000000,0.000000,1.000000,6024.000000,40.000000,39.232178
6000.000000,1.000000,66.000000,0.000000,1.000000,6024.000000,40.000000,39.232178
6000.000000,1.000000,66.000000,0.000000,1.000000,6024.000000,40.000000,39.232178
6000.000000,1.000000,66.000000,0.000000,1.000000,6024.000000,40.000000,39.232178
6000.000000,1.000000,66.000000,0.000000,1.000000,6024.000000,40.000000,39.232178
6000.000000,1.000000,66.000000,0.000000,1.000000,6024.000000,40.000000,39.232178
6000.000000,1.000000,66.000000,0.000000,1.000000,6024.000000,40.000000,39.232178
6000.000000,1.000000,66.000000,0.000000,1.000000,6024.000000,40.000000,39.232178
6000.000000,1.000000,66.000000,0.000000,1.000000,6024.000000,40.000000,39.232178
6000.000000,1.000000,66.000000,0.000000,1.000000,6024.000000,40.000000,39.232178
6000.000000,1.000000,66.000000,0.000000,1.000000,6024.000000,40.000000,39.232178
6000.000000,1.000000,66.000000,0.000000,1.000000,6024.000000,40.000000,39.232178
6000.000000,1.000000,66.000000,0.000000,1.000000,6024.000000,40.000000,39.232178
6000.000000,1.000000,66.000000,0.000000,1.000000,6024.000000,40.000000,39.232178
6000.000000,1.000000,66.000000,0.000000,1.000000,6024.000000,40.000000,39.232178
6000.000000,1.000000,66.000000,0.000000,1.000000,6024.000000,40.000000,39.232178
6000.000000,1.000000,66.000000,0.000000,1.000000,6024.000000,40.000000,39.232178
6000.000000,1.000000,66.000000,0.000000,1.000000,6024.000000,40.000000,39.232178
6000.000000,1.000000,66.000000,0.000000,1.000000,6024.000000,40.000000,39.232178
6000.000000,1.000000,66.000000,0.000000,1.000000,6024.000000,40.000000,39.232178
6000.000000,1.000000,66.000000,0.000000,1.000000,6024.000000,40.000000,39.232178
6000.000000,1.000000,66.000000,0.000000,1.000000,6024.000000,40.000000,39.232178
6000.000000,1.000000,66.000000,0.000000,1.000000,6024.000000,40.000000,39.232178
6000.000000,1.000000,66.000000,0.000000,1.000000,6024.000000,40.000000,39.232178
6000.000000,1.000000,66.000000,0.000000,1.000000,6024.000000,40.000000,39.232178
6000.000000,1.000000,66.000000,0.000000,1.000000,6024.000000,40.000000,39.232178
6000.000000,1.000000,66.000000,0.000000,1.000000,6024.000000,40.000000,39.232178
6000.000000,1.000000,66.000000,0.000000,1.000000,6024.000000,40.000000,39.232178
6000.000000,1.000000,66.000000,0.000000,1.000000,6024.000000,40.000000,39.232178
6000.000000,1.000000,66.000000,0.000000,1.000000,6024.000000,40.000000,39.232178
6000.000000,1.000000,66.000000,0.000000,1.000000,6024.000000,40.000000,39.232178
6000.000000,1.000000,66.000000,0.000000,1.000000,6024.000000,40.000000,39.232178
6000.000000,1.000000,66.000000,0.000000,1.000000,6024.000000,40.000000,39.232178
6000.000000,1.000000,66.000000,0.000000,1.000000,6024.000000,40.000000,39.232178
6000.000000,1.000000,66.000000,0.000000,1.000000,6024.000000,40.000000,39.232178
6000.000000,1.000000,66.000000,0.000000,1.000000,6024.000000,40.000000,39.232178
6000.000000,1.000000,66.000000,0.000000,1.000000,6024.000000,40.000000,39.232178
6000.000000,1.000000,66.000000,0.000000,1.000000,6024.000000,40.000000,39.232178
6000.000000,1.000000,66.000000,0.000000,1.000000,6024.000000,40.000000,39.232178
6000.000000,1.000000,66.000000,0.000000,1.000000,6024.000000,40.000000,39.232178
6000.000000,1.000000,66.000000,0.000000,1.000000,6024.000000,40.000000,39.232178
6000.000000,1.000000,66.000000,0.000000,1.000000,6024.000000,40.000000,39.232178
6000.000000,1.000000,66.000000,0.000000,1.000000,6024.000000,40.000000,39.232178
6000.000000,1.000000,66.000000,0.000000,1.000000,6024.000000,40.000000,39.232178
6000.000000,1.000000,66.000000,0.000000,1.000000,6024.000000,40.000000,39.232178
6000.000000,1.000000,66.000000,0.000000,1.000000,6024.000000,40.000000,39.232178
6000.000000,1.000000,66.000000,0.000000,1.000000,6024.000000,40.000000,39.232178
6000.000000,1.000000,66.000000,0.000000,1.000000,6024.000000,40.000000,39.232178
6000.000000,1.000000,66.000000,0.000000,1.000000,6024.000000,40.000000,39.232178
6000.000000,1.000000,66.000000,0.000000,1.000000,6024.000000,40.000000,39.232178
6000.000000,1.000000,66.000000,0.000000,1.000000,6024.000000,40.000000,39.232178
6000.000000,1.000000,66.000000,0.000000,1.000000,6024.000000,40.000000,39.232178
6000.000000,1.000000,66.000000,0.000000,1.000000,6024.000000,40.000000,39.232178
6000.000000,1.000000,66.000000,0.000000,1.000000,6024.000000,40.000000,39.232178
6000.000000,1.000000,66.000000,0.000000,1.000000,6024.000000,40.000000,39.232178
6000.000000,1.000000,66.000000,0.000000,1.000000,6024.000000,40.000000,39.232178
6000.000000,1.000000,66.000000,0.000000,1.000000,6024.000000,40.000000,39.232178
6000.000000,1.000000,66.000000,0.000000,1.000000,6024.000000,40.000000,39.232178
6000.000000,1.000000,66.000000,0.000000,1.000000,6024.000000,40.000000,39.232178
6000.000000,1.000000,66.000000,0.000000,1.000000,6024.000000,40.000000,39.232178
6000.000000,1.000000,66.000000,0.000000,1.000000,6024.000000,40.000000,39.232178
6000.000000,1.000000,66.000000,0.000000,1.000000,6024.000000,40.000000,39.232178
6000.000000,1.000000,66.000000,0.000000,1.000000,6024.000000,40.000000,39.232178
6000.000000,1.000000,66.000000,0.000000,1.000000,6024.000000,40.000000,39.232178
6000.000000,1.000000,66.000000,0.000000,1.000000,6024.000000,40.000000,39.232178
6000.000000,1.000000,66.000000,0.000000,1.000000,6024.000000,40.000000,39.232178
6000.000000,1.000000,66.000000,0.000000,1.000000,6024.000000,40.000000,39.232178
6000.000000,1.000000,66.000000,0.000000,1.000000,6024.000000,40.000000,39.232178
6000.000000,1.000000,66.000000,0.000000,1.000000,6024.000000,40.000000,39.232178
6000.000000,1.000000,66.000000,0.000000,1.000000,6024.000000,40.000000,39.232178
6000.000000,1.000000,66.000000,0.000000,1.000000,6024.000000,40.000000,39.232178
6000.000000,1.000000,66.000000,0.000000,1.000000,6024.000000,40.000000,39.232178
6000.000000,1.000000,66.000000,0.000000,1.000000,6024.000000,40.000000,39.232178
6000.000000,1.000000,66.000000,0.000000,1.000000,6024.000000,40.000000,39.232178
6000.000000,1.000000,66.000000,0.000000,1.000000,6024.000000,40.000000,39.232178
6000.000000,1.000000,66.000000,0.000000,1.000000,6024.000000,40.000000,39.232178
6000.000000,1.000000,66.000000,0.000000,1.000000,6024.000000,40.000000,39.232178
6000.000000,1.000000,66.000000,0.000000,1.000000,6024.000000,40.000000,39.232178
6000.000000,1.000000,66.000000,0.000000,1.000000,6024.000000,40.000000,39.232178
6000.000000,1.000000,66.000000,0.000000,1.000000,6024.000000,40.000000,39.232178
6000.000000,1.000000,66.000000,0.000000,1.000000,6024.000000,40.000000,39.232178
6000.000000,1.000000,66.000000,0.000000,1.000000,6024.000000,40.000000,39.232178
6000.000000,1.000000,66.000000,0.000000,1.000000,6024.000000,40.000000,39.232178
6000.000000,1.000000,66.000000,0.000000,1.000000,6024.000000,40.000000,39.232178
6000.000000,1.000000,66.000000,0.000000,1.000000,6024.000000,40.000000,39.232178
6000.000000,1.000000,66.000000,0.000000,1.000000,6024.000000,40.000000,39.232178
6000.000000,1.000000,66.000000,0.000000,1.000000,6024.000000,40.000000,39.232178
6000.000000,1.000000,66.000000,0.000000,1.000000,6024.000000,40.000000,39.232178
6000.000000,1.000000,66.000000,0.000000,1.000000,6024.000000,40.000000,39.232178
6000.000000,1.000000,66.000000,0.000000,1.000000,6024.000000,40.000000,39.232178
6000.000000,1.000000,66.000000,0.000000,1.000000,6024.000000,40.000000,39.232178
6000.000000,1.000000,66.000000,0.000000,1.000000,6024.000000,40.000000,39.232178
6000.000000,1.000000,66.000000,0.000000,1.000000,6024.000000,40.000000,39.232178
6000.000000,1.000000,66.000000,0.000000,1.000000,6024.000000,40.000000,39.232178
6000.000000,1.000000,66.000000,0.000000,1.000000,6024.000000,40.000000,39.232178
6000.000000,1.000000,66.000000,0.000000,1.000000,6024.000000,40.000000,39.232178
6000.000000,1.000000,66.000000,0.000000,1.000000,6024.000000,40.000000,39.232178
6000.000000,1.000000,66.000000,0.000000,1.000000,6024.000000,40.000000,39.232178
6000.000000,1.000000,66.000000,0.000000,1.000000,6024.000000,40.000000,39.232178
